section,gene,cross6,binary,oracle
A1,IGHG4,0.1887780717000667,-0.019265863445623647,0.21168293336660574
A1,S100A9,0.4078211493921172,0.16657666541773766,0.4500642437592497
A1,CALML5,0.033034896345787476,-0.04949069873189487,0.09936130037346574
A1,IGHA1,0.37986964037458515,0.4033694229630428,0.47084174165989523
A1,S100A8,0.03710258463545257,0.046627519847209316,0.055687880377513925
A1,IGHM,-0.14586929282125366,-0.27966675948524927,0.4034947355030369
A1,IGHG3,0.2933656607502224,0.27486860873147967,0.4068904867342841
A1,SLC9A3R1,0.16039074537213407,0.11596127716484632,0.23295527332057955
A1,FN1,0.2419070816896735,0.09902398904959536,0.26593943894920397
A1,MGP,0.32739947295526867,-0.23743933391558245,0.4654219942598193
A1,IGLC3,0.4038329680309461,0.31014534237014646,0.46414926484980995
A1,BEST1,0.025060716048842576,0.03706986538403714,0.1656370641797547
A1,COL1A2,0.2371859455163701,-0.040856155414581964,0.34761446298180315
A1,AP000769.1,-0.11311825550194106,0.0007660535900601962,0.22299019792147065
A1,PABPC1,0.17574365806361053,0.13127637392350977,0.23679968781503316
A1,IGHG1,0.2033302182661069,0.1125501254487703,0.3912459924855694
A1,COL1A1,0.3570853731886818,5.892841739367122e-05,0.39832588930718343
A1,ISG15,0.03477987899098061,0.14539468491644023,0.3264795284249681
A1,FASN,0.36491080312046004,0.30861248414975884,0.40319438576396044
A1,B2M,-0.09740480471026833,-0.10428286915776509,0.16616987120878743
A1,ACTG1,0.2614540299543497,0.2478757139584232,0.28822369697930766
A1,LLGL2,0.1604637921325026,0.1184808137661507,0.1822159433192173
A1,MZB1,0.009104884033365119,-0.02716137260886454,0.03508619174194729
A1,SCGB3A1,0.047467235617754615,0.04238567737447623,0.054752461331348
A1,COL3A1,0.13818515228896028,-0.03542506048737852,0.2361827745029571
A1,LY6E,0.079282358918463,0.04343455047453856,0.15093576243196188
A1,FTH1,-0.028163961021512647,0.028839800695003467,0.08909351852922517
A1,PTMS,-0.0661028206094673,-0.07804717943858526,0.21732933037203014
A1,TPT1,0.6164808153408606,0.49166125818129536,0.6370721263999954
A1,MUCL1,0.5893956557625519,0.3022195305707846,0.7176009128840938
A1,PSMD3,0.1500339622474029,0.06538971942285457,0.19736086648073503
A1,TAGLN,0.05219908021002821,0.06953732202725375,0.1687608238245675
A1,IFI27,-0.024211652918546683,-0.13571458241013268,0.15880682835530896
A1,APOC1,0.03884750925670054,-0.12206527419191605,0.16247169650151963
A1,S100A14,-0.41045695764127854,-0.10966041182733509,0.4850017834658721
A1,TFF3,-0.026887402143615922,0.20974044570866232,0.6055380510678785
A1,APOE,-0.23950975138115188,-0.25850590595217915,0.33690242508775115
A1,AZGP1,0.16099179869591487,-0.056365654292409716,0.24753584726974118
A1,IGFBP2,0.3635593618075759,-0.21149451450077558,0.6142328365278238
A1,C1QA,-0.10912040809481402,0.2233930572270588,0.28035377773311043
A1,MMP14,-0.11924579533279617,0.1103268170691608,0.18073339481129855
A1,HLA-DRA,-0.024632959837240846,-0.08763449904655249,0.1616671144021637
A1,AEBP1,0.16647054502019523,0.1494104838709122,0.2665239271038519
A1,DHCR24,-0.02889932431932449,0.017270760378106174,0.11846481489150526
A1,PHB,-0.04940846138752099,-0.044149883814656926,0.11796174238606748
A1,TMED9,-0.02435094808223482,0.06449020602251826,0.27837810792620893
A1,SPARC,0.15434024490448214,-0.13030216818073595,0.21578241400630552
A1,ATP5E,0.33382642458624373,0.2131099005784894,0.34665278150367923
A1,CLDN3,0.1703546247256218,0.011063300163475679,0.27110549176520504
A1,LGALS1,0.22532220953892612,0.20341785931990874,0.30276455365205573
A1,PSMB3,0.13984312268341334,0.11283871560910595,0.2446581944194013
A1,BGN,0.21306817460283914,0.2081115108783748,0.2711811492423165
A1,VIM,0.15581031015844954,0.11646231211846886,0.20300408724421923
A1,H2AFJ,0.22914055716336929,0.15056375190175195,0.40306907134203485
A1,GRB7,0.14702334002663317,0.17691022567388362,0.2004925203580179
A1,A2M,0.09545155231058347,0.17426857227899845,0.26393131913898216
A1,CYBA,0.23939309965036978,0.11691608728796136,0.2992465637167808
A1,DDX5,0.23571257219349218,0.28150254740930114,0.3755696481310773
A1,LTF,-0.06929974392754151,-0.08833249925920207,0.11410509515422249
A1,PNMT,-0.43580872446456675,-0.03725730225471571,0.5506470207821957
A1,GLTSCR2,0.09279776145163865,0.10752582931647547,0.1446354936290589
A1,IGKC,0.4510249839113693,0.3937181368388215,0.49345741828324485
A1,KRT7,0.10823616344050599,0.05054888631152939,0.23731808349463632
A1,EEF1D,0.05776001376731781,-0.050466964982150885,0.14608151670281394
A1,MUC1,-0.35923673399332695,0.14398411730325078,0.4346047424472762
A1,G6PD,0.01831797801244079,0.018181349722391,0.08274975778643112
A1,MYL9,0.1281086141330747,0.11032621955244147,0.22853873216340415
A1,COL6A2,0.23043365642480435,0.25470894766445573,0.2775303748743708
A1,IGLC2,0.09464594612345614,0.30930421588784,0.3466289408328216
A1,GSTP1,0.08041205911313076,0.06943553983648779,0.1270347569554297
A1,MIEN1,0.07548599188980361,0.04203405131421786,0.17574241778188904
A1,GNAS,0.2733156188852739,0.2561686101337896,0.2763377743903615
A1,MRPL27,0.07255512509799913,0.039101137034901375,0.14831323197262467
A1,IGHG2,-0.15807197431608122,-0.1288152934110367,0.2503517671666094
A1,ATP1A1,0.10474728793488564,0.07099245773129524,0.12108653908569059
A1,NDUFB9,0.37967860011018834,0.12242755538046907,0.39077095392709915
A1,RNASE1,0.12592189178992658,-0.10173061293696811,0.2538792496417965
A1,TYMP,0.06296474122318596,0.10761542377510469,0.12961474186961736
A1,IGFBP4,0.17588147522931863,0.18813018656410355,0.23218547767086764
A1,KRT18,0.07987453396649588,0.006734440878665186,0.14418182405751115
A1,C3,0.1760811168383352,0.2008575483130203,0.26490555379184194
A1,MYL6,-0.01684846368439067,0.00259815828635655,0.27286784890272947
A1,S100A6,0.2124802563430026,-0.12261121507110626,0.2696846466351173
A1,FKBP2,-0.011543090673685943,-0.027353353885776477,0.17866740658356464
A1,FADS2,0.02835845820149245,0.0280375256207794,0.12777518120614745
A1,C4orf48,0.01036234196418137,-0.087772264579557,0.1401960994990642
A1,SDC1,-0.048861649624619106,0.013804067162327788,0.13272837266565804
A1,SNF8,-0.13354810056932181,-0.1404547848370089,0.17685486460872507
A1,S100A11,0.15679499105535832,0.16057687660473483,0.1923674917654768
A1,NDUFB7,0.05738626170794291,0.03052034866168179,0.1068950701072048
A1,MDK,0.20343785199334272,0.11159370911940772,0.28610039953982586
A1,TUBA1B,0.2233009558526393,0.1894621111709956,0.28241375339445773
A1,MLLT6,0.38165301557491493,0.3729367750176288,0.4025329021108772
A1,COX5B,0.05736440480329597,-0.02002072697972327,0.1311502634629042
A1,CCT3,0.1031593616603954,1.5232702160641993e-05,0.24948905581598563
A1,PCSK7,0.03382906275245442,-0.055779005794805284,0.1340393980914661
A1,NDUFS5,-0.1353996900465909,-0.007442120468476352,0.22608733307026804
A1,PTPRF,0.03157400429084202,0.20664327622997966,0.5272520482574439
A1,TAPBP,-0.007894257690263754,-0.06059623292894308,0.231359690019476
A1,ATP5G1,0.17776168432566353,0.09261760871584515,0.19224183629367433
A1,COX6B1,0.0664744877939492,0.03382052836042752,0.15211989406450965
A1,SELM,0.16171546576343038,0.1430863166056265,0.1816881627094381
A1,COX4I1,0.03399084285055029,0.040390839196386426,0.0686313994277308
A1,TIMP1,0.22984307719417887,0.24279485094226927,0.26421381391970933
A1,POSTN,0.2796875101462231,0.07441003170359549,0.3116638457303851
A1,UQCRC1,-0.09530042169686319,-0.14605071418391938,0.1667058393335682
A1,PEBP1,0.17810702502458164,0.10239098529333265,0.23120469826974058
A1,EEF2,0.12909425001900948,0.13455157210349217,0.1720659379169476
A1,ATP6AP1,-0.009947839719710022,-0.02281085927766601,0.2057511787212881
A1,MZT2B,0.025042932923955707,-0.0838438084965971,0.1402234017823167
A1,COL18A1,0.1849910315608435,-0.07080484414713842,0.2547787791156579
A1,NDUFA3,0.08082762122000417,-0.0027643558344206272,0.2779533547765175
A1,CISD3,0.2911741091818701,-0.10164579345718527,0.45430545022730495
A1,RRBP1,0.0320461377005968,0.16576961954081104,0.17716939303041876
A1,STARD3,-0.2756957992560237,-0.27593885475983165,0.2967439890245393
A1,TCEB2,0.08671158761569137,0.07128138982348335,0.12887394010554454
A1,RARRES2,0.003314526966601699,0.08917693449056545,0.11859184119569384
A1,LGALS3,0.13457318562754128,0.14624716353943504,0.16666693614419634
A1,HSP90AB1,0.45189512909721335,0.4475187679696152,0.47492806367000345
A1,TPI1,-0.2136502476300466,0.09075330057127892,0.2731879349057247
A1,PKM,0.09783465885791565,0.1029585368862324,0.1653462153445309
A1,PRDX1,0.18377271830547176,0.13696721536223758,0.2019601916646455
A1,QARS,0.04795256104908127,0.028006836355639764,0.09150126385935738
A1,ERBB2,0.3842004027284662,0.3988014832520668,0.5640749866846925
A1,TUFM,0.20278005565798038,0.19326682675321932,0.2328456266005269
A1,COPS9,0.07042616688007969,0.019454530767567296,0.2596669483031934
A1,HSPB1,-0.21521095298249845,-0.12754172008411874,0.36097064120913497
A1,CLU,0.21760540551882213,0.1958122142726334,0.2931375306960869
A1,LMAN2,0.04879856656783903,-0.018185421743484986,0.23570392542581892
A1,CHPF,0.019000852468139644,0.030336751739137646,0.1523259842276175
A1,PCGF2,0.07760372511394596,0.0800313686289082,0.17081565289152312
A1,UBC,0.08202905596609807,0.03465286776981593,0.14283101044378127
A1,IFI6,-0.06341940512338175,-0.062080632514665085,0.08026889765712598
A1,WDR34,0.2591666730613994,0.2413965910443014,0.3735239892047982
A1,PLXNB2,0.13795641662904345,0.09129072431526394,0.3110713152782583
A1,ADAM15,-0.009612003614101692,0.12979210099885152,0.17942723089939083
A1,CD52,0.17863457935801227,0.07078211730688065,0.30162652944335766
A1,GRINA,-0.038754590639164706,-0.10601535429681028,0.2809440831391251
A1,STARD10,-0.15009635587849454,-0.006688297609641489,0.344060954079503
A1,CTSB,0.14399924776192977,0.023468396644031622,0.19661053053731029
A1,TAGLN2,-0.4208576302790589,-0.22566933240010134,0.45711553782576303
A1,HLA-A,-0.06673691794618801,-0.11169122249755598,0.16615228248455577
A1,ASS1,-0.024927858530443908,0.061598512629347554,0.18586711427189778
A1,ATP5G2,0.010322513582039658,0.017824964933189035,0.13908023412758405
A1,H3F3B,0.027111916024001967,0.0027168855549209035,0.10868645706066098
A1,HLA-C,-0.11419679302100744,-0.16539695317999817,0.21055054934849526
A1,CD81,-0.010550453721747443,0.08952115910297476,0.1232836132170765
A1,ATG10,0.2767065030083412,0.15289696598963873,0.30611023257396386
A1,NBL1,0.04895200928137563,-0.06735858964681099,0.1090309322415636
A1,C1QB,-0.014612701716886972,-0.0731706177625417,0.08110003931253008
A1,SCD,0.43908622401228986,0.3186191504460851,0.44849511561933486
A1,PRDX2,-0.08915339754705259,-0.10240145257860789,0.1141835648088476
A1,SSR2,0.23339206375762253,0.20092483373933379,0.24429592555992927
A1,NDUFS6,0.050610506602133315,0.02684239973463489,0.1549994439034306
A1,CCND1,-0.05599312648869312,0.039337487323426616,0.11112882892227909
A1,SCAND1,0.08295358893822463,-0.006829813557747169,0.20553906435919525
A1,C12orf57,0.02623516102175626,0.169739970173187,0.2316431133663098
A1,ORMDL3,0.17736941600373465,0.06311738556043518,0.22503063878759416
A1,PTOV1,0.10513704784795813,-0.03584592439525177,0.17380151968691043
A1,XBP1,0.30724588196755437,0.22093400882196776,0.34339313993778964
A1,SEPW1,0.1648528130330954,0.044592803619867054,0.32098402916973745
A1,NUPR1,0.19269946135290053,0.04874981707535744,0.2084128565299458
A1,HLA-E,0.1294471563592018,0.19141225300225942,0.24543216820853275
A1,COPE,0.16242917369542964,0.21920629150062299,0.30995844064977157
A1,COX7C,0.2676731759856642,0.21207598795532948,0.3415094281829136
A1,ENG,0.14222478488691562,0.17051917279056097,0.21375087602915493
A1,SERINC2,-0.06537877598834867,-0.04404536152212745,0.14820456496551582
A1,GNB2,-0.030648395280791562,-0.09335034312328079,0.17399754435384399
A1,DBI,0.15454217365983428,0.11310247377913304,0.17304702075371214
A1,BCAP31,0.02888621031605705,0.00010929123369905252,0.0990484469377092
A1,TMSB4X,-0.011047007897032302,0.0007160644528718339,0.14232776023953503
A1,SQSTM1,0.13877610100505558,0.09946693571091207,0.2158055437434654
A1,PRRC2A,0.06217530169876351,0.09847094870305366,0.11060254396394299
A1,INTS1,-0.022200575173652023,-0.05967305355497323,0.24702654443218341
A1,SLC25A6,-0.17131672678860235,-0.1456129091077407,0.2785877603727874
A1,PTRF,0.11764973221443066,0.14136503593337776,0.21262034526020798
A1,LAPTM5,0.08316250751063324,0.1923928744029141,0.2155996479406027
A1,LUM,0.04665787811411405,-0.019739306456084467,0.0991011670230613
A1,MMP9,-0.1243129866944977,-0.09611898198458706,0.1351777351319261
A1,PLEC,0.08857753298336077,0.13227705421989827,0.1436778392481451
A1,TUBB,0.29441557796015183,0.25209136083347683,0.3671519873813064
A1,MRPL12,-0.06958786028380808,-0.10389268575200501,0.1944630438497586
A1,GUK1,-0.021804404230150103,0.013354677557763716,0.12943017334963963
A1,ACTN4,-0.008860581193333345,-0.1421424755340972,0.22016183177641946
A1,UQCRQ,0.23755472460041752,0.07484109394129605,0.3304822909956298
A1,ATP5B,0.25190921816898826,0.24884747378814273,0.25506219193749524
A1,CHCHD2,0.060711011377525104,0.1770127644711729,0.34749382750433083
A1,IFITM3,0.06487135780546653,0.12076146412178436,0.19563210983606902
A1,ROMO1,0.15635825231604303,0.026563462395193492,0.18068299433130358
A1,LRRC59,0.06782969328071028,-0.01987136429689476,0.11515366744530624
A1,EIF3G,-0.029994297396023755,0.03281357575660252,0.061387526430565845
A1,RABAC1,0.017377022308018793,0.14516151348130993,0.22552418139280925
A1,UBL5,0.1492297101988874,0.0499420380508569,0.23455239228220173
A1,GPX1,-0.08459004448572775,0.015004235471976815,0.1972625066668377
A1,ARHGDIA,0.020580090046295067,0.018285954318106205,0.10175038205462887
A1,LGALS3BP,-0.05123321967348294,-0.12032920787261772,0.1655696271950247
A1,HNRNPA2B1,0.27711626340504764,0.2756513815797291,0.29096388886382757
A1,ALDOA,-0.11735243647206407,-0.09593687424378831,0.19645806521587336
A1,CD99,-0.020945189209699844,0.004121233435937607,0.05227161930085832
A1,CTSZ,-0.20729856352696374,-0.08265303613566992,0.27777515872523056
A1,DPP7,0.11826635924842377,0.035273213661477835,0.13883123403505038
A1,CD24,0.31837839061882944,0.3705108450963466,0.40159563505634704
A1,MAPKAPK2,0.05952665781271755,0.0076203462392708185,0.1349877436973726
A1,HLA-DQB1,0.01913628485490665,0.056975780188937404,0.18858774761573832
A1,HLA-DPA1,0.020560465177332794,0.16760490189249677,0.20600211757151818
A1,PSMB7,0.017554514382946633,0.005233697757100979,0.039559149903769686
A1,CAPNS1,-0.002969781649089924,0.05705761824644112,0.15553548992059263
A1,NDUFA13,-0.03246691153565889,0.006547925083526684,0.09647720264216031
A1,IGLC7,0.2498065898050231,0.055423009096563135,0.3309981944800399
A1,PRSS8,0.07424927303244694,0.08477167955399675,0.23942404655280916
A1,POLR2L,-0.04947745242678351,-0.0695472202977396,0.13388907769523906
A1,HLA-B,-0.1834645545974939,-0.23820350190423836,0.26829117574504635
A1,FLNA,0.1630668748012425,0.1825863609788239,0.2116263104397369
A1,SNRPD2,-0.2401447162715043,-0.11614795670052823,0.27147338835816837
A1,CAPG,0.06043267358981007,-0.0007992371029642492,0.1673306233407408
A1,VAMP8,0.08081879239212986,0.04482853575865902,0.14425174386363307
A1,APRT,-0.0008476098092552387,0.11184276967079193,0.16451820628856026
A1,PLD3,-0.03291027845937762,-0.06074478359672008,0.13168522586829265
A1,SPDEF,-0.026571126244507845,-0.048899561360234226,0.13045618855106259
A1,EIF4G2,0.11888357473762888,0.12061169730701826,0.1712757567651146
A1,HDLBP,0.1172441511821492,0.043997205340071316,0.17895355559036025
A1,CTTN,0.26034588731459657,0.2507504044038777,0.27765070946945336
A1,VWF,0.06834854856067715,0.15573958707183114,0.19078011596891647
A1,RHOC,0.03950091242885281,0.07580926057713883,0.23649074884472607
A1,PPP1R1B,-0.48591484448119665,0.17135558055565442,0.5086761267605848
A1,MAP2K2,-0.035702501586229334,0.19194370837127883,0.25203845191457397
A1,FXYD5,-0.015554355800681633,0.01738744614973571,0.18158433890686573
A1,PGAP3,0.10517247076132966,0.09183478494185711,0.17847975203325106
A1,UQCR11,-0.12678244131129734,0.005820939524718023,0.19021447709396597
A1,LMNA,-0.0933272312984719,0.19393102825911254,0.3294480865782572
A1,ZYX,0.07554202192062219,0.08265335493628301,0.16430812554556928
A1,TSPO,-0.22444529597830484,-0.17653237789623283,0.27494812796810864
A1,NDUFB10,-0.09801668577085734,0.03279660062835007,0.18323205542064513
A1,SEC61A1,-0.1912643718525985,-0.107265804489402,0.28046842591391136
A1,CRIP2,0.19177452956311666,0.14302624194573615,0.212629410408697
A1,CLTA,0.17435472904227597,0.09018805200048079,0.22885557860110828
A1,PRELID1,0.06498705377183446,0.17778569616614645,0.22156950715235543
A1,ENO1,0.00043651769393663936,-0.0172962793182489,0.19501570509490915
A1,ATP5I,0.012636976334914691,-0.036169883062453,0.15629325908880767
A1,MIDN,0.1129082065651388,-0.08908068570826815,0.2787850468608834
A1,ATP6V0B,0.03342075044211531,0.013604940815625617,0.13873853308162648
A1,H1FX,0.14842412753409667,-0.018557882366981953,0.22654153895724735
A1,NDUFB11,0.032560242192510094,0.04613102132480979,0.09206806530816625
A1,IGFBP7,-0.13878783174925716,-0.00788876107503468,0.2905823383772739
A1,SPINT1,0.1276878928211617,0.12504976251708352,0.26576769891343144
A1,TSPAN17,-0.05094463556535751,-0.06903410151048327,0.13324858101747314
A1,BSG,0.1319949862107182,0.1527254369036776,0.29934455130266713
A1,TPM2,0.057690005090466324,0.030231102030696233,0.1625394180411499
A1,NNMT,0.197867134184884,0.18134258987955126,0.20686026115910505
A1,EIF3K,-0.017444154782927768,-0.020074509159888905,0.07422950327670966
A1,HN1,0.05408875858176144,0.06074702827363983,0.09351376514427413
A1,LSM4,0.01633897954382331,0.07442297377176446,0.19618063235223043
A1,CXXC5,-0.3938121378650467,-0.11039640784781911,0.41944215552478364
A1,KRT8,0.06741298317504184,0.031585060705707386,0.18045360403832172
A1,ACTB,-0.1002184301892835,-0.14906357495879474,0.19412763895886648
A1,COX6C,0.3094597238944275,0.2187760751788643,0.3171469023321017
A1,MYH9,0.1452283783954458,0.08877097666646697,0.19273632884072897
A1,AP2S1,0.046811750785432794,-0.05850256727645444,0.08697493168721383
A1,UBB,-0.012906107093326428,-0.020343147213345302,0.08015234207270847
A1,CD151,-0.1695899189138182,0.02864247257882517,0.2067665961876828
A1,BST2,0.11728190648099851,0.1473925915618442,0.16841017576497008
A1,HSPG2,-0.019615077979828074,0.17072992694208367,0.2969462625387248
A1,DCN,0.1025815979030514,0.11424589814869632,0.28655127618722465
A1,SAP30BP,0.004846010193451402,-0.011076095994210524,0.07085683245188933
A1,MVP,-0.09522093445688312,0.057279066174275896,0.21645676867558367
A1,PTBP1,0.14173570483608353,0.18699261149011168,0.2518913978393442
A1,FBXW5,0.22430784662369527,-0.016515608501851905,0.251472388504286
A1,NENF,0.17422541932467941,0.03594363540920756,0.187750446250987
A1,IDH2,0.10126128252238338,-0.08909309327448182,0.1944184548499734
A1,CIRBP,0.04326946301593167,-0.015837903939478756,0.11645395731746044
A1,AP2M1,0.04947363130091104,0.05314423933232874,0.11159613065828575
A1,FXYD3,-0.10551275317386825,0.08246651840648855,0.19464839997706923
A1,ELF3,-0.0411896425639192,-0.04173425882126728,0.10182482557528105
A1,CST3,0.005417437075348431,0.024054237981376906,0.11247131949977231
A1,HM13,-0.06077531568029275,-0.09402165372268366,0.195754008960608
A1,PFKL,0.14474640300005445,0.03777822245241193,0.17549945681492246
A1,ATOX1,0.0831048006920965,0.04965020622732623,0.15701519615707762
A1,AGPAT2,0.20667950743347951,-0.18945825410203537,0.3456289932795885
A1,RABL6,0.08682059929551904,-0.055342258115593915,0.13098428168220608
A1,IER5L,0.049251473072761176,0.04233354590119213,0.11936847256173251
A1,ENSA,0.006778977036795166,0.03565254909010821,0.15486721090734754
A1,SPINT2,0.20652092529214192,0.20153786439645083,0.2956920081613671
A1,HADHA,-0.05186661256406835,-0.03317067832803847,0.18090416216027916
A1,RALY,0.10723235284161972,-0.02434652078278321,0.30256433529429505
A1,NDUFA11,-0.00724969932539439,0.09409919061050971,0.10730639188962282
A1,ERGIC3,-0.0008251562639898516,-0.0029441908106036868,0.09172899440588846
A1,ETFB,-0.035688093442198844,-0.13129019260794458,0.17422330950088186
A1,RARRES3,-0.10833051238332429,0.008937198183835076,0.1632514400447939
A1,NUCKS1,0.1358772799391471,0.051199772925318326,0.16562273485719053
A1,PSMB4,-0.014611329927231447,0.015800095301407278,0.20241932329725745
A1,SYNGR2,-0.1311154049169034,-0.11949411041649265,0.21532517435845006
A1,PSMB1,-0.06459600511835936,-0.026475610844886206,0.24300760285436457
A1,C19orf70,-0.002842530562830252,0.1299078364446,0.19067000343255516
A1,WDR83OS,0.23553980411833042,0.23849440548422843,0.24486562763011313
A1,CLDN4,0.08612917088463062,0.002547720849560067,0.3411017710694917
A1,EHBP1L1,0.18436456449253086,-0.03173037926654514,0.19934341589690566
A1,IER3,-0.04540475899446313,-0.0662133215170542,0.1164217337911526
A1,TIMM13,-0.0177612567040148,-0.007331035013515494,0.05381998987349478
A1,CLIC1,0.008292339414838697,0.005221597784850646,0.14068834544572958
A1,PTMA,0.19763906998617875,0.21084080344304867,0.2135524644596546
A1,EIF4G1,-0.21134478707434293,-0.13971667885011468,0.24066339529997502
A1,ECM1,-0.05391172507181064,-0.048403194731828046,0.09468899728157255
A1,PFDN5,0.12895971126790795,0.05881522410187212,0.17101376433723522
A1,GNAI2,0.13895647772929498,0.16572367797496698,0.2138792302874781
A1,GRN,0.1659717441837599,0.04874202506399492,0.16735957711609584
A1,PSME2,0.0912570473133767,0.09729679264241374,0.10311084635614048
A1,EIF3B,-0.054717526558669655,-0.09698971866554157,0.2358012378520236
A1,AES,-0.05306782502530506,-0.11462565653270008,0.19459322448478109
A1,ECHS1,0.1411971503194492,0.034652661959414806,0.2414354380740226
A1,SERPINH1,0.13228019027220503,0.05811533249760529,0.18991264206878797
A1,UBE2M,-0.01841763798247095,-0.11222749716012737,0.214339737508478
A1,PLXND1,0.23098509724432117,0.1871209269041548,0.30174818807458287
A1,MFSD12,0.05165417140042471,0.009261055336966082,0.13962494723259677
A1,KDELR2,0.05031651727332944,0.046715796890323576,0.14330386488403551
A1,LASP1,0.04461561700043821,0.03831056469026626,0.07144820907204259
A1,EIF4EBP1,-0.11322207926596646,-0.09450939231117429,0.18767948754030617
A1,MRPL37,0.05566214665652463,0.02701987368557728,0.189929564910932
A1,FLOT2,0.07496718625469645,0.1050358975307401,0.32422951418477525
A1,JUP,0.09890253177335431,0.004060426863928986,0.21483942578707763
A1,HMGA1,-0.09846871954413,-0.14439004096910094,0.17703663603858927
A1,EVL,0.11384635465150897,0.005012337475736551,0.19870037642432145
A1,SERPINF1,0.09264140249436392,0.07862194407672302,0.1392949453696665
A1,MMACHC,0.1736938626191987,0.08425383007742723,0.26010771862601106
A1,COX8A,0.026120162758663232,-0.0614652966440764,0.12612264089033556
A1,HSPA8,0.013052321359353122,-0.03184804786802151,0.12841565803385763
A1,HLA-DRB1,-0.20469586838944878,-0.09803872235373969,0.24366969958719778
A1,DDIT4,0.2957041362079891,0.16447625122607926,0.3042718749720626
A1,SLC44A2,0.08336703199950385,-0.010622134592727586,0.3510807421457001
A1,PSMD8,-0.011876074729459743,-0.10594161949876417,0.3072639815154482
A1,CIB1,-0.07143772186716046,-0.004326778062380106,0.1733538815311334
A1,SNRPB,0.10145026068250787,0.04264077841490663,0.22913516616516616
A1,ARPC4,-0.05916971960274707,-0.07334429668720348,0.0946145510405712
A1,SLC2A4RG,0.05914741916648714,0.014465526482886546,0.11614762562983316
A1,LSM7,0.06927194949190027,0.020475109066998665,0.16930095461999622
A1,SMARCD2,-0.0006681943798941915,-0.009404183171756059,0.10749873551148918
A1,KDELR1,-0.11642445117614318,-0.16411664266351397,0.2308054191110471
A1,CD68,-0.08212547121124185,0.136196141646917,0.16806041077472028
A1,FAM20C,-0.014124493112006871,-0.08706374984630579,0.14565170031383579
A1,UQCR10,0.20614508215484198,0.14212368922278704,0.28308531587272123
A1,EVA1B,0.08262355637277341,0.05800805612281657,0.16441789155440736
A1,DUS1L,0.07415495699355036,0.012015970466301009,0.18164575562288784
A1,PLOD1,0.08544949257218865,-0.00202554077090056,0.1184773305339587
A1,PPDPF,0.14502768476931027,0.2034004389849455,0.2145406286982266
A1,EZR,0.2846358540318087,0.2621543652343188,0.31003026302837694
A1,ARPC1B,0.03758489327465224,0.005564848042106277,0.1407680201559101
A1,NME1,0.14765226212862742,0.09388413947258133,0.1875926905824338
A1,CFD,0.011864272535691393,0.061844871184261414,0.10827436858611773
A1,EIF5A,-0.04359693227864769,-0.1057661795643562,0.13703918212639016
A1,MYO1C,0.022688234343186786,-0.03868098677842758,0.1269004478677765
A1,CD14,0.14336459027114914,0.2588255526107563,0.2735492118876505
A1,PCBP2,0.21671446908270195,0.13889474671690802,0.3562173688292804
A1,NECTIN2,0.011643081176824327,-0.03732117872759142,0.24379871924102037
A1,S100A16,0.07710350992127107,0.06939906163029926,0.12420321829773028
A1,MBOAT7,0.09011064107002649,0.09259478658558123,0.15548953398376902
A1,LAPTM4A,0.017961802485906765,0.04580673656553156,0.14058559733296674
A1,LPCAT1,0.1375715712695338,0.16846403467555313,0.20899841217477974
A1,NDUFS8,-0.05949919271147292,-0.059998668253952725,0.14428115931662583
A1,CSDE1,0.13107737314101237,0.10664863757873289,0.1921971901807253
A1,SSR4,0.18486742881132917,0.05945155256612503,0.24817066526814713
A1,MRPS21,0.17936760061229898,0.15041557696404864,0.22798053303950983
A1,FDPS,0.07703157846155989,0.0033772302120970085,0.14581387470167667
A1,ITGB4,-0.19489050374058542,-0.0886268378918522,0.33672149326766093
A1,SRRM2,0.2843483427158655,0.24738795766638302,0.33083589915439965
A1,ARRDC1,-0.03354030708731693,-0.04643759965163112,0.1345726821022813
A1,MAP3K12,0.039389092740437594,-0.2149238177690891,0.2888399855100638
A1,CD63,-0.06074818059839823,-0.0646883914033246,0.10607579574599604
A1,ATP5D,0.0681694942322163,0.012199098237577944,0.15545419070689795
A1,CERS4,0.18639859132818162,0.0784814078626849,0.23004396221688958
A1,AUP1,-0.0613569434153896,-0.030807948229986643,0.11847981827843443
A1,TRIM28,0.039549661306605595,-0.06864220600753328,0.16256613273303297
A1,NR2F6,-0.022295502460815332,-0.03467209105987888,0.10240705976522886
A1,SDF4,0.014141094077187928,-0.027437820565617735,0.23926738762294594
A1,PTGDS,0.22676433241981897,-0.05121375220787337,0.32827767783001444
A1,SNX17,0.01351818924094225,0.09172312410120895,0.18111869893302085
A1,PHPT1,0.027689137971396556,-0.09138345726992658,0.15607469840735788
A1,VCP,0.05614768536481548,0.04203693213610264,0.10339218333034404
A1,JCHAIN,0.18791954906738986,0.2001533070584146,0.2681165935837258
A1,ZNHIT1,-0.05026932206515856,-0.13949653407217114,0.19712905470202235
A1,CDC37,0.09584523961912368,-0.04289713264859235,0.2135982272225954
A1,TNFSF10,0.022444018678964107,0.031706482181292996,0.08301799776128761
A1,CYC1,0.14211881700361484,0.03335936141171367,0.23076872657506683
A1,ACP5,-0.0352299761177546,-0.05314021350282824,0.09186791879079326
A1,CLSTN1,0.2396972143105231,0.19115248075834693,0.2529799708399887
A1,MZT2A,-0.02294808386727646,-0.11654946408744943,0.19387134139664716
A1,AKR1A1,0.13291101104122802,0.09079049448020157,0.20895394704299566
A1,ZFP36L2,-0.09422149789101335,-0.062075908225343084,0.14891555327712672
A1,GADD45GIP1,-0.004569816056733232,-0.06216759689097231,0.07142087852675762
A1,FBLN1,0.051885122236786985,0.14317570081430486,0.2462291915548376
A1,NRBP1,0.056040863922905394,-0.1397678525320012,0.3205042583196976
A1,SLC16A3,-0.07527837256700912,-0.0052595680722278965,0.14900924357355722
A1,PPP1R14B,0.07207168026500711,0.008377872454090263,0.09644335158833438
A1,ATP5J2,-0.05769980366963695,-0.08005618474084328,0.21745510055216852
A1,PRKCSH,0.05426555673853242,-0.14763296292482,0.24632114079880604
A1,CHMP1A,0.13123776511019786,0.10766004411235153,0.21734422261197142
A1,CCDC85B,0.10104351328351312,0.12579128024699607,0.13594528481685508
A1,GAA,0.05317766227640722,0.059122167750567924,0.08696258519554663
A1,CENPB,0.0801472939780189,0.08803502262496767,0.2385953913474962
A1,PRDX5,-0.027461447464622035,-0.019837899953141586,0.08178872731570112
A1,PSMD2,0.10239156726283768,0.15362076742243874,0.20027777189300314
A1,SMARCA4,0.06309959209777964,0.07486992563555846,0.1253384657697068
A1,HLA-DPB1,-0.11501642144733175,-0.13369055728276813,0.22883737673139024
A1,CHD4,0.1724468339316832,0.19757368767952108,0.23429172142037666
A1,DDB1,0.05985623744806202,0.046623460929410304,0.21071404241865024
A1,VMP1,0.3768769310200494,0.27605226000967054,0.3814663667215157
A1,PHB2,-0.057857636879986546,0.13511565420346347,0.2463741219777696
A1,WARS,0.08659864416576483,-0.033060054703829916,0.23056188797835772
A1,CLDN7,0.013890548717172874,-0.0008365322084643138,0.10243734983174194
A1,ELOVL1,-0.047047694378443895,0.06416719836704213,0.3087758295363991
A1,RNF187,0.028800893769034885,0.05685174826087367,0.1406824287464049
A1,C9orf16,0.0418924448535388,0.012077617713700584,0.08353451579554452
A1,MAN1B1,-0.08995585348238547,-0.14133560012292937,0.17521585454810662
A1,HID1,-0.10191955682447856,-0.08393949181813627,0.17780333270825238
A1,TMUB1,0.19088857879705018,0.06669922414731323,0.2015818255340269
A1,RNPEPL1,-0.0659936906665937,-0.08243613019700993,0.08620781646278834
A1,MBD3,0.07987145859545458,-0.006630930311296616,0.15532297110209578
A1,BLVRB,0.09588071077350271,0.016202732896638483,0.11193773654145804
A1,PDXK,0.007459242573760761,-0.03819473413816,0.23854683105016722
A1,MRPL28,0.20472428976135454,0.1392602741610133,0.21505391230427218
A1,SYT12,0.08405216221373057,0.032734737460371505,0.12375897942118416
A1,STUB1,0.10349489618181078,0.09832219590497904,0.17050569720946784
A1,IRF7,0.16436249528072214,-0.00817394728141193,0.2770271339835894
A1,CHCHD10,0.24315986520369012,0.058483841998965704,0.27830900123982627
A1,MRPL41,-0.06633141807959018,-0.25285929548425123,0.2699505972984701
A1,PSMC5,0.06244688939918041,0.07109140094433061,0.11075423593990036
A1,AURKAIP1,-0.06725673927144667,-0.1265628847645197,0.19055608107085278
A1,MRPS34,-0.10523367035451434,-0.08900252644484428,0.1928008536084607
A1,NELFB,0.015393916952288865,0.010622635575030454,0.050289628725484224
A1,ALKBH7,0.19983948336596605,0.20226301294479357,0.2774837269839892
A1,INF2,0.08739172243169728,0.17633685855375744,0.2528958596210866
A1,NACA,0.33550510460428984,0.3402705391738884,0.35149694629028516
A1,LAMTOR4,0.07122589412547531,0.06517083978693591,0.17561672689711705
A1,ACADVL,0.01865874749427412,0.021070836098636008,0.1508455696632512
A1,RAD9A,0.14872998122752504,0.1725702843271725,0.17557811489803923
A1,FAU,0.03601067388892201,0.10115388501395471,0.2429170441981225
A1,MFGE8,0.09392177613502337,0.013919552993342257,0.12680511683342147
A1,C19orf53,0.06705757641780986,0.09331987943316356,0.15954134817704427
A1,TXNIP,-0.1966077064404558,-0.20112196881881605,0.4864446184739847
A1,C1R,0.15523879436836538,0.1546859786591216,0.17661912187280215
A1,POLD2,-0.038635654283865804,-0.04199703861028267,0.12016471114011758
A1,NDRG1,0.19523902919088548,0.1230674768479168,0.19760346839192222
A1,APOD,-0.1988748112595824,-0.24546601022340062,0.2970052559833128
A1,HLA-DMA,-0.0853662372320723,0.155997704303652,0.19894421611769778
A1,ZFP36L1,0.187540257938457,0.20429700158302216,0.3082612471851052
A1,BUD31,-0.04587788776249546,-0.029862823612752915,0.07345303164830475
A1,SOX4,-0.027628807587166,0.02535634191311426,0.2449145593512454
A1,SERPING1,0.005559035966756517,-0.08111117279347721,0.18258227877326288
A1,HSP90AA1,0.3769278118344894,0.3285096442070084,0.3929993989730224
A1,PERP,0.5336179165546965,0.3228908496908481,0.5707801819330027
A1,PTPA,0.007304142518173454,-0.004253881859179444,0.08496557999550512
A1,CD74,0.08714367963240999,0.1371941917463921,0.20233761363554725
A1,S100A10,0.1159947966042016,0.1928024931133606,0.21192681649543973
A1,CLUH,0.07393963327081221,0.06429115018802756,0.1957332257920754
A1,EMILIN1,0.1916963539079552,0.25922948958602204,0.270286935308486
A1,HCFC1R1,-0.029982275292195302,0.132158987201102,0.3477929859563368
A1,MCL1,0.04762668291097875,0.10593938575225656,0.2422884948768032
A1,PGLS,0.06983981122728516,-0.05351446649837459,0.11804339077164874
A1,LRP1,-0.0040267277758404664,0.1306730811268776,0.17531522810408884
A1,COL4A2,-0.06199752723442428,-0.042416050600460414,0.15311800515364068
A1,SMIM22,-0.04947883327356675,-0.06391568679951966,0.15595140238851063
A1,PCOLCE,0.1305345804131935,0.04451564733206407,0.1451427548081493
A1,MMP2,0.03523747593776598,0.14616834761247766,0.20649557241693273
A1,SH3BGRL3,-0.024370942619852065,-0.0013917535842868044,0.1986683465450084
A1,DUSP23,0.13513119270166246,0.05119440321402698,0.1566454688063455
A1,MARK2,0.049119505772653255,0.019438218610882872,0.0822267383709522
A1,TUBB4B,-0.01851697692062191,0.016346786892356656,0.049887186016135
A1,CCL19,0.10122086532483206,0.1901881558096996,0.2945655545243988
A1,JUNB,-0.10961600584273276,-0.1464765488448541,0.18377603990547964
A1,APP,0.023182642964672637,-0.0016838683533133944,0.11773377046555028
A1,CREB3,-0.03706416213029306,-0.0008133482985705989,0.19886148721098748
A1,NPDC1,-0.018426212638235438,-0.12504915837375763,0.13914409213983914
A1,THY1,0.17352734840574371,0.1332908603694786,0.2398775822025184
A1,COMP,0.034120771418824684,-0.17827577247610427,0.3133195323372577
A1,ARHGDIB,0.027001701478337813,-0.07646373468292927,0.12324839334881121
A1,GPX3,0.19986228073134601,0.07264531417646587,0.2308593496714392
A1,MCM7,0.07139603485814185,0.21827253769421118,0.26267732313386055
A1,TMEM219,0.1670194471324855,0.16857449307788483,0.17251241959406682
A1,MSL1,0.08668084332660422,0.046886563100266454,0.14390794423473915
A1,S100A4,0.0006358660891904997,-0.025201407147417573,0.07211440513814427
A1,COLGALT1,-0.06997602967380068,-0.06350401005141051,0.12257568281872112
A1,KIAA0100,0.1563063482184375,0.05996239262094145,0.29167698708149553
A1,TRAF4,0.03810105812173768,0.04065445030644528,0.3406486046269708
A1,ANAPC11,-0.029987651212268252,-0.04797891162456628,0.12781646319069076
A1,MYDGF,0.10124266504293733,0.12300890960070689,0.16997142793608186
A1,C1orf122,-0.07535529870130285,0.1609373638128171,0.2977637100072312
A1,FBL,0.0377683001655493,-0.024391119274441514,0.11789966579756454
A1,CCT7,-0.035260436577521495,-0.06750286147927048,0.1797324648778293
A1,CHMP2A,0.08956772722354231,0.057698147345682994,0.14847527697859422
A1,SSNA1,0.12355206914508816,0.05169045849354439,0.20483878464637942
A1,C7orf50,0.04635750326160356,-0.03489390984309853,0.1203283211136223
A1,RHOA,0.15852767265706336,0.1418727218791937,0.17691394887470543
A1,SREBF1,0.16796273030386905,0.21567500338063034,0.22319160538221927
A1,NUMA1,0.10995596118521886,0.06813159570002288,0.15673648444486396
A1,NOSIP,0.0012294254860122855,0.047835983371856704,0.10241113772167458
A1,PSMB8,0.06538713428785958,-0.044565161996286906,0.12789618611838063
A1,B4GALT2,0.0019010193985040304,-0.06031109423018937,0.12010933247509924
A1,LAMTOR2,0.10283877854139489,0.09804122053439542,0.13207072405084755
A1,NME3,0.18244231594945412,0.1645723214467538,0.19732304261866734
A1,SSU72,0.043708896272405345,0.026202763164344656,0.05813886565354762
A1,TYROBP,-0.02596855002191792,-0.1255744518190298,0.1431731821867412
A1,PKN1,-0.10449557132088495,0.01264153057079682,0.10741653213075956
A1,CCL5,0.007300312459403171,0.05831482975091164,0.23436195067819593
A1,VPS28,-0.08343960184067102,0.07506675547131797,0.1636547357108254
A1,NDUFA10,0.1509887171266649,0.11265076001172916,0.15594263906613462
A1,SPTBN1,0.03440018794186248,0.02196305621188476,0.061425451425136876
A1,RAB1B,-0.06466187897384602,-0.02012595914986935,0.19093911705212044
A1,PPIB,0.09366051666054925,0.15740662782509943,0.17775518854156683
A1,MGAT1,-0.04731463185554652,-0.1251028507182484,0.1683063291049447
A1,EIF6,0.05134412986651774,0.01700376398395969,0.2192813756111891
A1,PPP2R1A,0.07539735547229148,0.05966555790647326,0.12189423179619516
A1,CTSA,-0.020290659555037196,-0.03341046226278971,0.07801746918260846
A1,EPHB4,0.0022304051203620424,-0.03355883401875176,0.11099378842608983
A1,PPP1CA,-0.038875685138283544,-0.16631201219889646,0.22657637043299597
A1,ATP5A1,0.33560384193753645,0.29466993729922764,0.38986483097229935
A1,MGST3,0.09341013418050383,0.052879243529561075,0.18202030784506654
A1,QSOX1,0.24564922041861026,-0.05458441872881179,0.27626547595475365
A1,HSP90B1,0.18117598265416418,0.16868971580739162,0.18906631835132615
A1,OST4,0.16310680745163336,0.04667274804980715,0.19935109835109133
A1,FAM50A,-0.013454194647590335,-0.052327033634942885,0.16133047302102865
A1,MLST8,0.026435982573011777,-0.07496054341285321,0.29739778068810163
A1,OAZ1,-0.0558753703502354,-0.1578216641532115,0.18661846994011128
A1,YIPF2,-0.03958214110891856,-0.034161489217365094,0.0892327325188194
A1,PDIA4,-0.022981007707122556,-0.0707879870420262,0.20291441287960527
A1,SEC16A,0.04047806878206396,0.2270417066874942,0.2940682926448737
A1,RAD23A,-0.09433038995620689,-0.08716233411833037,0.12265437221174828
A1,CTBP1,0.04754305264897424,0.015123520312253703,0.17022089848041377
A1,YIF1A,-0.04499056542386832,-0.07213258012387426,0.1377896706620455
A1,TMEM132A,0.04452523675841788,0.06653046301666836,0.13006346250321174
A1,UBALD2,-0.05051387807554935,-0.08456789923792102,0.14613808172694967
A1,PIEZO1,0.03365828784631768,-0.05779164247111684,0.2480487190924603
A1,NINJ1,-0.009908597880258163,-0.08176787136409626,0.22009853878166674
A1,FCGRT,0.027573517270617513,0.07241204451755401,0.1473774881636957
A1,LTBP3,0.06434343133836377,-0.1654154729697958,0.19369565513998874
A1,HSBP1,0.1299239028267055,0.12058543794966815,0.14537636390570563
A1,CALM2,0.23667441591243965,0.1949666857376396,0.24540404215183143
A1,MRPL55,0.042884978603635514,0.012910610913050935,0.11911501872187771
A1,MT2A,-0.05247028202830707,0.04631371603206257,0.1796843843030202
A1,TMED3,0.2215989617619728,0.1505615401772235,0.26140384397041694
A1,NCLN,0.03917036697525136,0.08202755441358571,0.10582950621184675
A1,DBN1,0.061197335095247225,-0.007434174789901352,0.12727572419203034
A1,LYZ,0.023943640945742355,0.0160233583708864,0.07017578741552609
A1,GPS1,0.006826721515645845,-0.1740562313732041,0.22839644665308034
A1,MAZ,0.09020072454385858,0.0007267961984430014,0.1825729852273064
A1,GAS6,0.2111894942153612,0.20753052180836704,0.30015627768171654
A1,TMEM205,-0.025972718198714502,0.019410628684018442,0.07542050280563549
A1,ARID5A,0.25707381835229587,0.15631367081899303,0.31364377283421874
A1,NDUFA4,0.11646027488491105,0.10418224618253787,0.15419248729092475
A1,HES4,-0.014063375561703267,0.012474746476652771,0.19105887297160137
A1,NDUFV1,0.05039340170175905,-0.05772329568888996,0.12857373662141122
A1,HTRA1,0.09736884908489109,0.09179901644242718,0.12392040724923167
A1,PRPF19,0.034613699852260454,0.004627223168101366,0.15216589554177337
A1,ECI1,0.06698056294746277,-0.024997361660511242,0.16493417315064457
A1,CNN2,-0.14689598962887146,-0.2102201939021707,0.3561089333732551
A1,FTL,0.052257379501826344,-0.06895208187902384,0.19028442975795548
A1,TCF25,0.1707604354129642,-0.11747309821982801,0.3404577609642606
A1,NEDD8,0.1063936794435339,0.16026228578954596,0.22076738665102788
A1,EMP3,-0.012227934062637533,0.06132539409411843,0.16257624980794305
A1,PIP,0.028054918945854504,0.06296877659434856,0.06329152796606044
A1,GTF3C5,-0.050484860538069797,-0.006292270611279559,0.1100999725703445
A1,TMEM208,0.04720861372007591,0.024896644751466177,0.17462522737522265
A1,MVD,-0.150509201860617,-0.11003501871062103,0.23684658379730886
A1,GPX4,0.05315167228849844,0.1743358792487502,0.2346657900568069
A1,TM4SF1,0.0739918749252963,0.11905703298189857,0.24163531123476542
A1,GM2A,0.12893068289154022,0.11696116309913213,0.1496165977134663
A1,ATP6V0D1,-0.0965293653998281,-0.18040083501025336,0.20129122303801636
A1,UBXN6,0.11732555660576714,0.04878815395540562,0.16719489379643146
A1,LRRC26,-0.04222447462730635,-0.01663708205070103,0.0956782643605974
A1,NAGK,0.018447754882702814,0.016452344523605056,0.12901133318300453
A1,P4HB,0.15040946624865142,0.12236651252753131,0.24710175531733294
A1,ANKRD13D,0.05130230812103625,0.00309073852663811,0.0963960525212016
A1,SUPT6H,0.1680822352496753,0.030829086496658494,0.3625717943329925
A1,MXRA8,0.006116712142907191,0.05882019321069877,0.1230707998273716
A1,CARM1,0.042486143561408174,0.08447688482908312,0.14725710749961787
A1,SLC25A1,0.07162397746996323,-0.004882614102383834,0.17881073563734012
A1,PGK1,0.11831663787783897,0.081241969267857,0.2034416912875056
A1,NT5DC2,-0.20605053670310775,-0.11423517408875916,0.24446084766173043
A1,C1QC,0.07900778694455257,-0.04669844933114158,0.24471010774974553
A1,ERGIC1,0.13244028284710493,0.10666345580780691,0.14555708409704826
A1,EDF1,0.05645057823938076,-0.06588158510631206,0.27282998624854926
A1,JTB,0.3279197410945302,0.13799373381694557,0.4160634833052082
A1,MAF1,0.16207170708335164,0.16512600878525518,0.2236730526477886
A1,CFL1,-0.015637878630063343,0.07311149521263358,0.24073487535412505
A1,SF3B5,-0.37290296910859483,-0.005413063042809383,0.4183515395780878
A1,METRN,-0.01631197274476799,-0.038019876460732266,0.2043814752886184
A1,SERF2,-0.38281849253183964,-0.28034329654753976,0.39910668348730605
A1,ATP2A3,0.1869517138896206,-0.00424341499795987,0.19980781811034126
A1,SNRNP70,0.058078983704391615,0.009654687063191383,0.09861306939331989
A1,LAMTOR1,0.0010469515868967978,0.008304200228408632,0.0612026533337093
A1,STAT2,0.009921041912301963,-0.026237063229153788,0.1301016192040548
A1,TMBIM6,0.09105206891067592,0.03966860635737765,0.16121559741573357
A1,AKAP8L,0.09245675167606744,0.07573072619766644,0.1301029555421159
A1,UBA1,0.11674254785716782,0.08841333320536257,0.14381471331681833
A1,PIP4K2B,0.20288169954393948,0.16453724578659285,0.22331354526745248
A1,PSME1,0.031405104890220956,0.06101079393014442,0.07764462356518777
A1,PRPF8,0.010444656404451663,0.08549401913470099,0.15714799649337605
A1,ASNA1,0.024641751241319818,0.02324925097396853,0.03328279273826198
A1,RSL1D1,0.15666005478160322,0.19588483843755342,0.2525351398448095
A1,KRT81,0.3844152108196614,0.16818318416230946,0.41541816708323165
A1,ST14,-0.03717470716583663,-0.08256451802073791,0.1282639415316139
A1,PSMC3,-0.022454734919090315,0.010464461224194,0.06207571175676591
A1,PRDX4,0.1244163417840903,0.04839413758691676,0.16339320876201194
A1,AP1S1,0.08684469693997687,0.10883325230015958,0.2133848626163483
A1,CTSD,-0.047669009253036354,0.11501639055820495,0.206441518411261
A1,NUDC,-0.0472003252816545,-0.0007126776073419901,0.16682648520324617
A1,CLCN7,0.04767817227344557,-0.030028991830535513,0.11104352385435416
A1,RANGAP1,0.07447897189778008,0.07352135557129108,0.09398476851782671
A1,PLEKHJ1,0.03594452236823459,0.006647473155191174,0.18427086421653058
A1,PODXL2,0.13184880407668148,0.05974634391563695,0.22525700247249297
A1,KLHDC3,0.04181980677967778,0.022517732266949197,0.09256412044142978
A1,TGFB1,0.17682956052066282,0.057286098661312304,0.20049281902304159
A1,TSPAN4,0.03843123039474214,-0.07223146884303674,0.20628098785777269
A1,TNIP1,-0.049323436594173674,0.10279601112313046,0.1275531965832856
A1,BAD,0.009644846507813736,-0.023038287484241103,0.23850646084147442
A1,SDF2L1,-0.07555053690766889,-0.0384798786384303,0.11192643176213289
A1,CARHSP1,-0.01196094646403503,-0.12220590882707683,0.15801016604612317
A1,CTDSP1,0.053840251497160305,0.07613710411764808,0.09296986713173452
A1,NDUFS7,0.01994703138122402,-0.03443262176588545,0.08983291553019282
A1,CLPTM1,-0.04602958385441061,-0.021806123632993734,0.19488124467632964
A1,SIVA1,-0.029814426528101463,0.023203333162631196,0.12914485738893025
A1,CAPZB,-0.0023881109837051153,-0.008135200911000586,0.05926209007958807
A1,ANGPTL4,0.17001546475259036,0.1459032133828194,0.20111342623825723
A1,HLA-F,-0.02136570267184897,0.004732108547328928,0.11311407927871606
A1,LAMB2,0.03190931758267914,0.02322332328573641,0.0683806643044247
A1,PYCR1,0.13328837643649508,0.12905087665668588,0.2173258769868575
A1,CSTB,0.0641690080959158,0.05255714673358766,0.08592420486504893
A1,PLXNB1,0.1074074591563486,0.0875996421702319,0.14822415620243423
A1,SERPINA1,-0.10625722400712313,-0.13728520053813584,0.15888317277048963
A1,HMG20B,0.005028849747035598,-0.12120460149903908,0.18733671742512228
A1,IGHA2,,,
A1,APEH,0.10008656434777771,0.0814304184834698,0.11489192326554526
A1,S100A13,0.03312877174345427,0.028180025461048558,0.06974929169265179
A1,CCDC167,0.08235033824854351,0.03138176882300725,0.10595283918968802
A1,EGFL7,0.11092644220838879,0.25994691586990426,0.2786479959019259
A1,CAP1,0.09377205513311583,0.03766835979388266,0.18498940252361032
A1,SAA1,0.25627755145215436,0.12227596036322033,0.31437220600547283
A1,SGTA,0.02610794036671046,-0.018292157757650862,0.08998973143587616
A1,LSP1,0.015089874448110288,0.13407287834503034,0.20099426262492728
A1,VPS51,0.09935410404609832,0.11249406143982665,0.13187181049214394
A1,BCL7C,0.06044637735516526,0.09463161635987088,0.18423987809581713
A1,SEPT9,0.05750444649269787,0.018875377476879115,0.16152719162057796
A1,RHBDD2,0.0015700469317601648,0.02134497958618468,0.20825788941943071
A1,CYHR1,0.11969844383516519,0.02187872062172272,0.1653400500361206
A1,SCAMP3,0.09596426379145434,0.038443718332540074,0.24607974470217864
A1,ARFGAP1,-0.0013690169189992545,-0.03802750878282771,0.14039908335151946
A1,ANXA6,-0.038335293612249216,-0.04748301624273436,0.11862444768419661
A1,NCOR2,-0.031184447256886114,-0.04298924813115877,0.08823345840202489
A1,FAM89B,0.022262709047757883,-0.060924503215309865,0.1632925043232787
A1,GLUL,0.003957581095053547,-0.0007485502865914786,0.11123553946878509
A1,SIL1,0.02606598148017412,-0.00913304338444788,0.1462111449982459
A1,RNF181,0.05958529172105182,0.03784364884391469,0.11915777355080374
A1,BLOC1S1,0.10850635515904412,0.13766756498245233,0.18792648015766636
A1,EPN1,0.09098737018883296,0.19014267864368295,0.21873667315307382
A1,COL6A1,0.005991896490238547,0.001303440647226464,0.032637186837793083
A1,RER1,0.07903585201134392,0.010417374944056213,0.14812846427743825
A1,JSRP1,0.017400411777218832,-0.019265863445623643,0.02488702572810008
A1,ATP5G3,0.07329248711307,-0.04264468756754678,0.17443072920505903
A1,TMEM160,0.1101369725213506,0.05855107874201747,0.1373289145510972
A1,CSNK1G2,-0.013870265992478323,-0.0867223093894089,0.15994000176652226
A1,NDUFA1,0.01498497943173851,-0.019887825621272035,0.13384947750978138
A1,LAMP1,0.04843987221121511,0.039695193607571296,0.0794255704631644
A1,SAT1,-0.1166155154949101,-0.22125744430587227,0.2693709163859446
A1,ANXA2,0.0716686699333551,0.0857234701406919,0.09577359510453816
A1,CRABP2,0.37504377709279213,0.02884155687203677,0.4105038921713284
A1,MARCKSL1,0.05288697621574149,0.04738340367739631,0.08023645592802359
A1,TRAPPC2L,0.06726974024782634,0.011363388946363469,0.08314311095305185
A1,CRACR2B,0.026675226814606726,0.041433916471868414,0.09779165015923147
A1,DLGAP4,0.10066695091872424,0.07354379114388858,0.13113178858612226
A1,LRP10,0.13432563789507565,0.05607299442498963,0.14665014841653295
A1,RNASET2,-0.02844451161888435,-0.07106035296397456,0.10452805224152797
A1,NBEAL2,0.08309476747608903,0.06672315330314459,0.1430548016947805
A1,AHNAK,-0.1332479864379977,-0.08324168857016288,0.18720310916880872
A1,PLVAP,0.19411900550205394,0.19429959927840137,0.2614708261317265
A1,SNRNP200,0.10523983862743844,0.08030629459292304,0.13931865192407458
A1,SIGIRR,-0.028615430846943176,-0.008942330801173935,0.09347783602207071
A1,UQCRH,0.15220339038476424,0.18044558732273933,0.21479824266738307
A1,AKT1,0.09239876034923594,0.07043723778068552,0.1206813701077725
A1,COX7A2,0.15542711522115096,0.046554942979639996,0.2044534564561418
A1,CUTA,0.025257778263167344,0.006407342727706739,0.05547053971386901
A1,C17orf62,0.07270356368708245,-0.035516294993780104,0.17021581011749498
A1,BRD2,0.13713262674111812,0.13657386674451027,0.17177348387716174
A1,COMT,0.030444104586168672,0.05216766753496914,0.06474817189115509
A1,PHLDA3,-0.020746958289532814,-0.041073137977850276,0.16533161968104865
A1,DERL3,0.09616925484842175,0.0018630337690109212,0.11412769337345353
A1,PGRMC2,0.0133960751694754,-0.07798489367005579,0.23864089129290134
A1,TM7SF2,-0.008238548996060375,0.004570823411548749,0.1035895587089396
A1,STAB1,-0.01575818795893694,0.10072474359945095,0.16367767617091178
A1,TAP1,0.05020185393941771,-0.016617042599316373,0.226881851265901
A1,ADRM1,-0.1334651375522025,-0.13562272353937013,0.18092539758459336
A1,CORO1B,0.059681793106268435,-0.0621641658354161,0.10973764664630302
A1,DDAH2,0.1060030686871623,0.16517952761137314,0.1885796873566882
A1,NAA10,-0.06452744285101479,-0.09562231435126785,0.2079412660584959
A1,AKT1S1,-0.14493990530209908,-0.13320168256027573,0.1692746932677302
A1,HNRNPH1,0.21589701557054686,0.2063613045758691,0.23537576172106778
A1,FUS,0.0265709607358496,-0.01548524911785134,0.10389472182695246
A1,HINT1,0.18672979421763103,0.11636196784362779,0.22511524118098772
A1,ADIRF,0.09928816334357073,0.1494375319343636,0.22433279513063295
A1,ISOC2,0.13552887703666833,0.06022689550411198,0.19257732849215126
A1,PMVK,-0.0823042492116992,-0.02988866619656778,0.09418776112634113
A1,EIF1,0.20926783818059636,0.18462268586205932,0.25311948241556215
A1,DCXR,0.058654315432094845,0.030220092590092923,0.10381248321066384
A1,TKT,0.050190451064107626,0.02782412864810302,0.0969198790775003
A1,LIMD2,0.0883189375775543,-0.09240774631399,0.20940342987648278
A1,MRPL24,0.14988121191283746,0.07563244215925191,0.1892216902795098
A1,FAAP20,0.07551966440318719,0.049930630049306576,0.08637649271351336
A1,PHC2,-0.054034061609913954,-0.06332921807698755,0.08865116798640933
A1,CAPN1,0.03601217617550666,-0.10718766552404359,0.22182963232441366
A1,SEPN1,0.05480726426354608,0.09519804863714246,0.10893409415270357
A1,RGL2,-0.08604010714146379,-0.08353557060058192,0.1488107291733672
A1,C9orf142,0.14154036709551637,0.020540143691874055,0.20989016825719795
A1,TRIOBP,0.0485176067188881,0.06272956244861722,0.10658746454480227
A1,NAA38,0.09330061260181052,0.0480273422945174,0.16772893892854257
A1,HNRNPAB,0.2255996169885212,0.28158223696596796,0.37798517106156276
A1,PLEKHO1,-0.018486450638977723,0.10040752244671348,0.12163275466986977
A1,CCDC124,0.2633157217978848,0.029325189052711226,0.2981191595349287
A1,TMEM259,-0.009117249215040871,-0.07500571032921292,0.18184447424117042
A1,RNF213,0.07195195033312198,0.10449144952090449,0.11055330380314064
A1,C14orf2,0.14255056298410662,0.059184070867472835,0.2903058282720661
A1,ARSA,0.005677583409527017,0.026841906544565135,0.1628707223832284
A1,MAP3K11,-0.010583089793347095,-0.05265381314630189,0.08828465697616304
A1,MLF2,0.07944777281636708,0.16509918530587378,0.2984261648125809
A1,GIPC1,0.02753793259394991,0.03923473576672749,0.1556360743462052
A1,CYB561,0.27442196582001066,0.18118191299087175,0.28795394540466496
A1,SDC4,0.08155307591926553,0.0654459694473676,0.09259163019310744
A1,C19orf43,-0.02200480851716939,0.09848618238279822,0.14755913828713063
A1,AP1M2,0.06201954670024764,0.04510960254391121,0.11712517031543841
A1,HGS,0.04026693992418688,0.02899745707647441,0.11035582557767752
A1,WDR13,-0.050740412180541226,-0.031293608932087075,0.17360751278107242
A1,NPLOC4,0.03023896560264995,-0.0030397375847819267,0.10055323981289144
A1,ERI3,0.15407317352815322,-0.03526818466572558,0.19357101193285323
A1,CTGF,0.21248152874268378,-0.06461600449594689,0.31972914828348253
A1,MAGED2,0.0945176734167094,0.09547899528349948,0.12095714760876203
A1,ZBTB7B,0.32692603948506344,0.27690781710595835,0.35756833067641824
A1,SZRD1,-0.07924227173452424,-0.08964212025717044,0.1397800753135786
A1,POLR2J,-0.04951649265802606,-0.020342720589359722,0.11982901307653746
A1,NAP1L4,0.17858112135978574,0.15884480496226558,0.19408878740751967
A1,SHISA5,-0.027839072537798843,-0.037928621058347274,0.15654167675992295
A1,CYB561A3,0.036057552376836666,0.011685110693577963,0.11265324114808291
A1,TMEM238,0.07211890259492353,-0.05218689722521751,0.1359889048902747
B1,IGHG4,-0.05051955796393881,-0.012651774310094824,0.08382552567661192
B1,IGHA1,0.4841676793377875,0.5080240927418054,0.5290144143383579
B1,S100A9,-0.020534498262205655,-0.019425094793716662,0.09731545168580594
B1,CALML5,-0.04537193265059675,-0.05874806124556403,0.13565553814356227
B1,IGHG3,-0.03231457909470284,0.017354684276284626,0.18761375376508052
B1,IGHM,-0.03399489903090666,0.08480823545502607,0.13547354864346017
B1,IGKC,0.10383242119661243,0.14317563855477777,0.15713113518109903
B1,IGLC3,-0.10570289985025914,0.01202590020016267,0.2582142937103138
B1,S100A8,0.14176441129220207,0.05677621833127886,0.22712754653613337
B1,MUCL1,0.07637861035656328,0.12888736287987462,0.22606953562394164
B1,IGLC2,0.08945128001130073,0.14167975401690408,0.1665567190637956
B1,IGHG1,0.0036024867669182704,-0.05203206539671651,0.08564813252793883
B1,SLC9A3R1,0.1482655692288055,0.19577348717499898,0.20436405657761622
B1,FN1,0.431636824026181,0.6090983675142427,0.6098907316856687
B1,MGP,0.2049472041446402,-0.06442049174725709,0.3921251776933334
B1,COL1A2,0.005278706564417869,0.3198718944560005,0.3415348393442425
B1,TPT1,0.469782701768864,0.4635851858533847,0.5030253124292056
B1,FASN,0.3422364144119502,0.39124573438731486,0.4222028927997614
B1,PTPRF,0.28579432497399865,0.2828705544773229,0.29654211309973777
B1,MIEN1,0.2477548332486932,0.23551835449054578,0.3189430300262245
B1,PHB,0.21321401192903455,0.2801018100265977,0.3257653325596167
B1,BEST1,0.035443876412415615,0.24497674469896188,0.35435762291742806
B1,C1QA,0.061484332762865426,0.006860230451237046,0.09679352504936557
B1,MZB1,0.003536945019130547,-0.007523571782572162,0.014500946288116498
B1,IFI27,-0.08308866970016208,-0.1648815567979396,0.18003891215476908
B1,PABPC1,0.2196363132463302,0.2435604916596995,0.28032522006617633
B1,SCGB3A1,0.14165691415151122,-0.146003779797728,0.297046773201328
B1,LLGL2,0.23230535842393907,0.30018134100643934,0.30818785216889355
B1,COL3A1,0.08727161113706602,-0.3056688336076151,0.3084425575258266
B1,ISG15,-0.08602128867932511,-0.018098356637668202,0.09442446498321096
B1,GRB7,0.41123101043450666,0.44576680843172917,0.4615963572368074
B1,TAGLN,0.09565903872190279,0.09064850899020611,0.1161285891303465
B1,ACTG1,0.4015553653977792,0.5195820100918198,0.5299161957392465
B1,LY6E,-0.057778944945722374,-0.18309670310496517,0.20161077724831794
B1,AP000769.1,0.1515337398025969,-0.41421895518391544,0.5060609466719755
B1,APOC1,0.027684399269573404,0.0473102529559901,0.20639707839259933
B1,B2M,0.37693800434902547,0.4559191838874641,0.525725496701822
B1,IGFBP2,-0.05583529046658624,0.11134623319600391,0.1296925636665658
B1,COL1A1,0.022154524417404984,-0.2703791772777775,0.2734630644104747
B1,FTH1,0.07063115944639059,0.34736337810760154,0.3694050017249976
B1,AZGP1,0.0052893601050243285,0.13549540754158942,0.22331947197650973
B1,APOE,0.10968148273694106,0.21892346111378747,0.24612634922751853
B1,HLA-E,0.0194832168556857,-0.041186349789312904,0.17603948786980522
B1,C3,-0.05212729590437534,-0.07488682550936343,0.13352046706517903
B1,PSMD3,0.24824442203846223,0.28089153008163587,0.3098811885204378
B1,S100A14,0.21453184665050215,0.24766572035511564,0.2564727116997618
B1,MLLT6,0.5143476856430199,0.5287809810338561,0.5330756487286484
B1,PTMS,-0.07201213290947076,-0.006307958615948422,0.28135057108326994
B1,NDUFB9,0.01635714421728829,0.11219025363439132,0.1501878662531014
B1,AEBP1,0.01620159581700509,-0.018347669355931816,0.08061507662037436
B1,MMP14,0.012140354036716915,-0.20038456710290414,0.22590795660583943
B1,SCD,0.46820286130152566,0.46507380716702623,0.4720388720919268
B1,PSMB3,0.18349804402647815,0.2316349019513849,0.4151115984809313
B1,CISD3,0.23731969991807472,0.15068389736848248,0.37697389561505124
B1,PCGF2,0.33363529580609697,0.32350671092376293,0.3421135212026742
B1,SPARC,-0.05616608261127235,-0.27571382026133984,0.27663823113925307
B1,HLA-DRA,0.13739067457911056,0.3505477208499773,0.3910236340245064
B1,TUBA1B,0.362531418370057,0.44949503631767984,0.4615793666617157
B1,LGALS1,0.023807519294360032,-0.03101345270521118,0.15392523748487866
B1,CLDN3,0.046416510901198096,0.08138236682738469,0.2525507977896555
B1,DHCR24,0.16386486056662872,0.1682055848569665,0.2699201573686083
B1,VIM,-0.3116590980506703,-0.3216564233746662,0.35802043318622623
B1,TMED9,-0.05312404890960641,0.36662089511462936,0.3696123297326643
B1,ATP5E,0.360355703885726,0.474011823533454,0.48211642095147555
B1,BGN,0.010668065703357908,-0.13842090528494258,0.2091793324911931
B1,CYBA,-0.02621056911558565,0.04199602442121956,0.12824152591730903
B1,CCT3,0.44178709414376066,0.4966077632300382,0.49754739209998494
B1,G6PD,0.22880702155046528,0.2635465953685592,0.2660153686568488
B1,IGHG2,-0.016667550065036982,-0.021042836637991204,0.059371864942179345
B1,PNMT,0.20250695950610215,0.22204592236462928,0.2240691686970537
B1,A2M,-0.04007004606727922,-0.16529231397492988,0.27142292785082833
B1,H2AFJ,-0.032524650175054154,-0.1331518855803401,0.14708951293956957
B1,MYL9,0.07353582441617139,0.05881651228022786,0.12656248559580283
B1,DDX5,0.5373692359975005,0.6017263765287824,0.6033744977694089
B1,COL6A2,-0.1662923086055889,-0.1703159047367895,0.21015541143311153
B1,ATP1A1,0.2877053772116455,0.33791099750149123,0.3603989777660704
B1,LGALS3BP,-0.04515160697644603,0.12027134844703188,0.2022380137264809
B1,PERP,0.37818428316942804,0.3863910395025211,0.39088953589429565
B1,MDK,-0.1278545184897863,0.2787817689367684,0.33652266960782223
B1,ORMDL3,0.08826748138475768,0.12531320098803844,0.143356804863611
B1,BST2,-0.10140865513282146,-0.10436679225889382,0.15630302047949513
B1,ADAM15,0.008270945536910034,0.11683572832960659,0.12135555601404881
B1,HLA-B,0.04558443596456522,-0.325663257277547,0.37760457106356
B1,FADS2,0.14745552337533918,0.22254387630983294,0.319433515915615
B1,C1QB,0.048592445500733876,-0.18142898888905906,0.23619961479667403
B1,GLTSCR2,0.08232951094621636,0.09025605360303005,0.09363348978139988
B1,RNASE1,-0.03505992944515802,0.007425553446133713,0.13020636720357984
B1,MRPL27,0.18051211089417438,0.1976076545708998,0.23366833085394748
B1,COPS9,0.22799476078263808,0.3200657692203786,0.320347124956179
B1,IGFBP4,-0.1446959711052999,-0.21909059166546807,0.23131965869747645
B1,SF3B5,0.22251164702298515,0.20314721163933244,0.22723565902983994
B1,COX7C,0.4910210174822359,0.5213916364527489,0.5233747879387742
B1,HSP90AB1,0.5072946527980616,0.49422565247460776,0.515899375664401
B1,GSTP1,0.08816017909706969,0.026402350858331432,0.17437655261898488
B1,LTF,0.35742989608143055,0.25524954273470496,0.4022238410372432
B1,SUPT6H,0.17836404686910856,0.17769614234374534,0.19711135948415065
B1,GNAS,0.5547068651668794,0.5167200296109263,0.5717161986315019
B1,TAPBP,0.10600328170311982,-0.14188446858880963,0.1503265219674655
B1,POSTN,0.14747786130403515,0.2411059583428239,0.2606922348154497
B1,MUC1,-0.05875318803044081,0.08486104712276615,0.21509327695898867
B1,VMP1,0.4376908646119267,0.5844352561846838,0.6179982028333952
B1,KRT81,-0.10750515864665844,-0.07166284874262573,0.27170855127182153
B1,TYMP,-0.05327047985096802,-0.03417490364774444,0.20975704957640828
B1,SNF8,-0.13373394722787196,0.1238702968463091,0.25587409226185026
B1,KRT18,-0.09847347917736722,0.15655781402245336,0.2848671221418101
B1,C4orf48,-0.16264105122909248,-0.02840269677646736,0.1860966293936425
B1,CD24,0.5177744465944876,0.5624616481343875,0.5781039815670352
B1,S100A6,-0.014531428579976925,0.1159767061667395,0.19989578843984462
B1,EEF1D,-0.16933831033460783,-0.09788806618131334,0.2159676442991687
B1,RARRES2,0.05279893452668921,0.042526328825450856,0.06383292450856509
B1,S100A11,0.42493813664084645,0.4103931872740805,0.4273801171609143
B1,CLU,0.06795823511552601,-0.02793759581454959,0.18587841841358754
B1,UQCRC1,0.02238934375835351,0.1155827897457032,0.21654762006955106
B1,HLA-A,0.002216880841910059,-0.2714263575214504,0.32426127137589184
B1,FKBP2,0.12001049756429429,-0.06373584185643695,0.13233833179912494
B1,CD74,-0.14749819025479347,-0.13268000722118808,0.1500840716587451
B1,CD52,-0.17498647968078454,-0.2647519886245282,0.2751502251319923
B1,HSPB1,0.17149533325949146,0.3592472779822587,0.414178025786878
B1,ATG10,0.2281588543545991,0.34466987443614194,0.35581028563053674
B1,PEBP1,0.27143928823281704,0.4301324645932732,0.5104820221049946
B1,SELM,0.03218997709640167,0.026712909895471926,0.1358065101664038
B1,DBI,0.419144860183968,0.4491301580323921,0.4508341714614638
B1,TIMP1,-0.0609134768268212,-0.15894131112472026,0.2081218066982485
B1,PGAP3,0.35219118921455406,0.35866218523288934,0.370755327091632
B1,COX5B,-0.039847204343445734,0.10146251609076372,0.1684461521996923
B1,NDUFS5,-0.19648187608524456,0.1176422419700658,0.19848114420879273
B1,TRAF4,0.16172743363282513,0.15814775285159757,0.1969935881932929
B1,STARD3,0.06701595778911458,0.07612662131929501,0.30399180192038266
B1,MYL6,-0.02482159136469869,-0.17114056491710372,0.3463449494371598
B1,CHPF,0.025211408372350502,-0.1482097338315663,0.20144842724835155
B1,CST3,-0.2575183576717114,-0.2665560306735362,0.284808373405749
B1,EEF2,0.06041184446852979,0.07984391279361876,0.21571965159139578
B1,COX4I1,0.05497369163622684,0.19757710848278173,0.27498348469413486
B1,QARS,0.10324792064207448,0.1522959600486661,0.1571795736237454
B1,FLNA,-0.13645874592274163,-0.14233033141028087,0.2019698224871191
B1,ATP5G1,0.025204313020443472,0.1532213661345375,0.3018515180158302
B1,ASS1,0.10522039804696215,0.0985279049755793,0.14617612526567925
B1,COL18A1,-0.010705921138637352,-0.13603799859663684,0.161356967414813
B1,UQCRQ,0.18859748831671064,0.3099598130596975,0.351194351904707
B1,CHCHD2,0.16847328043648493,0.2976761482550568,0.336646246541652
B1,NUPR1,-0.08440852723707842,0.2503088117915318,0.2545953484516079
B1,PLXNB2,0.21001523163054622,0.3013465065423615,0.3115210781700566
B1,ATP6AP1,0.1417178572738035,0.3000034872841202,0.30186024065241723
B1,NDUFA3,-0.1463602698478413,-0.21911317461865235,0.2520094785762603
B1,LASP1,0.39722359931980733,0.421996467929833,0.4542493914860949
B1,GNB2,0.1165115919071885,0.20024966083957377,0.2309492151674692
B1,ATP5B,0.27157015501409476,0.35599285703243694,0.3722123635105615
B1,SPINT2,0.2868263461493725,0.3191634571941034,0.3253341582001692
B1,KRT7,0.10868336014858218,0.07806078574572493,0.1668786668066991
B1,LUM,-0.02470947765853277,-0.26527687442509573,0.3333063213682351
B1,PCSK7,0.043055289733068075,0.01316330059641366,0.09265166861934249
B1,H3F3B,0.417655477661762,0.4473604748592924,0.45381179173063096
B1,TPI1,0.0628597657819257,0.16815868061797035,0.2410026760785692
B1,PKM,0.3688440165199221,0.416671373317224,0.41859000383400574
B1,WDR34,0.0042247374765428634,-0.1357024911331938,0.17549628158921407
B1,TMSB4X,0.4987390006990943,0.5322623331507067,0.5328589783095873
B1,LGALS3,0.260228844844091,0.3837735491360097,0.3865710971189758
B1,NDUFB7,0.036332974952693484,0.03403092075946156,0.05654606037848625
B1,TXNIP,0.2036755346903154,0.2976319877093006,0.3360866304471984
B1,ENG,0.012602428287163653,-0.010599802269776998,0.06477095165675859
B1,PRDX2,0.10174391084340312,0.17941186951895785,0.19153932562114526
B1,CTSB,0.06656224897175698,0.1695264385867878,0.21862551796848623
B1,TCEB2,-0.15810204503904027,-0.10142779868982248,0.16872202114811505
B1,HNRNPA2B1,0.5671769116671831,0.5636318061422161,0.5768288997482691
B1,COX6B1,0.19675047542979618,0.20907572571607203,0.25231526665584103
B1,RRBP1,-0.0030757012152533084,-0.09975340517744745,0.17240690647092646
B1,JTB,0.3719679417023624,0.41506960044161934,0.4202270498374558
B1,CAPG,-0.03715665465999412,-0.12661816606316031,0.1561494253455585
B1,PRRC2A,-0.14637473246903734,-0.1080252126006325,0.14752420814706768
B1,ATP5G2,0.030761442210363196,0.15149330685039658,0.2200170202407728
B1,IGLC7,0.0014952288948629862,0.030036714152900726,0.0459621642242298
B1,PTOV1,-0.058820920674983845,0.10574745495139029,0.1566782452364075
B1,MRPL12,0.12191835448104942,0.13906270543487584,0.1616939166971151
B1,IFI6,0.23406145309100063,-0.4143660089564136,0.4311384609460356
B1,LMAN2,0.12256588929858483,0.30175682656767294,0.3362199567376251
B1,IFITM3,-0.07684494320010701,-0.25926448977154803,0.31808829708061576
B1,TUFM,0.12844058332802294,0.25215701310603456,0.3053368775609705
B1,NBL1,0.034346668918668444,-0.1903072273532425,0.19159479789405856
B1,CTSZ,0.21505180881308714,0.2602582547267375,0.2704535771588359
B1,PTRF,0.08727772176278624,0.07108908919882886,0.1330768572338851
B1,TUBB,0.26162701787645265,0.3220079778273825,0.3367015892575417
B1,KIAA0100,0.12752734363392526,0.15340391106045848,0.16162208717110316
B1,SCAND1,-0.006557033575038764,0.08062366436745592,0.11190152706432674
B1,EIF4G2,0.41731403173478615,0.4854780128139017,0.4856542433676516
B1,VAMP8,-0.07792045965319695,-0.11967763731630128,0.1882228659378198
B1,HLA-DQB1,0.18213562454107543,0.3341130661805263,0.3375730957172467
B1,SERINC2,0.19274136603554085,0.20071362675283705,0.20933268500027613
B1,SQSTM1,0.19578156161929464,0.38503998462163114,0.3908772750291773
B1,INTS1,0.14966130823598034,0.1666414529389849,0.1705259086866231
B1,NDUFS6,-0.06843727851664459,-0.11818998394830217,0.159742535289535
B1,RABAC1,-0.09152890524095844,-0.21250553801474026,0.26304733553448306
B1,TAGLN2,0.15534626276021832,0.2252773840198947,0.28705905355156847
B1,GRINA,-0.14867322134234112,-0.18130756890373942,0.21852129485674035
B1,DDIT4,0.3057484409999469,0.28728475075115084,0.33512629806854355
B1,IGFBP7,0.23674751194700022,0.44182365063571855,0.45227586275746456
B1,UBC,0.25757477616174346,0.3406682069173157,0.37178613446236713
B1,PRSS8,0.21477132626973192,0.2312142187345104,0.27429637156782877
B1,C12orf57,-0.11178449779379751,-0.01757021780683343,0.1559452387387192
B1,SSR2,0.07738957748282735,0.22299156038292192,0.244299729755682
B1,MZT2B,-0.13913612679455858,0.12185035477658539,0.24034633217643026
B1,DPP7,-0.06458365786751204,-0.10799340483271792,0.1617366656468175
B1,APRT,-0.29666832355544775,-0.13965502899136753,0.33577728361433173
B1,XBP1,0.2706639177311762,0.4345989991400465,0.45189111323948555
B1,POLR2L,0.1263767147836983,0.29818413433865876,0.2996676660524632
B1,ARHGDIA,0.07757160213328256,0.17142735522923397,0.171469270013634
B1,VWF,-0.15603090938887262,-0.15175085493406992,0.16062995682049644
B1,STARD10,0.07866827103701973,0.12916238078071188,0.27170904458858053
B1,COPE,0.02847956754528435,0.29914828617900924,0.3220696275552884
B1,LAPTM5,-0.006391690248324913,-0.09858206593744116,0.10365793153390904
B1,MMP9,-0.07137949802358538,-0.12101646154252699,0.21081119434485524
B1,PRDX1,0.21594495535083846,0.36739582276582095,0.4217234753156594
B1,HSPA8,0.29102334044717076,0.3922855706925356,0.4178115958699364
B1,CIB1,0.2981395799124344,0.34400523703578034,0.3576584501549971
B1,PLEC,-0.006961623229911182,-0.040705644245954936,0.10844597404754563
B1,IDH2,0.10011335023055876,0.16214107197239494,0.16344662675288815
B1,CAPNS1,-0.07202497730522468,0.14562201798170532,0.1763977587381837
B1,CD99,0.29639365212146523,0.4077089259439552,0.4344232575972782
B1,GPX1,-0.10270210742556837,-0.13498850664468576,0.14144322898062076
B1,MAPKAPK2,0.07828176405765266,0.3003072466899552,0.31627666685238365
B1,BCAP31,0.13348881160132758,0.15652780907528482,0.16709553465433924
B1,PRELID1,0.2104507305509951,0.2269250726204991,0.2666821449493286
B1,AP2S1,0.16947997661332437,0.24855388603541728,0.26350207128402947
B1,ROMO1,0.040863636897832165,0.12639877592059032,0.15707012013787797
B1,EIF3G,-0.11945107339416765,-0.09598581168942259,0.16470044273751072
B1,PSMB4,0.26407481093515406,0.39563770862949854,0.4008081158745394
B1,FLOT2,0.10886214058083295,0.12632496150293648,0.14050212585283192
B1,C1orf122,0.2501575986463218,0.27981688388292847,0.2822981395522249
B1,CD81,-0.11054085480410623,-0.19420363771091023,0.25564280404962303
B1,GUK1,0.25816121036156964,0.20681162202206244,0.29612833250221626
B1,MYH9,0.22619716384161456,0.3621413415298746,0.36756197535160956
B1,SLC25A6,-0.10728913047077968,0.09925960446704066,0.1896717646678874
B1,TSPO,0.13270904496312225,0.18598166738751523,0.2069707335709807
B1,PSMB7,0.04893294343231689,0.10781112142923809,0.10978190537260794
B1,CLTA,0.29769927404015917,0.2981742957757355,0.3203506946802738
B1,SEPW1,0.28058246174260676,0.30725512745712147,0.3163644098088587
B1,SAP30BP,0.11022829138302401,0.08544786271260361,0.14437931014408117
B1,KRT8,0.0766236181259027,0.1518806184822377,0.1584996504524934
B1,UBL5,0.16166435873399237,0.32824866021992616,0.4304082664998621
B1,EIF3K,0.10005818393263113,0.3340364863318485,0.44234223813365653
B1,ATP5I,0.11895034452822872,0.20924607558142905,0.216857027747618
B1,FXYD5,-0.04431960133800854,-0.09444462459813377,0.1897426852545649
B1,HLA-C,0.29289300432457377,0.3247084647812591,0.38570649007214114
B1,SNRPD2,-0.14148554989514306,0.049668386609767,0.1719267588888386
B1,ERBB2,0.2959873121369596,0.3665548058375554,0.43472935736403995
B1,BSG,-0.1283728518589823,-0.12750495422897776,0.2407392011175219
B1,HN1,0.1326333966717206,0.20196227382234253,0.22413381250617742
B1,TPM2,0.09578739817777028,0.03695634000015906,0.11346274956277834
B1,TFF3,0.031012914096070123,0.12240778651100419,0.25124232254604456
B1,COX6C,0.398274028336136,0.48431052414642856,0.48745355681552643
B1,TSPAN17,-0.03619591855428691,-0.09715065902486565,0.1024517927161691
B1,AGPAT2,-0.23885605154550602,-0.21119831148953686,0.2470366423335169
B1,SPDEF,0.13048131975126417,0.17944090763723933,0.20386433972702434
B1,NDUFB11,-0.1492760856474732,0.10285193251724613,0.1984006531940609
B1,JUP,0.12037960850419342,0.20953138944006217,0.21162251980263813
B1,NDUFB10,-0.02515675616664322,0.06361222489293794,0.08542828920227605
B1,HSPG2,-0.030877615301794944,-0.13016922771029454,0.16510425906410287
B1,GNAI2,-0.1577911410128995,-0.1790228771695643,0.24376037770559636
B1,NNMT,0.004183863781681682,0.0029802306210060963,0.1717293399601179
B1,SRRM2,0.38904270426650717,0.3254952504938238,0.3944597340560659
B1,UQCR11,0.06687766617174101,-0.14857577432954094,0.16819637936157322
B1,HDLBP,0.09456102580990158,0.14892118714114194,0.16544374826842406
B1,MAP2K2,0.0018301950969688337,-0.11731233034922324,0.1615339812774232
B1,NACA,0.47338605552648666,0.5072276089974763,0.5107022988060934
B1,ELOVL1,0.10817619841124226,0.19121132747946468,0.22313150917946833
B1,ZBTB7B,0.22208185954430568,0.24052291291428912,0.24096081350379064
B1,ALDOA,-0.0876058512965114,0.12139783204262718,0.2410725650988136
B1,LMNA,-0.10265610702239782,0.005461751046670521,0.16155015890780547
B1,NDRG1,0.2472763864043525,0.29073338392627035,0.3307978289194109
B1,ZYX,-0.09705558580275865,-0.1211851310292236,0.12728667987226108
B1,CRIP2,0.05023522024367791,0.27916389440432304,0.3179052985753198
B1,LPCAT1,0.33859199818057995,0.33531191041710834,0.3396916448083425
B1,SPINT1,0.05716958525180487,0.07549610147984606,0.08430939005967804
B1,CLDN4,0.21823111247680632,0.3146724825037444,0.33509761909266506
B1,ACTN4,-0.09736058868325946,-0.10007053914971607,0.16767486050930253
B1,PLD3,0.14442775498737553,0.15824683818528001,0.17024201671605005
B1,MRPS21,0.3508809592105911,0.4068754479953554,0.42426829877394284
B1,MIDN,0.14848693679764888,0.21982139079233606,0.23454670618215934
B1,UQCR10,0.3958251093125611,0.4548512194110043,0.45592793899681827
B1,UBB,0.10461190531267055,0.266301689408387,0.28176643001185103
B1,LRRC59,0.2208526465748069,0.2742528918773207,0.29631705616088344
B1,FUCA2,0.2638060510478737,0.2581386155336827,0.27703544071970365
B1,MAP3K12,0.17268002772929683,0.15434141336456275,0.2953984641896424
B1,ATOX1,0.2386917798909802,0.3019910222816782,0.31364998178154746
B1,SEC61A1,-0.05199075427437023,0.18480468771637096,0.26773049980649505
B1,ELF3,0.03364923403227887,0.038479531344809435,0.20292300200998875
B1,AP2M1,-0.007786036381691429,0.2452092207567581,0.3007833426578377
B1,SERPINH1,0.2747399749001864,0.380325334934863,0.38813738358955724
B1,RHOC,-0.044639742691824975,0.15282649086773806,0.2205520131434943
B1,RARRES3,0.10556760419270499,0.21222401405040534,0.2480277816159188
B1,RABL6,-0.03869646875432251,-0.0775970155670178,0.17162019647644097
B1,ETFB,-0.07298001171360669,0.07651177569317687,0.17623318339271193
B1,CTTN,0.3242186181218197,0.4330983195338226,0.4486829070364915
B1,DCN,0.11289827543687904,-0.023985347185743706,0.17390015853166726
B1,FBXW5,0.1307696869650381,-0.26624560356278393,0.2957233867971186
B1,C19orf70,0.03383666902985483,-0.10704932526918275,0.17183980480068442
B1,HADHA,0.015643516391077476,-0.24300523198360727,0.2601918622994454
B1,COX8A,-0.07072527771570296,-0.05859263351168599,0.2917878024428646
B1,NUCKS1,0.09529513722126114,0.15159883602673738,0.18113818303293908
B1,ERGIC3,0.13866268600916376,0.26832464362490516,0.2837267875373703
B1,MMACHC,0.10186865910533663,0.26736465457356423,0.29489345315192245
B1,KDELR1,0.2652585722327366,0.2664543684608499,0.3110903294919026
B1,EIF4EBP1,-0.15902465434826638,-0.22913033776697347,0.30480380274124086
B1,NENF,0.07950236856393399,0.1559334955267565,0.162844287298494
B1,PLXND1,-0.21151179155199218,-0.20895563601808875,0.21493364012753696
B1,ATP5A1,0.5192009675001588,0.5664860188881363,0.5667902875473848
B1,HMGA1,0.047126383402863674,0.1529577086188718,0.2094512840454831
B1,HM13,0.12971865468223173,0.22044080436487348,0.23823199393824357
B1,CERS4,0.09706598171774147,0.15858649692291582,0.16570630148354953
B1,NDUFA11,0.020688358215851275,-0.006965133406959321,0.06265354524579117
B1,CHCHD10,0.26784480002311306,0.28174004895146365,0.2887742736456565
B1,VCP,0.3837729042187435,0.4229747213793484,0.42581664690648746
B1,MRPL37,0.1708142554769907,0.18936757079720096,0.210347475314249
B1,SERPINF1,-0.07404129969600459,-0.08331655226342584,0.09455264403347019
B1,EIF4G1,-0.016113214868558892,0.10756755639200541,0.2031290496056075
B1,CD151,0.1360027691489954,0.17769024400536468,0.19697031945729068
B1,ENO1,0.17146129992609238,0.19901295307161015,0.2859937342297139
B1,MFSD12,-0.007441538981237027,0.2501240751173301,0.3634556320637604
B1,NDUFS8,0.07706694015476173,0.14315526921139216,0.15830814496860934
B1,ENSA,0.1831928080243878,0.24843339558449515,0.2736360514455563
B1,PFKL,0.08197066179417258,0.21907181415446866,0.2205914820554134
B1,CLSTN1,0.20631098591999958,0.22548410008034284,0.23488638848388957
B1,SDC1,-0.1391393522727051,0.22399507949507613,0.29344382751881765
B1,PTMA,0.5514109665645192,0.5736299436567591,0.5827015503885319
B1,UBE2M,0.10428506069066901,0.23117733149589767,0.24715866334552852
B1,RALY,0.02966715372708735,0.2479342468182565,0.28667315297097784
B1,SLC2A4RG,0.09161115813242351,0.22510939201043711,0.28219526275290885
B1,TIMM13,0.07062919942049789,0.2789719451152271,0.3027610097836657
B1,IER3,0.26202543772132364,0.3625648196231576,0.36764896369140965
B1,NDUFA13,-0.08657061872071596,-0.02918685444272023,0.09018411589470683
B1,LSM7,0.11007189715073054,0.3041840439913444,0.3321438356351601
B1,GRN,-0.019682258428423346,-0.0986245804442479,0.12425247776154226
B1,PTBP1,0.23756077532399061,0.3143023302769988,0.3162160256844461
B1,EIF5A,0.1050968484975855,0.26692772582709645,0.33091433528017394
B1,CIRBP,0.3080558212013936,0.121015213313806,0.32932540124822823
B1,LSM4,0.1764784601432572,0.2297868914948058,0.3350468328298602
B1,DUS1L,0.1680796327850482,0.21364037449921225,0.26670569823650986
B1,ARPC4,0.005977673980616905,-0.21454269642120127,0.21488973660944577
B1,AP1S1,0.08655022012995288,0.14372107879642332,0.14697356404965808
B1,ITGB4,-0.10268196267718613,-0.03135348117198953,0.1786750801517107
B1,HLA-DRB1,-0.048287531787838164,-0.2897177946216613,0.3176060434994947
B1,FNBP1L,0.20786373938539762,0.25486438894138597,0.2620990638113456
B1,EIF3B,0.22991544201762407,0.28282998286460564,0.29072045360306725
B1,KDELR2,0.274211892177585,0.351490545540716,0.37834746948996567
B1,SMARCD2,0.10752432597950995,0.2755808537572789,0.28164361693203477
B1,AES,-0.07532623242601653,-0.18802083260584687,0.2271935404219766
B1,ERGIC1,0.2259716336519156,0.3230757242379222,0.36961915191591205
B1,PCBP2,0.2520609068434945,0.29154506112061473,0.3054554444230584
B1,PIP4K2B,0.4276747545419772,0.4540140195940253,0.4558579308365935
B1,CLIC1,0.13112304369839184,0.26414749776562213,0.28950415593130785
B1,PLOD1,0.0027973046538151045,-0.07077022024823593,0.08290126817797729
B1,CD14,-0.18270264813716275,-0.18626779609033225,0.19219665129868704
B1,CD68,0.14280825258282953,-0.27104289134061843,0.28015287545378614
B1,ECHS1,0.09053499119048039,0.23101776320551326,0.32692514048571586
B1,ACP5,0.2186185938528534,0.2973170514925298,0.30522801466986993
B1,LAPTM4A,0.2330478333904928,0.38179686088659887,0.4121392546246048
B1,TRIM28,0.1769033480550291,0.2564619585147063,0.27369348112623276
B1,H1FX,-0.10900874206692673,0.1713711536223094,0.23267737862512325
B1,SNRPB,0.013399739009639358,0.28469388273226404,0.36274041708006016
B1,HLA-DPA1,-0.12137526410872902,-0.1856564316365377,0.2637268427199061
B1,PSMD8,-0.04206265288548316,0.271448898750179,0.30079578632200366
B1,FDPS,0.14036904576922168,0.16809565114981584,0.17125241933207105
B1,HSP90AA1,0.3573439484424598,0.3876299916719676,0.40820279386985653
B1,ATP5D,0.05882906802181656,-0.11161194964820828,0.16548114882115092
B1,PHB2,0.07534513590311365,0.256047984945781,0.2600576132213729
B1,APOD,0.12959169930723402,-0.07591314124003261,0.17250368389644552
B1,PFDN5,-0.09695411214230479,-0.047383767322389955,0.14791999820328813
B1,EZR,0.29242158212320735,0.33947469100219746,0.34822579413238003
B1,FBLN1,-0.05880339432837134,-0.05285400431363776,0.08704514588909812
B1,MYO1C,0.09023286397467471,0.26211287360847946,0.32524452687400185
B1,WDR83OS,0.22459038117101798,0.32138214031240037,0.34814454578165666
B1,SNX17,-0.0008590728728789383,-0.13038735484729974,0.15994143916006137
B1,CFD,0.14867591218659343,0.053517301395845644,0.16218488391002764
B1,EHBP1L1,0.11050683085286477,0.14544752103356492,0.23287865976076536
B1,MBOAT7,0.21862994306323574,0.2661274509638002,0.32189365015216953
B1,PSMB1,0.08698880938663886,0.26319442189132963,0.29183080440784476
B1,SLC44A2,0.08727300407101339,0.2666806215681708,0.2982772664776323
B1,CLDN7,0.19492977408599005,0.2466496806738803,0.2541147149683978
B1,CSDE1,0.3361905821633859,0.33008312960243813,0.350672497347644
B1,AKR1A1,0.11638726629557035,0.1979781489325113,0.2215463174959882
B1,TSTD1,0.16260693578558202,0.1920375697573215,0.19835518278558403
B1,ARPC1B,0.2224963559894609,0.2789841936273481,0.27903020762349645
B1,SDF4,0.06444891993483487,0.18983912379459605,0.22588788696903778
B1,SYT12,-0.00012160642606248667,-0.03798534508999344,0.09424263345557185
B1,HID1,0.23712786049021595,0.2842366239416328,0.29367675768951756
B1,FAM20C,0.043108502933164976,-0.08750987339353211,0.15742405410615787
B1,CLUH,0.18795075809653825,0.2796109673983753,0.32827557384830214
B1,ATP5J2,0.19386063473348206,0.24181481109027933,0.2965533180014987
B1,IER5L,-0.06871277680464778,-0.02898955834770523,0.16577487559341764
B1,ZNHIT1,0.03709591729361586,0.10917014489909996,0.10962551756569625
B1,AUP1,0.12657318987298521,0.1895109644203113,0.19840377256213237
B1,S100A16,0.10694803955600987,0.24285154252855948,0.3122226099781017
B1,SLC16A3,0.09128050810532942,0.08071740349530075,0.13429049402140203
B1,PHPT1,-0.16095149288132163,-0.24561781662580498,0.2561304313700252
B1,ATP6V0B,0.303578977264008,0.3223365659652301,0.34175362231381606
B1,POLD2,0.08976492110433937,0.20717331961642968,0.20897996709520086
B1,RNF187,0.08991907876591823,0.21430485171883623,0.2621849242049861
B1,MRPL41,-0.08327889860855547,-0.17941940798511657,0.2046367125828944
B1,PRKCSH,0.061588384616770284,0.2611537396148736,0.27565761823592594
B1,INF2,0.09923274249337853,0.2236665076424291,0.24765555437374978
B1,COMP,-0.04962939499489705,-0.08267382632691654,0.09972521692145817
B1,METRN,-0.05319339701306165,0.16164014615499833,0.18476745296854133
B1,CENPB,0.08361967083791208,0.13804710182709592,0.1574009444186348
B1,CNN3,0.18868957402907927,0.19964547939742686,0.21614045143434243
B1,EVL,-0.22145132637473317,-0.3640117807182677,0.36491376543233806
B1,MBD3,-0.027782059504062272,-0.08492264172265268,0.15287663219614345
B1,C9orf16,-0.014048496429636195,-0.029234447281488034,0.05445958571130054
B1,NRBP1,0.06492893160658937,0.14547356990078825,0.14560548001182544
B1,CHMP1A,0.10690159280196533,0.26202003189906087,0.27274966980723536
B1,PDXK,0.12217060813022279,0.2298709793014528,0.2500822261283956
B1,SMARCA4,0.18312356375592628,0.27622998440020996,0.31954520449628737
B1,NR2F6,0.22837084404003513,0.3001309573358823,0.3068089636371013
B1,GAA,0.07139024690926694,0.25632740984949415,0.2818238567562245
B1,PTGDS,-0.08339336223627597,-0.13929684203679865,0.14106354536040427
B1,CYC1,-0.016306920784386197,0.1675728183424451,0.23014253589840714
B1,STUB1,0.18543622221148304,0.3019145729749237,0.31794575431781835
B1,WARS,0.14920474365023445,0.23419150617297885,0.2891586972270889
B1,MARK2,0.089124525390861,0.12639064642078565,0.1295767672347398
B1,HLA-DPB1,-0.18527310111918893,-0.307703200353384,0.3166442233192091
B1,SERPING1,-0.026243879355453574,-0.2631085880822451,0.28973396528749695
B1,SSR4,-0.1535239815180646,0.06182589882059759,0.2097890623285641
B1,SREBF1,0.26848157598513794,0.33704387591438284,0.35535233206527117
B1,SMIM22,0.08439548590195878,0.1767106914899085,0.24856950433611236
B1,GADD45GIP1,-0.053302101192819175,0.11071926207685855,0.1350750272853294
B1,RNPEPL1,0.07443159112286941,-0.17030371378658335,0.18257982736099276
B1,MAN1B1,0.06496807967453469,0.14601454681743284,0.151952354734076
B1,DDB1,0.1865076137785368,0.3011872539330592,0.3169357784083504
B1,TNFSF10,-0.03170579272604981,0.18202907713886418,0.22815862611432486
B1,PPDPF,-0.072605920306564,-0.09971684861224793,0.20958151107575748
B1,CHD4,0.1656480584794414,0.1833611955453734,0.2002411513295608
B1,LAMTOR4,-0.02136701357357583,0.15371581130227477,0.1648457296829972
B1,AURKAIP1,-0.048823940111153145,0.09196281311126328,0.2367381190452446
B1,EVA1B,0.027157861104177717,0.01641998200823757,0.2008477748076139
B1,HSP90B1,0.3819279476584574,0.4370818366632501,0.43893234715859697
B1,NELFB,0.03473708697842149,0.13494118434549343,0.16866657014247707
B1,ARRDC1,0.06788764959357055,0.25021596811769664,0.3048338686517449
B1,CALM2,0.4230666330012885,0.4574252707529682,0.46097790114102477
B1,NECTIN2,0.0021816214680582713,0.2031007735545937,0.2575036062701717
B1,ECM1,0.0431848624979656,0.11280157953547369,0.2121897291726724
B1,PPP1R14B,0.030047203065434097,0.16030397397209545,0.26881444094366047
B1,B4GALT2,0.08860369009542461,0.11793120859901088,0.16140172293057162
B1,PRDX5,-0.10585820293204298,-0.02450798698130216,0.11502455973869942
B1,ZFP36L1,0.4271110964289484,0.4232988294780473,0.4481411586124628
B1,NME3,0.21651558493654205,0.2799800531894223,0.28180417025020615
B1,TMED3,0.06919956454308461,0.0995076280187967,0.11596065021962325
B1,BUD31,0.2967360634268245,0.29060011742770314,0.32762454862930535
B1,PTPA,-0.08153437413231127,0.22550694204575916,0.2652911549515888
B1,SYNGR2,0.1073387788719826,0.2079684868660339,0.22468824233573306
B1,MRPL28,-0.039583550529991914,-0.04146186312827746,0.07911079556844859
B1,MCM7,0.29934457583563584,0.3181412969297021,0.3239874301886476
B1,COL4A2,-0.04260473831171366,-0.1437653616861469,0.17501698577585506
B1,MRPS34,0.07123220968441275,0.1153542995341483,0.1575625795674275
B1,CCDC85B,-0.06472254313320874,-0.0754538176327515,0.09305413560317699
B1,MMP2,-0.0008519080880020688,-0.07175862860177398,0.15760412674011715
B1,HLA-DMA,-0.009132438945316294,-0.14727970039398278,0.17631198181887103
B1,CCND1,0.1634613580266487,0.23889322465674795,0.2737245394364512
B1,PGLS,0.09621006838339176,0.17474159847016493,0.2006617616615286
B1,C19orf53,0.04360238418329875,0.17229655336196595,0.18056343056266602
B1,HCFC1R1,0.0015210729376337422,-0.3387678806239329,0.3422123855435826
B1,APP,0.22746097285744066,0.0658042867627557,0.25031781514681567
B1,PSMD2,0.22524318105979887,0.2723499509635284,0.3011364883834305
B1,MSL1,0.12590768588953155,0.11805569558262795,0.13636758917768482
B1,THY1,-0.08708874016771621,-0.17180128745263817,0.21066468319751896
B1,ALKBH7,-0.014488125708911975,-0.03945522303599215,0.09707888658001405
B1,NME1,0.2642141796209189,0.34662788973401126,0.39278074478293024
B1,S100A10,0.46108044744242915,0.5734984187115385,0.5762073831385126
B1,PCOLCE,-0.02693110902132451,-0.06749752934770664,0.07100967861828655
B1,CDC37,-0.048486632515080265,0.19721833496107322,0.2661996995928339
B1,ACADVL,0.19615361618599242,0.24591903455760075,0.30778790786589333
B1,DUSP23,0.1556700180982601,0.2727159760380053,0.29345882754506564
B1,GPX3,0.06573942482633975,0.0323134291825479,0.07590932266859088
B1,MVP,-0.020953703655453848,0.13766066356665696,0.16555536174384347
B1,MLST8,0.018311886634715495,-0.20864452596532196,0.24846372570729766
B1,EMILIN1,-0.023881484353558604,-0.09219760160786317,0.09661384635474662
B1,LAMTOR2,0.1492846990969372,0.1652973582507778,0.17008023493241553
B1,LRP1,0.03938336685163459,-0.13993646427776746,0.25081726932229287
B1,MCL1,0.25638524026751663,0.37684746746678527,0.37995777817154813
B1,ANAPC11,0.10134563176431445,0.1508377332851664,0.15252482230717906
B1,NPDC1,-0.04816850494178572,0.14853274972939462,0.19989738763512555
B1,LAMTOR1,0.2988488244761011,0.35413807296514294,0.36007109718165714
B1,PPP1R1B,0.019155238190779873,-0.17647099437305194,0.24616806145553638
B1,PGK1,0.34109271866112706,0.45491366714597764,0.46117083042279455
B1,TMEM219,0.23566728486883354,0.26821750042871867,0.2957854704507651
B1,ZFP36L2,0.035634973035982405,0.15447764830140037,0.21106823702504227
B1,NUMA1,0.1717609198166823,0.2238901125477495,0.2914158805728113
B1,CCT7,0.12001107545581065,0.21874947995610555,0.2369919401682677
B1,NDUFA10,0.17726245164557122,0.24330404460461105,0.2457132765929573
B1,RHOA,0.33896659615581076,0.42945754715761486,0.43776316170521073
B1,COLGALT1,0.17208745951825616,0.2757232645558009,0.2861189564279146
B1,SPTBN1,0.1384416363324977,0.11158434128815556,0.15783353699069017
B1,HES4,0.13238519875854812,0.13770018281147434,0.14698698867690557
B1,SERHL2,0.11843740841228625,0.12318702555510985,0.1301081607339546
B1,NT5DC2,0.05357967914268799,-0.00033736055507404194,0.10433249722746155
B1,FBL,0.02474452832814561,0.2021038556764486,0.2626926830272297
B1,SEC16A,0.40672282339541194,0.4476360560128715,0.45375055655672686
B1,PSME2,0.21724169098885407,0.30601489432603973,0.33648390533946787
B1,EPHB4,0.14955659392938028,0.22464027991121505,0.2403634852667226
B1,SSU72,0.1792007436886966,0.15930724532811893,0.19521103396464465
B1,IRF7,0.23656412090689008,-0.25639648871632975,0.2662802662443316
B1,TYROBP,-0.24040995879064384,-0.23514530132445993,0.24156252115662596
B1,PRDX4,0.14581726090375718,0.2109743282586375,0.2130247452676766
B1,TMEM9,0.2802988361642669,0.2885888691085498,0.2897571718606422
B1,PPP2R1A,0.36703286744479546,0.4397159463831446,0.4447828548069754
B1,PSMC5,-0.030585031247946926,0.20514305486131443,0.2711786399603676
B1,RAB1B,0.036763049168633884,0.17737022985271048,0.21958725945269056
B1,C7orf50,-0.015382547644066739,-0.18193142108334934,0.19213695486965077
B1,FAM50A,0.1463195257462288,0.17041752048123765,0.17277518752301385
B1,TUBB4B,0.25010331797432755,0.24387161553330552,0.2581557120466259
B1,PDIA4,0.2784118479401163,0.33525200266249006,0.3420146436222723
B1,VPS28,-0.12487706908970815,-0.16869385552934715,0.17921522762996844
B1,CRACR2B,0.3255819409727094,0.26396361863524276,0.34840085138774546
B1,C1R,0.027211220620595437,-0.08967925273961529,0.13404125429807723
B1,TMEM132A,0.2474560508376916,0.2568780249271743,0.25987193508346196
B1,MGST3,0.36275354333556853,0.4337537658192928,0.44838169499721714
B1,S100A4,0.05060084317795041,-0.048405195578890885,0.08475447362222142
B1,EIF6,-0.07619477341328017,0.15624776491649844,0.19184292892961402
B1,TM4SF1,0.30193765995597394,0.15915726451178688,0.3299366319042265
B1,NCLN,0.11996789699017332,0.23285821397341372,0.2532516237441871
B1,DBN1,-0.11113493719016351,-0.13847175746207738,0.1598625339565373
B1,CREB3,0.14323359790795845,-0.15413227121871492,0.21669125206944082
B1,SSNA1,-0.12338135842427041,-0.14311819506926382,0.15612926610121358
B1,NINJ1,-0.01582677198176208,0.166833147420007,0.20740019302752305
B1,CTSA,0.1565094301255288,0.22563586480551626,0.23258505397977414
B1,PPIB,-0.06823868461050264,0.022951027341624415,0.1434009959682627
B1,MYDGF,0.022420575156463958,0.29180037967541483,0.30984582664255145
B1,BLVRB,0.06324501489565218,0.18538408055139732,0.3296221291876938
B1,OST4,0.09941598873690835,0.20593371690320791,0.24647820339556484
B1,MAZ,0.017008408003011594,0.20417292311493268,0.22559709440918008
B1,UBA1,0.34747642484788255,0.3802689744263318,0.3897903775588809
B1,C14orf2,0.3361358209468889,0.4266209247680922,0.44021091485153196
B1,MRPL55,0.06533158528530744,0.17241810468874302,0.2003743133453426
B1,FXYD3,0.08614930662546914,0.26656761935718015,0.3326260954947936
B1,HINT1,0.4677929145032591,0.5161843530282912,0.5204663541761582
B1,LTBP3,-0.07616491145842953,-0.027741242350022472,0.09143907328138377
B1,GPS1,-0.022494155321639252,-0.09612061987165829,0.09943160364011613
B1,JUNB,-0.06321693437563056,0.3377627536287982,0.34547415885935145
B1,HSBP1,0.14857412774136033,0.19711206136287807,0.22933648824572325
B1,PODXL2,0.0704606997098474,0.11746801846932475,0.12680986650647136
B1,MFGE8,0.2034559189734862,0.03807043120628028,0.255309070026971
B1,TMBIM6,0.2971195840574332,0.366688107400893,0.3949842643873902
B1,CD63,0.03327028958930665,-0.12043849743575501,0.15645378271055707
B1,SH3BGRL3,0.11347471107639956,-0.2149615050749123,0.26080448464080264
B1,CTGF,-0.08795531134198253,-0.15479753456286643,0.1959722742572095
B1,HNRNPAB,0.4650993117878172,0.49202495454534817,0.4932576754155496
B1,CHMP2A,0.07256274414591031,0.16152694847133753,0.19065141464111865
B1,ARHGDIB,0.018080887170439548,0.15928463615354446,0.2065878818258888
B1,UBALD2,0.20682841757026826,0.2322435182080133,0.2549396517186477
B1,CTBP1,0.3440170548616342,0.34770236217855727,0.40968234946677
B1,NOSIP,-0.07206903571492851,-0.07702498947750282,0.21877854933145183
B1,PIEZO1,0.3192803952839778,0.32323039201611586,0.32566163809580406
B1,QSOX1,-0.22990884565091677,-0.24451955287998126,0.3134174359280774
B1,PKN1,-0.013649554876631368,-0.21076277802709256,0.21509255941115477
B1,MGAT1,0.07146940274976611,0.2440774235681726,0.27382823218956553
B1,MT2A,0.41409319337706646,0.4440712706024932,0.4625523832566345
B1,NDUFV1,0.013286748286849967,-0.10126279433942263,0.10299770567839818
B1,TMUB1,0.01958699998150632,0.04410275198180319,0.06139191148211554
B1,HTRA1,0.026527907456340583,-0.0630408602966358,0.11967400696219685
B1,SIVA1,0.2544267535837425,0.2984237318531263,0.30738232424646666
B1,AKT1,0.3279777472933697,0.3597170281102577,0.37582763790763996
B1,SLC25A1,0.17852837098858482,0.28421871513381525,0.2941368862120132
B1,ATP6V0D1,-0.05576821380029581,-0.13274124777131346,0.14265847140269203
B1,FCGRT,-0.07884003701605204,-0.20574616869205595,0.22410471039588856
B1,TMEM208,0.06590724721180513,0.19315380066466087,0.19919525849979922
B1,ECI1,0.04640435256911629,0.08287470441394351,0.08540178798018326
B1,MLF2,0.4510311804637175,0.45692489173761075,0.46565121545903837
B1,YIF1A,0.12450298727677535,0.20439826868790498,0.23350096629453979
B1,GCHFR,0.08555118843875506,0.1125411415311941,0.1178438492576336
B1,SYMPK,0.18499125561328428,0.20672717664634363,0.21203404398736017
B1,LRRC26,0.09842110014160853,0.2543713100573851,0.26083508568441943
B1,AKAP8L,0.19286885190174252,0.18016195101192758,0.25261196828097443
B1,ATP5J,0.2902714367906782,0.3218359415643591,0.39475543176718386
B1,NBEAL2,0.19151275105326085,0.2763789369382798,0.2823029370125239
B1,GTF3C5,-0.11763525655925683,-0.14156741330312492,0.21231888404405486
B1,PITX1,0.1017005532065528,0.1662276873663895,0.19216131945075854
B1,YIPF2,0.06935195389800602,0.10205558533165215,0.10808352952863037
B1,EDF1,-0.10009992356361258,-0.1304754076534129,0.20173925421005404
B1,SOD1,0.35770452080622817,0.366548618084798,0.37722163664426905
B1,PYCR1,0.08020837172176114,0.2090556577083957,0.23681880257164706
B1,TCF25,0.07387499780048662,-0.06766117269580607,0.1302769578356819
B1,EGFL7,0.08651513150192264,-0.030762132689611654,0.15429096432566486
B1,SEPT9,0.29580222241232573,0.3650008114666438,0.37374329217876445
B1,RAD23A,-0.038729239853101546,0.18906671925137353,0.23621767351270506
B1,EMP3,-0.10292157253117257,-0.14778902124304263,0.17985336634043558
B1,GAS6,0.17788125074873545,-0.025675087048909584,0.23776207045600553
B1,CFL1,-0.277239854108818,-0.17605052908325772,0.29239938406095106
B1,CNN2,0.025840274581729855,-0.24801905338676083,0.31997395946840357
B1,PRPF19,0.14367086168648627,0.21810590349829195,0.2571914856011012
B1,NDUFA4,0.17595779165619518,0.24801864817393438,0.26099443338278583
B1,NAGK,0.18806911554209851,0.3475862457391773,0.3629170401710452
B1,CXXC5,0.11685487746086283,0.18974871949855518,0.20318342228464778
B1,PRPF8,0.06718056084665038,0.20417280092897297,0.21074487018611124
B1,CAPZB,0.2116943313155744,0.25472647723801917,0.2962520859754591
B1,PPP1CA,-0.029848914702518783,-0.1711653632076098,0.18792238417842555
B1,CTSD,0.0029322278021059293,0.013019623053429276,0.10149673821692627
B1,ST14,0.059407940930835866,0.12167591043035293,0.13234833967004156
B1,CCDC152,-0.09597358295427538,0.14751654212622856,0.15789241072357751
B1,RAD9A,0.01161958499847612,-0.1595979862579937,0.1671433345695924
B1,BAD,0.11317918547157708,0.15760028181113003,0.16052511395915742
B1,CSTB,0.29676782667296875,0.30294148987755753,0.3221837715891333
B1,CCDC167,-0.10601181291326182,-0.19399777571234153,0.20705141144393255
B1,TMEM205,-0.024475995138295664,-0.07243712221301234,0.15521327593359358
B1,PLEKHJ1,0.15654005666897888,0.1947402565146109,0.24124632262355056
B1,ANKRD13D,0.19100636902513368,0.1920325381484109,0.24990084229451928
B1,CCL19,-0.010274679962148014,-0.014641724017199972,0.06774261069090218
B1,NEDD8,0.1377182177601603,0.23602894184118187,0.2384776077087173
B1,PSMB8,0.09827522950662868,0.3019223868815882,0.3188433418624026
B1,ANGPTL4,0.009002193587851893,0.09793724839626146,0.16984321631711136
B1,RSL1D1,-0.08230739237424449,0.11522563308463986,0.162942548849793
B1,TSPAN4,0.0007088948034600147,-0.04639871038298804,0.06552017403191819
B1,GM2A,0.14801251020796163,0.22583736555084466,0.26719296344180254
B1,ATP2A3,-0.2156577995232774,-0.23413115255895534,0.23888546131249008
B1,RER1,0.2736238824055033,0.33930895268490013,0.36582058097589387
B1,MVD,0.1912772457539589,0.24959785801828707,0.2859609199675425
B1,FAAP20,0.14767514251793076,0.24047820433579997,0.24090403030324148
B1,DUSP4,0.4389410866954855,0.45102036643156884,0.4533718262803441
B1,RANGAP1,0.08684231835737834,0.15244805366246403,0.17394828330256862
B1,ITM2B,0.30690270944876213,0.4399442353180484,0.44807222023619997
B1,MAF1,-0.11686999518515286,-0.1656753878087947,0.19559815193838376
B1,CYB561,0.2963471414053815,0.3940645468916846,0.4071140182158856
B1,SOX4,0.012412285536283827,0.05383393623416556,0.05902226900954496
B1,LYZ,0.40135265821074634,0.5187465080176575,0.5288484674403139
B1,UBXN6,0.001285528092995505,-0.0736710835705224,0.10796931185780428
B1,PLXNB1,0.12780154860403192,0.09375294512469053,0.16788361763591864
B1,APEH,-0.09309718921896042,0.03639673251293648,0.12792534702256875
B1,C1QC,0.05270993841682265,-0.18526736940375063,0.1866282002569655
B1,LAMB2,0.09678586107707718,0.002471857574467958,0.10708772216653929
B1,FAU,-0.02523231325075104,0.005311742574409648,0.20555715785719472
B1,TM7SF2,0.123328039083339,0.15978843891089453,0.26746892515576837
B1,PSMC3,-0.002375878197525249,0.13319839095918645,0.1485216785518274
B1,UQCRH,0.4365778262021656,0.4503049088708808,0.4532190742636062
B1,RHBDD2,0.12445854232012472,0.13711852463696403,0.21943052867744442
B1,AKT1S1,-0.09494228052090044,0.14781400540496778,0.24426490952392174
B1,SDF2L1,-0.08351968480828888,-0.09761825416263534,0.1858909182032797
B1,ASNA1,0.09128054422379776,0.24174787652638186,0.2526475047033113
B1,IGHA2,0.011959464963054774,-0.02228360467015852,0.05429681245652797
B1,SNRNP70,0.30583024015370236,0.14063464121322547,0.3072520915891601
B1,KLHDC3,0.02367204913463044,0.13314069950175322,0.13364870958905206
B1,COX7A2,-0.0035482789397489915,0.20553722804608188,0.29197613346693274
B1,EIF1,0.5451696759281076,0.5422374485303314,0.5489869891927861
B1,RNF181,0.2274548296236537,0.2852084927838245,0.31067285728430805
B1,CLPTM1,-0.008130560510034258,0.004250189927551289,0.15876240404990968
B1,CARHSP1,0.016914917504505134,0.048355190948650054,0.06547153410552914
B1,MRPL24,0.25270012778321554,0.2331468048119797,0.26842696317780557
B1,CTDSP1,-0.05143260055309939,-0.11525707959792662,0.14025720297432345
B1,SNRNP200,0.1983434446199588,0.21181967684657482,0.24152815575725767
B1,COL6A1,-0.2768573782504456,-0.2615740048898186,0.2793108464952274
B1,SGTA,0.11398600185201298,0.15489703565548302,0.1598766573069417
B1,SCAMP3,0.10901652496210938,0.11549658622161303,0.11821857583096451
B1,PGRMC2,0.246138944509747,0.24616670244579777,0.2520198173713634
B1,MXRA8,0.12412001520412452,0.08673581733077526,0.13242530840558417
B1,JCHAIN,0.1384315137196913,0.09428525488701739,0.16872080120610997
B1,GIPC1,0.16392492551095658,0.2735482113608207,0.29889572237060014
B1,COMT,0.21301855022108349,0.2346839284327924,0.23843472493894993
B1,SERPINA1,0.007775218338789944,-0.13951251416764554,0.17180385984732285
B1,CLCN7,0.14870294616059612,0.20807255283288886,0.21066012463630443
B1,FAM89B,0.13921398841996577,-0.15049071355487673,0.19640883290387526
B1,ECH1,0.363558589015985,0.37192953547146446,0.3878142512798517
B1,PLVAP,-0.02430578845477581,-0.07363240727646919,0.12589110193426087
B1,ANXA2,0.20604334341045302,0.34961791674818254,0.3584640427371946
B1,CAP1,-0.0641736350929782,0.07097296137481565,0.15899772313606717
B1,LRP10,0.05825980924088674,0.272583103878207,0.2938556094755697
B1,SIL1,0.02402814820084799,-0.1336282768901445,0.189717624488637
B1,FUS,0.24077595114848518,0.2101027495323748,0.26294098984814224
B1,LSP1,-0.1984686539963349,-0.16734583783126836,0.2057439020858812
B1,ARSA,0.022383415304658597,0.1223318187457106,0.14966197898733002
B1,NDUFA1,0.10913676540091967,0.3258115582189663,0.35085690448273504
B1,ARFGAP1,0.1543230951182179,0.18031504703313891,0.20015521312360646
B1,EIF3H,0.3832252249731897,0.39620134259516576,0.40005318899630526
B1,MARCKSL1,0.41313006037655636,0.4395617131870709,0.439591397784066
B1,SEPN1,0.10823425394872337,0.13811702256798108,0.14892171960120248
B1,NDUFS7,0.07813831203933262,-0.01597476577260999,0.0823674703438795
B1,PRDX6,0.18739545384494238,0.20036340845426331,0.2781511983626202
B1,STAT2,0.25788949401525285,0.2414781775927594,0.3393852014480936
B1,PDIA6,0.4286121998711485,0.4923284995926813,0.4968770082799417
B1,TNIP1,-0.04871895903424683,-0.1487728241267853,0.1561913477893375
B1,H1F0,0.31640644931898537,0.3651941396769024,0.3656378124538035
B1,ARHGEF2,0.2690052187473818,0.31483205253642943,0.3377411992210255
B1,SAT1,0.08684482636651432,0.26846101390125926,0.2857265367117789
B1,TKT,0.21156184243265388,0.22362903222260996,0.23652853425297626
B1,DERL3,0.09815365785067828,-0.020513321189299154,0.11107191327800756
B1,BCL7C,-0.14126429401975138,-0.09544434521043413,0.1849113686847241
B1,DNAJB1,0.10164756143825328,0.18683870040518602,0.19539501588205146
B1,CSNK1G2,0.2478869441736896,0.2542234933493459,0.27499224424327307
B1,C8orf59,0.22709654769818688,0.31982134105988835,0.3359456870570985
B1,PHLDA3,-0.0850327970543866,0.0008442365057679184,0.16377105574614031
B1,GLUL,0.4889568245911654,0.4953516426132281,0.49596441358093607
B1,JSRP1,-0.036971190956992944,0.04971525396170037,0.06880612969966149
B1,CARM1,0.005810109597953787,0.09517979678360455,0.12419280484791104
B1,NCOR2,0.037537812699303445,0.2601342233160013,0.2826614710857839
B1,HGS,0.3703262871640954,0.3855515400188051,0.3947516458881036
B1,MAGED2,0.27664258473383124,0.37805428244590883,0.38232721403531195
B1,ATP5G3,0.12606560630401112,0.16634640523546193,0.1686222954070762
B1,BRD2,0.29398789371798906,0.3121750958868395,0.31419958448070795
B1,DCXR,0.09815540232802723,0.21080993674192616,0.2641772510593066
B1,NUDC,-0.005030297144632356,0.12179311469620782,0.134856561695437
B1,TSTA3,0.059035088429553025,0.15761327235565042,0.21273764926539343
B1,RGL2,0.18260343933575449,0.1962777885149429,0.20039198014961834
B1,ACTB,0.30496803066056366,0.35199992529291435,0.3624662138307689
B1,GPI,0.29622854863572345,0.3247062152301769,0.3251525674346839
B1,CUTA,-0.014596117561462514,-0.05879759282637035,0.06282292790872167
B1,STAB1,-0.020602766855750146,-0.03322476178595715,0.05218587306173738
B1,MKNK2,0.26445275156039827,0.334863059732349,0.3635734061144685
B1,EPN1,0.07919941144941015,0.1998969288115305,0.20356440261344871
B1,VARS,0.10438345113014863,0.12241274909346109,0.14147765570828705
B1,CYHR1,0.15406925010045533,0.1537934779328599,0.25737259969545545
B1,TRABD,0.3422929261549646,0.37038801942408783,0.3897115079675675
B1,TALDO1,0.20925354806490548,0.2950309610864803,0.30725921219689906
B1,NAA10,0.23002993396297156,0.20265921095695769,0.23687871484882975
B1,DLGAP4,0.07287320772819753,0.15623223529777303,0.21187211918695423
B1,ERBB3,0.10712783320108309,0.16535656326725623,0.20944711957435264
B1,CRABP2,-0.1841515553556986,-0.2987323658636014,0.34692237634459716
B1,POLR2J,0.08394173889935315,0.11518727285084096,0.16025885379522053
B1,MAGED1,0.4181060179551271,0.5075369235524217,0.5108931762827775
B1,SHMT2,0.31385710415073265,0.27291001332757736,0.31505379097263636
B1,TGFB1,-0.05620329261060094,-0.17861422847307926,0.19528950834316589
B1,MZT2A,0.05262062227735236,0.18337054038759662,0.21049393050068482
B1,NDUFB2,0.35260057225903624,0.41499680387281745,0.42019936009941505
B1,SHISA5,0.3519236848645984,0.38021639698329535,0.3882330631062143
B1,OAZ1,0.06166709209378805,0.22731435586718096,0.24367556772387447
B1,SAA1,0.24867903468370514,0.0692861336693514,0.3072960994718518
B1,FTL,0.28212197548654866,0.2320847120812126,0.28456122127456723
B1,PTGES3,0.26750921556057355,0.3409093888134937,0.34551471838780595
B1,VPS51,-0.052941303473526886,0.0006717461630687146,0.13703811239365973
B1,LONP1,-0.011829709647481887,0.053688957886147595,0.10858391333214154
B1,MCRIP2,0.11416129437281863,0.16110495966442254,0.17189071362349095
B1,HNRNPH1,0.39416143867686376,0.4105960080329319,0.4127831188777221
B1,MMP11,0.19225555046842185,0.34831479348648375,0.34844849632105007
B1,LAMP1,0.19326586217702296,0.19792240704661584,0.1997634149268887
B1,CORO1B,-0.010187792997656011,0.16862582774636684,0.28007249323556016
B1,SHC1,0.14064641507177633,0.31490349409365676,0.3453520821150497
B1,NAA38,0.09988654816878165,0.21021907395285083,0.24778526821839134
B1,SURF4,0.31270081802554034,0.46882685953960185,0.4716673444437016
B1,NAP1L4,0.28383801867548664,0.3059857698653223,0.3334070563044012
B1,PSME1,0.13678888777328302,0.327779979235279,0.33543218608941683
B1,PHC2,0.10607981980299001,0.13578025005690417,0.14337163886945067
B1,PIP,0.24370795128441894,0.40012984403369695,0.40747589576619647
B1,WDR1,0.2761661961323602,0.3269801300778993,0.3309227202072029
B1,CAPN1,0.021871074506400096,0.12944526038903245,0.13295610087411852
C1,IGHG4,-0.0653665114755539,-0.09276003183974507,0.1935107573779545
C1,IGHA1,-0.0665175833396495,-0.06958503326297913,0.084467424289167
C1,S100A9,0.2228431914132752,0.23512211235569455,0.2639847268878678
C1,IGHG3,-0.20721285172764045,-0.19279273418980095,0.2878331671789802
C1,CALML5,0.008508215189621405,-0.0017283205964766862,0.03868145338647179
C1,IGKC,-0.13520721775182723,-0.13765030817727103,0.15410701108975827
C1,IGHM,-0.08395520456089829,-0.048968300339500975,0.12993444150396943
C1,IGLC3,-0.30165195597069866,-0.290500370372927,0.35689844277111016
C1,S100A8,0.08294620094560162,0.08302366732160324,0.08302366732160324
C1,IGLC2,-0.22237827071633318,-0.2126567420845798,0.29366598095628016
C1,MUCL1,0.3919537144522187,0.3922501565007507,0.41739084221030653
C1,IGHG1,-0.3003089003802534,-0.2321217569055457,0.3141752677847446
C1,SLC9A3R1,0.17435281449637696,0.18580765258594314,0.2164803604211248
C1,FN1,0.21737084842252527,0.2877131233704477,0.33282279739115406
C1,MGP,-0.2402353887541374,0.2326736939391293,0.24271576563389163
C1,TPT1,0.18942615888619382,0.19167164267757547,0.21362001393936203
C1,PTPRF,0.2587519705225355,0.2601525808126336,0.2664379913873688
C1,BEST1,0.15292577148487327,0.18523280281570254,0.21147569796636895
C1,FASN,0.13243388742291604,0.12047737297766538,0.1695860974600534
C1,MIEN1,-0.07436011861639774,-0.07580820702568988,0.09718468314303216
C1,AP000769.1,0.42680528620360514,0.43381013976289146,0.4356349342773903
C1,IFI27,-0.45462304049940616,-0.45252096316921064,0.4992718054953082
C1,ISG15,-0.15924203471740786,-0.12280243952201592,0.212287119731744
C1,PHB,0.2611420566305157,0.26877532420446615,0.2784261446721602
C1,COL1A2,-0.11791805627622128,-0.17051272052868702,0.17166469507886836
C1,GRB7,0.1926362920373921,0.19260468998572913,0.1927248275304849
C1,MZB1,-0.16575847975122338,-0.24461912716066753,0.3288450414234775
C1,PABPC1,0.2185992812492715,0.271326298437908,0.29490883426046055
C1,C1QA,0.14390138943033245,-0.10386154788927048,0.18080523625552344
C1,TAGLN,0.1829856653293569,0.17858905504884187,0.23196628156553425
C1,LLGL2,0.05981662057798262,0.05039024877043818,0.08323761666658859
C1,B2M,-0.06515998996548365,0.186118832510013,0.2800432911394036
C1,COL1A1,-0.24675262829807854,-0.2894233543737146,0.2910041384123777
C1,ACTG1,0.101944344008569,0.098174634946577,0.10480243122036392
C1,SCGB3A1,0.06268917397806223,0.06273078263431353,0.06273078263431356
C1,FTH1,0.22997745933763816,0.2003260862835444,0.23674139688278606
C1,AEBP1,0.35179665553847705,0.36915455747521964,0.3745950040377817
C1,LY6E,-0.12700296915495363,-0.20647576899115466,0.21195150526977513
C1,IGFBP2,-0.12070712983433966,0.22452364842761596,0.22514477410842149
C1,APOC1,-0.07195445451053002,-0.046900821853747506,0.1585273465201399
C1,PSMD3,0.2509433518758573,0.2590602745321496,0.2609228052852338
C1,C3,0.08517969557157452,0.09004179083099179,0.16085113465697298
C1,COL3A1,-0.010541610518083496,-0.10344257524914964,0.10568651473950391
C1,PTMS,-0.018538339208575207,-0.02392821743429173,0.09174681463639858
C1,HLA-E,-0.28267321276305574,-0.29187567380300805,0.3248180843376283
C1,AZGP1,0.10974389761698464,0.1121946958001442,0.11834867710065347
C1,APOE,-0.005477601338479638,0.046336210826174166,0.16184663426333426
C1,S100A14,0.17103003481504833,0.19190351498448774,0.193317786208248
C1,HLA-DRA,-0.004765886749828126,0.06677796126429923,0.20656727557706947
C1,NDUFB9,0.13656595827169146,0.18006569953556684,0.2080135764249951
C1,CISD3,0.36206555563808585,0.3591373495707493,0.3621327906057724
C1,CLDN3,0.028941394984368596,0.11123880783947472,0.16199305352395152
C1,TUBA1B,0.24604521238821064,0.25426794907995626,0.27795972415378367
C1,LGALS1,0.17638763760959006,0.17567961951582142,0.17647001271013163
C1,PSMB3,0.33162124383660274,0.3295282490545605,0.33503272015054525
C1,MMP14,0.03508100596989456,0.02433361562080715,0.03653257571127402
C1,MLLT6,0.1971250788558998,0.19640061024178623,0.22888800999495532
C1,ATP5E,0.31673897854369587,0.3279661178626792,0.33872675662428575
C1,DHCR24,0.39575364185166545,0.3964416715923376,0.3971080930512323
C1,CYBA,-0.007353034180428658,-0.0016014594321560613,0.051442505283825476
C1,BGN,0.12446012788806617,0.12329338743039091,0.12452521544110595
C1,TMED9,0.0774312808865815,0.07004660303329643,0.0778288163815648
C1,MYL9,-0.09988967350510342,-0.10101341741805882,0.10501244646089546
C1,H2AFJ,-0.0037933578180970318,-0.2966935889010712,0.30834485100118114
C1,TYMP,-0.12715727526477696,-0.11331560130410512,0.14193844021342783
C1,VIM,0.001858870282436835,-0.003367612730512861,0.07143092558738244
C1,HLA-B,0.034832735433996856,-0.32710405021209094,0.3795051934605605
C1,PCGF2,0.41528759050279745,0.4154507912235068,0.4154924952583607
C1,LGALS3BP,0.05352943248615195,0.0623493968267411,0.06699239411102269
C1,GLTSCR2,-0.0073681028847295445,0.005107004896500115,0.1518565719504798
C1,CCT3,0.28132564086157263,0.2969062654511161,0.3089806868753339
C1,LTF,0.11029320123323144,0.11119446404309957,0.1206135847187048
C1,MUC1,0.15173174029793693,0.16569581773795367,0.16642562080251794
C1,A2M,-0.07083976723305979,-0.03857254782371085,0.11831896511495218
C1,SPARC,-0.00501579255735299,-0.0064453993534269085,0.00716726890755089
C1,ORMDL3,0.28936749963062347,0.2896649099497441,0.28983285968680184
C1,ATP1A1,0.2688785694877244,0.26219516819322375,0.2691080478620494
C1,SCD,0.2879861975113094,0.2867367415452249,0.28994109413122177
C1,COL6A2,0.15640748318317266,0.15441404800801706,0.15911119511324648
C1,G6PD,0.22424061265724704,0.24045302862390902,0.27719191695797
C1,EEF1D,-0.05700575262010573,-0.06760225267028643,0.06797681982193163
C1,MDK,0.31455409386867855,0.3007752175886002,0.3146246812313658
C1,TFF3,-0.14916814647678758,-0.1419293017740272,0.15125341679662402
C1,IGFBP4,0.20753032080946365,0.20524306437289155,0.20757255291753204
C1,MRPL27,0.09714447575416149,0.10206616980592671,0.10915410973904635
C1,S100A11,0.341125888449693,0.3434038095353256,0.34611898400780144
C1,IGHG2,-0.06427129557020465,-0.13264315314406083,0.20139532247040406
C1,KRT7,0.21455843318899423,0.23186645736353048,0.23578274269623803
C1,C1QB,0.24141734969129136,-0.23851458377363,0.2981391664223376
C1,COPS9,-0.03103193855998843,-0.016698658202554555,0.05838241255933579
C1,BST2,-0.242601591773072,-0.24787694293132365,0.31941265385285
C1,FADS2,0.1585222595821193,0.1576714135391079,0.15856169733655745
C1,HLA-A,0.030633672972735643,-0.1496359845479598,0.21291025068729236
C1,GNAS,0.36655566607519735,0.3755913290076481,0.3798264876789774
C1,ADAM15,0.025881399273817156,0.06346814649706951,0.06428432436169568
C1,KRT18,0.11925157304727854,0.13583401378110785,0.13953849447632452
C1,ERBB2,0.2436638610712622,0.2440274383789041,0.24483008863704583
C1,HSPB1,0.1692928959109974,0.19518290751831965,0.22892729515569812
C1,RNASE1,0.0630202639698443,-0.03605586700697807,0.07229429995159835
C1,C4orf48,-0.062384278413132044,-0.10482611508105971,0.10509010117481163
C1,TAPBP,0.1578529988945957,-0.19005463069367637,0.21089257333129324
C1,SNF8,-0.17338281047524415,-0.16379801216414144,0.1757833464544857
C1,PNMT,0.07720019655252022,0.08342528391124147,0.10184980654762611
C1,MYL6,0.016985324080546513,0.016605249539529448,0.017286214374919538
C1,SF3B5,0.09982000037894684,0.10499694729968065,0.1685578836762901
C1,GSTP1,-0.03974940731078025,-0.03287289185313688,0.07290079382697409
C1,COX7C,0.12947152657363806,0.14274067773832516,0.17835507413692434
C1,HSP90AB1,0.1662832153016098,0.16866813702298092,0.17281786427641133
C1,NDUFB7,-0.1595275767205897,-0.15057213405539746,0.16194375832158023
C1,FKBP2,-0.187149969146347,0.1843363692280053,0.19196982938143006
C1,TIMP1,-0.11588543175629312,-0.13748664264683141,0.23653395968674937
C1,PERP,0.12398513452756796,0.12936152042151408,0.13545552140241565
C1,CD74,-0.1437994141523583,-0.1263590306048032,0.22097634880662073
C1,ATP6AP1,0.1655165564017956,0.1894561942787863,0.23929110469176199
C1,DDX5,-0.020836518958087538,-0.02174967128449806,0.0230482774774435
C1,SUPT6H,0.13901213011656227,0.14335886302033737,0.14462425885200664
C1,STARD3,0.2396520355427949,0.24079825477154,0.24575937672128126
C1,CST3,-0.1464342276006489,-0.1501445603146443,0.20489426126578422
C1,SDC1,0.12793911502820332,0.15200128695770887,0.15691939145410755
C1,COX5B,0.05310829923940553,0.05286332981392881,0.058784893961093196
C1,UQCRC1,0.14745394410334597,0.15525243889580315,0.15538979718653578
C1,VMP1,-0.03598459940250891,-0.015681958160478064,0.07653914976274392
C1,S100A6,-0.06898383642105121,-0.06878646752027488,0.06957611904259493
C1,CHPF,0.036202753884534034,-0.038600016686351026,0.06005455464176759
C1,PEBP1,0.32597488376295153,0.3391713149900332,0.35240129312873936
C1,PRRC2A,0.05173458092016873,0.04155742744172456,0.05191060513286257
C1,GNB2,0.1340285202286037,0.14084045736326337,0.1508873900951667
C1,COX4I1,0.30875446105387844,0.3359871345732764,0.3717408816382847
C1,NDUFS5,-0.06813802353495697,0.14588283559879434,0.1548592760429527
C1,RARRES2,-0.011236597371047359,-0.0416010361354291,0.13346411116077453
C1,COL18A1,0.04022761387542291,-0.03912105824840575,0.04532998777854926
C1,ATG10,0.0864922302807045,0.1955189030396805,0.24277284585008457
C1,FLNA,0.01129343443179842,0.009965859001181873,0.02724194089230871
C1,EEF2,-0.007532022751033009,-0.007169847664165116,0.06539188540443676
C1,PLXNB2,0.16583031380499363,0.17747561049746743,0.18569510033325176
C1,SELM,-0.051290796915471,-0.0458808278941732,0.16702566921293577
C1,ATP5G1,0.019708129864148695,0.02466319297212725,0.19218188701960306
C1,NUPR1,-0.017817956635840942,-0.06862475382406182,0.0980811897864895
C1,CLU,0.07336179260455367,0.0643159264665786,0.08164320684681309
C1,PGAP3,0.3160398660516727,0.32547151672152774,0.33399560410641754
C1,NDUFA3,0.06975209488835037,0.07653850127190007,0.09341964506686448
C1,CD52,-0.14472611184849565,-0.14215440576225885,0.14838960298432793
C1,COX6B1,0.10844927068800342,0.10966087982437765,0.14059426777517792
C1,UQCRQ,0.1729512635836785,0.20201804189096162,0.2312952703249234
C1,RRBP1,0.03620432466440057,-0.03693718983165356,0.03855259117753659
C1,TCEB2,-0.19296458520639523,-0.1808426136140203,0.2134792160516638
C1,ATP5G2,0.32252763282355723,0.3293663791302839,0.3297099638867876
C1,TRAF4,0.048141098676002914,0.03785176842839313,0.11570748593697193
C1,MZT2B,-0.3874492070250225,0.37362029694667304,0.40282275614441126
C1,IFI6,0.37883579684813,-0.3895652637152481,0.3943824566257515
C1,HLA-C,0.32268872173921903,0.3007222584466801,0.330457595476333
C1,UBC,0.1262156263877523,0.1266188349286159,0.1268137177751002
C1,COPE,0.10511680200582954,0.10588717655696349,0.1061631448636932
C1,XBP1,0.0965024461902648,0.09293059905505104,0.09897896082381247
C1,CHCHD2,0.14323774568770192,0.14051853890932015,0.1453127136141671
C1,ARHGDIA,0.06537080423109072,0.06134772795141148,0.06623465719751083
C1,DBI,0.28975329081627765,0.3154057758548259,0.3635346545805774
C1,STARD10,0.1399661505434749,0.14604278822612796,0.15191434927542288
C1,CTSB,0.11647857472617126,0.1416270162675056,0.1760780315945222
C1,LMAN2,0.15157896056245787,0.1674097425771447,0.1839108708829654
C1,CD24,0.25907829467636084,0.26441890697863274,0.27366903819963984
C1,WDR34,-0.237029050325855,-0.23877609451917764,0.24833491353564446
C1,QARS,0.02751379451112613,0.03400589850757513,0.052052957236212956
C1,SPINT2,0.2894265776150072,0.2959702295338813,0.2998475010042724
C1,SCAND1,-0.07546261951219078,-0.10472317837127253,0.10652364040981471
C1,TPI1,0.11435934194776472,0.11683785916317281,0.11730556038187093
C1,ATP5B,0.18241800772923503,0.18514677645883232,0.18588167603522285
C1,PRDX2,0.16139095783446394,0.15075977745507685,0.1616648956178231
C1,PRSS8,0.37457745959184163,0.37622932035647844,0.3765359475358695
C1,PKM,0.09928411718047113,0.10521037007316521,0.11721850673360616
C1,ENG,0.028329851217336832,0.030076773472826886,0.051066811098507026
C1,LGALS3,0.26415288234615314,0.2928347628776841,0.30837137423054106
C1,LAPTM5,-0.05387558407783088,-0.0012438575333957244,0.08046915840967174
C1,GRINA,-0.3530840296568458,-0.3402756510769209,0.3534606339989878
C1,PTOV1,0.1599016883479506,0.09896028373004517,0.2051006560729247
C1,MAP3K12,-0.024138605905629558,0.028863187643012864,0.04384447109600343
C1,CD81,-0.06078846910798591,-0.1374623587710052,0.18740725019733848
C1,RABAC1,0.028265062084232333,0.08343442326322571,0.14699460509410184
C1,POSTN,-0.19529772745488672,-0.19773240084583474,0.20330780639582774
C1,SSR2,0.08053935521969889,0.1018101877614931,0.11548998022130466
C1,PRDX1,0.2378840289328326,0.2444507935312062,0.2531543004546006
C1,SERINC2,0.24265204448161723,0.25142753801579043,0.2589260607647877
C1,CAPNS1,0.12325184081865996,0.13112740586042856,0.13915819922739006
C1,C12orf57,0.0622883443063419,0.059763405435104944,0.06278957687092658
C1,MRPL12,-0.0031454061838397654,0.012686786119110538,0.04685263693750281
C1,IFITM3,0.0009976757252148235,-0.016367500865464707,0.06843957593318409
C1,NDUFS6,-0.01862825997703587,-0.024310760040764923,0.03386080317627399
C1,CCND1,0.1492919637504848,0.17370340025638126,0.1785676750929928
C1,TXNIP,0.1664182691002878,0.18911791934741842,0.2583467500284573
C1,PLEC,-0.1347630094924593,-0.139747531681945,0.14311645299301162
C1,ASS1,0.02184078909151933,0.04149572717696799,0.1228803729081139
C1,JTB,0.15065639674855083,0.15340528281212024,0.15352958018655677
C1,TUFM,0.2517924129440162,0.26368815921551136,0.2849536548363998
C1,BCAP31,0.1799085624025035,0.180110834973378,0.18114450745880864
C1,SEPW1,0.23467727414673403,0.24017657907146273,0.25031467544348185
C1,CAPG,-0.04856638993933614,0.24634912761358965,0.30140205656566277
C1,IDH2,0.1337619930370753,0.204688282833823,0.2779889981834236
C1,PTRF,0.14001714500924703,0.14016792798455438,0.14373675642402992
C1,POLR2L,0.11112491314170242,0.15040510776669538,0.1682398908584373
C1,CD99,0.17494235763717692,0.18102287098032072,0.19547535395123988
C1,PCSK7,0.1612536245939414,0.14179613413496434,0.17091889329153406
C1,GUK1,0.19120466136484346,0.17741841141434278,0.21477485275925445
C1,TUBB,0.18316147316462766,0.18992663043413044,0.21000421155097138
C1,SLC25A6,0.1279505102437414,0.19014218699148072,0.20105801992264227
C1,EIF3G,0.09754643559300931,0.08204184393794813,0.09854154082511482
C1,TAGLN2,0.258226264554041,0.27460329929268834,0.324197012363863
C1,H3F3B,0.3597594295982222,0.3611823669699297,0.3615153334305329
C1,NBL1,0.2372597850192752,0.23672617545601346,0.24894880326801921
C1,TMSB4X,0.3504646372662664,0.35307063643610215,0.3738991542915016
C1,BSG,-0.2897561714214206,-0.2938003210991227,0.3036497366871861
C1,SQSTM1,0.1820323974465543,0.1751361660801983,0.19662044485817368
C1,LASP1,0.2382394873946417,0.2360588756943425,0.2465407058801821
C1,KIAA0100,0.12845010748963112,0.11925954991269341,0.15622560991661058
C1,HNRNPA2B1,0.2290979048427416,0.23268676781773368,0.23528288396384905
C1,MAPKAPK2,0.054195047584189596,0.14654262293493706,0.17351911776121282
C1,AP2S1,0.03661246252241112,0.008023921420075963,0.05977425701507902
C1,INTS1,0.2919170679900468,0.30599952792001944,0.3138121776375805
C1,VAMP8,0.11577132037529853,0.12725852065158905,0.1278071750379697
C1,DPP7,0.03787403155115156,0.028912671684330964,0.03817562865371221
C1,ACTN4,0.043005255924430386,0.04749890696912486,0.056605219413299004
C1,APRT,-0.1401213000698663,-0.13213590985623563,0.14033500833758422
C1,MMP9,0.03756643268158539,0.035850806353150855,0.037923106220466955
C1,GPX1,-0.11388108414880375,-0.10937228760435812,0.15175182811551738
C1,CTSZ,-0.06448595600860493,-0.06827006754221976,0.07078391625380463
C1,UBL5,0.22720492047138754,0.22960335137470503,0.25334059360884986
C1,CIB1,0.12864013657500453,0.13147074134938216,0.13640230872714598
C1,ROMO1,-0.013659555199836476,0.1905175990947454,0.23579730416714423
C1,LRRC59,0.12168885286716172,0.1096656238054049,0.13651701583879666
C1,HLA-DQB1,-0.15665102134233796,-0.09162534622697666,0.2172490397243653
C1,HSPA8,0.2635442249995477,0.2808703301469874,0.29593519633547366
C1,SPDEF,0.0746112454574003,0.07125452025924678,0.07565036723655892
C1,FXYD3,0.33591190571065016,0.3367694192369519,0.33938559817603436
C1,NDUFA13,-0.06134232868085014,-0.05462593718374061,0.09089543741941737
C1,TSPO,0.18513639889920885,0.1922724345906717,0.19227254214399717
C1,DDIT4,0.30258800092017996,0.29912308856283176,0.30291805013665457
C1,CTTN,0.21081097840838625,0.21542516209292145,0.2164901834317356
C1,PSMB4,0.2669053206917798,0.27246699417412873,0.2728956530738446
C1,PSMB7,0.23104069712602945,0.25903938651181774,0.26372959256180334
C1,SNRPD2,-0.19975564000535886,0.1518322762257564,0.20992609507912172
C1,HLA-DPA1,-0.1787186613814261,-0.14157228180975967,0.22231809540737651
C1,MYH9,0.16105532506950512,0.138857980208025,0.17060508040368522
C1,CRIP2,0.14490229195221277,0.14338214655256276,0.1460693100357481
C1,PLD3,-0.0002657728001845755,0.038011743426123686,0.14603548167442434
C1,PRELID1,-0.06352217999473528,-0.05984825927737852,0.07703596440830623
C1,NDUFB10,0.061040894012037133,0.10505075380767008,0.13479092834539008
C1,RHOC,0.14509929916812153,0.12575333653812007,0.15192084699600944
C1,LMNA,0.12657999630188932,-0.16707360339569,0.1727633112626285
C1,ZYX,0.002281554506563208,0.007312334357243861,0.02425596552175097
C1,EIF3K,0.08480733714064047,0.0727479987828076,0.09527985378679349
C1,GNAI2,-0.061037333071404014,-0.05622874691586642,0.06654132549416202
C1,UQCR11,-0.033330225178827166,0.02070369635157285,0.03605569230679084
C1,MAP2K2,-0.02628951990922738,-0.014525493349397598,0.07801529568189942
C1,FLOT2,0.13758398693151572,0.13460278756393343,0.13824413178536837
C1,EIF4G2,0.25668969500019595,0.2721062703690725,0.2876274494699638
C1,LPCAT1,0.2080619799812416,0.22184347744974625,0.2832767537338676
C1,ALDOA,0.12656606886025168,0.12675607630055277,0.12733451273245
C1,ATP5I,0.0795083149198382,0.10823199609881884,0.14576931043988403
C1,HDLBP,0.051525679961151795,0.07096225631802627,0.08974717311547815
C1,C1orf122,0.27586274016650897,0.32132161735493553,0.35086245721616743
C1,NDUFB11,-0.04940372360188228,0.15476156981953432,0.19449207847992434
C1,KRT8,0.19642729344447435,0.22746349327790738,0.2322873660226029
C1,CLTA,0.13587995402791017,0.14092517445370412,0.1486566434707203
C1,SEC61A1,0.17278894854766283,0.17505906986430503,0.17521869960213318
C1,VWF,0.08887970078920744,0.083142348109547,0.09556568785665782
C1,COX6C,0.18796637964815227,0.2137644653302608,0.2283459195495727
C1,MIDN,0.010550135714843086,-0.03691167304380144,0.0966748274188532
C1,COX8A,0.26293010999948546,0.2532301296946387,0.2730533693400946
C1,FXYD5,0.06601587828306393,0.07011445523371893,0.2092645438391092
C1,JUP,-0.027191267359185905,-0.052006203401947594,0.09368354219393174
C1,HM13,0.23364274413604597,0.2816148461190809,0.3102585083991037
C1,ELOVL1,0.04039934867542159,0.04870151383820327,0.09039528925528194
C1,EIF4G1,-0.042988524043542975,-0.05689939568808923,0.062204194542744284
C1,CXXC5,-0.014152110677747846,0.009610620570464901,0.12512122347443952
C1,SRRM2,0.06955304464137843,0.07057516710390127,0.07080384188818341
C1,FBXW5,-0.12964663592650638,0.20610804792084897,0.21636287154486666
C1,SPINT1,0.07488375586247178,0.06762533050479605,0.10394089366583238
C1,ZBTB7B,0.2467509236351207,0.25476179719568715,0.2581193207970775
C1,UBE2M,0.1488258711707495,0.21000838778369738,0.25470150645772505
C1,AP2M1,0.24428929860161222,0.1907882124725394,0.26687388609368895
C1,ELF3,0.2779644349746034,0.2785459686951633,0.2785946131393327
C1,NDUFA11,-0.1388960988111816,-0.11861337781187015,0.1463947346163272
C1,TPM2,-0.024288521888110537,-0.03073746804680396,0.09056318793603728
C1,SAP30BP,0.0863874060388469,0.11667692690092236,0.18335834798948808
C1,H1FX,-0.17174225683184788,0.1576510173031014,0.1786573509257207
C1,ENO1,0.14235585864711986,0.14256131491961288,0.1487492830554887
C1,ATOX1,0.17915564171158463,0.18193917847226992,0.1821493423543162
C1,NNMT,0.20131376103114057,0.20110718232084485,0.20132048305513522
C1,SLC2A4RG,0.046271758202592626,0.053339200151345266,0.058231492757921166
C1,MVP,-0.026796871666524637,-0.025092794642577926,0.05694891640037024
C1,CIRBP,-0.0015928197511309748,-0.008740524289263822,0.018636846185404832
C1,NENF,0.04687018529131986,0.04452401240156661,0.0964424146101911
C1,RALY,-0.08138838349854352,-0.0626966992640125,0.08773789739866567
C1,KDELR1,0.12992044548867399,0.12788807406383923,0.13118465642153398
C1,CD151,0.2554496625246462,0.31794369322055493,0.31912283798123936
C1,TSPAN17,0.07365249416163576,-0.02547443197336669,0.13705613723545704
C1,AGPAT2,-0.18299299812250858,-0.16808162258653994,0.18942751739560987
C1,IGFBP7,0.03751523536797167,0.07368700173930719,0.20626930694346798
C1,UBB,0.323228543943453,0.4160668933196949,0.4351318311112768
C1,ATP6V0B,0.235408634356273,0.23995362987217977,0.248468509034946
C1,NUCKS1,0.09309905838533056,0.17908679354913076,0.18069252961826562
C1,LUM,-0.13903436794051072,0.07770198637140047,0.14570583191618738
C1,IGLC7,-0.24548805410186622,-0.23815889774402865,0.25485811907183076
C1,CLDN4,0.2958627570924739,0.3164090596320282,0.32168002036009663
C1,HADHA,0.1015526199512997,0.125935978501681,0.16043521148098697
C1,HSPG2,0.036938547565731276,0.09832504743467481,0.1356665391585646
C1,ETFB,0.11944674282691002,0.1452636065374249,0.1806264250622073
C1,NACA,0.17766505086861256,0.184600775160905,0.19278834107528955
C1,LSM4,0.17993326187563624,0.1834900252042961,0.185162756118292
C1,RABL6,0.0008430785192470888,0.0897701863445752,0.09040449511430358
C1,HN1,0.23013946343114572,0.23722839517213345,0.2398060780352045
C1,MFSD12,0.04719139387613858,0.04444559316508744,0.04830869636835392
C1,PFDN5,0.01363081680924597,0.00531243454833108,0.05371456584934135
C1,PFKL,-0.017647524591277417,0.08785935467182036,0.09169817524738345
C1,GRN,-0.1029411599003653,0.05798370300747114,0.12882073435409735
C1,C19orf70,0.13119684734685289,0.29778907112356096,0.30685945805288456
C1,AES,-0.03186757997450626,0.16063611194523464,0.1663750582543067
C1,VCP,0.021982416322509697,0.027326259265607236,0.06273367633729603
C1,HMGA1,0.22971556732908976,0.25441820639455015,0.2739992872917619
C1,ERGIC3,0.2515015417922437,0.25266396489460785,0.2526726500716831
C1,EIF5A,0.13665216356424287,0.14141654815303545,0.1455168087706098
C1,ENSA,0.2919748283975301,0.29613765980677675,0.3057209260485041
C1,EHBP1L1,-0.0006854499771482651,-0.1094441916826388,0.1584480029316081
C1,PTBP1,0.17946009013166483,0.18322418112119124,0.18322418335595797
C1,CHCHD10,-0.008208015546976519,0.010688791583521505,0.09222910179916517
C1,RARRES3,0.040949553376599786,0.04197173096562835,0.07878826869093708
C1,ECM1,-0.07361297649085696,-0.07394097400621574,0.07508860089818899
C1,CLIC1,0.16804099107939183,0.19037235365526692,0.2134958717240772
C1,IER3,0.041104675097657396,0.054939076950794107,0.09644948479122603
C1,PCBP2,0.33718417034101944,0.34644835832498083,0.39324803675619513
C1,PSMD8,0.10387062597827315,0.12065815419364884,0.13153942336140517
C1,IER5L,0.059384007621256577,0.06481313171411505,0.07372442671069053
C1,HLA-DRB1,-0.19427604574737117,-0.11485809945149643,0.20844938301551239
C1,EIF4EBP1,-0.05491061749439402,-0.040719983675183355,0.10535412291779091
C1,SYNGR2,0.24994207291431486,0.2717732403343113,0.28342093836049115
C1,WDR83OS,0.03335448075432807,0.03503503928536832,0.11517334280655281
C1,TIMM13,0.04405335175692664,0.05414823213455353,0.058797299897451596
C1,MMACHC,0.19316956971182445,0.22132324793083177,0.2227739380780003
C1,CERS4,-0.0032123459456249435,0.061418192601456346,0.14390902364087316
C1,NDRG1,0.010011287645107236,0.019840369042004768,0.05034669324483223
C1,MRPS21,0.11330747158045588,0.11989161409648204,0.1326032202636927
C1,UQCR10,0.18307135391848023,0.19800280490783378,0.2147288183076186
C1,PLXND1,0.13688894234682178,0.14068925654361464,0.14075129097946323
C1,EVA1B,0.1766631626988315,0.18208921850880186,0.1821110971872081
C1,SSR4,-0.059955229486471744,0.015476826415710996,0.16374549994568402
C1,PSME2,0.33074140035016913,0.33771733005265414,0.3446760386056692
C1,ECHS1,0.2363848044634429,0.24661240826566047,0.25512020317255046
C1,PTMA,0.07831391772056207,0.07358637054750784,0.08305074955062293
C1,KDELR2,0.0955707455668418,0.11434005019522292,0.13568875909731024
C1,PSMB1,0.25396146607596204,0.3346406386782603,0.355797766860571
C1,LSM7,0.22809629205048354,0.2668321126675108,0.27944844730573937
C1,MRPL37,0.0656183508504822,0.13820111464375118,0.20865775129580816
C1,ACTB,0.23331773446312323,0.22786447364528045,0.24912090917482108
C1,CLSTN1,0.22373443499857282,0.23459292832792727,0.2630679421558871
C1,SLC44A2,0.28279951542597664,0.2830691921526234,0.28332579528366586
C1,AP1S1,0.23094446364698581,0.2494718259560023,0.25554574231943833
C1,ARPC4,0.014986175140252729,0.023597182194766333,0.023890088338610577
C1,PPDPF,-0.00246281573149844,0.00327387296578295,0.020167180386819375
C1,ATP5A1,0.16331085590466993,0.16859475792549522,0.17554786134631034
C1,CDC37,-0.08853374660637416,-0.08114081443692436,0.08915672143055492
C1,EIF3B,0.0233840889956014,0.042355647341287696,0.12619837247485297
C1,EVL,0.024710973458417326,0.024168227322213666,0.02471824116843137
C1,DUS1L,0.013178736006920573,0.030062321302725088,0.0642036789180937
C1,CENPB,-0.22925767946814607,0.17110071351427206,0.23051272774094034
C1,NDUFS8,0.06465067697155928,0.10069356826290023,0.15184877960927554
C1,SMARCD2,0.13847090615973962,0.251328525998426,0.2712733361236326
C1,MYO1C,0.19049882728579193,0.20960229925382437,0.2125241000958136
C1,APOD,0.07713783792279594,0.05461592936636127,0.08266263047534585
C1,ARPC1B,0.1863320729930556,0.24305013088003014,0.30161263335122346
C1,SERPINF1,-0.02746138910829801,-0.024619343479763283,0.09761528654497711
C1,SDF4,-0.006803729142681089,-0.0037779032901661238,0.014713369270091698
C1,MBOAT7,0.21204600079140987,0.21127749565411263,0.21231294227245331
C1,FDPS,0.2949722877145386,0.3149334853293164,0.3539620638777277
C1,METRN,0.009572847026981045,0.09568648913113413,0.11123231797207
C1,INF2,0.11170361111035433,0.12901466001419298,0.1314507014865329
C1,CD68,0.08507750490374968,-0.13653725684931503,0.18837911051613554
C1,CD14,-0.163383865122564,-0.15258989548688404,0.23764333054900239
C1,SNRPB,0.2646518969768579,0.2895190706045496,0.3018798203773866
C1,CLDN7,0.15227782375105312,0.15771441398799707,0.15859619798978172
C1,SERPINH1,0.1664578557450303,0.21560665794610087,0.2555547636173444
C1,NRBP1,-0.002629075855983565,-0.0690476214713428,0.10616212599646534
C1,PRKCSH,0.10308929572823346,0.11515299721732904,0.13435704409512883
C1,FAM20C,0.06139745682574302,0.05827796061159316,0.0661113188036831
C1,PLOD1,0.03164477115240699,0.02901286459399315,0.03173853913109399
C1,NECTIN2,0.07561189206298215,0.0909551313409127,0.1053380815414313
C1,TRIM28,0.10960931483611806,0.11497407721416522,0.1258835040000977
C1,ARRDC1,0.03138038333287601,0.03262559947170206,0.03263393291552102
C1,SNX17,0.05591704508576188,0.16879705790279734,0.20469018912639617
C1,FUCA2,0.28330280838977434,0.28765612530092816,0.2918012060226045
C1,CSDE1,0.3129377634004332,0.3442918123401036,0.3620274451768919
C1,DCN,0.10110117487387522,0.12128626761201555,0.1354157831772628
C1,MARK2,0.16151826579281095,0.17526615125629458,0.1756299373204401
C1,PHB2,0.06767276188088968,0.14285533239530848,0.1715354311834048
C1,NME1,0.15683609758319825,0.18897213581994213,0.2740269402261266
C1,GADD45GIP1,-0.16940382730752107,0.17168843006436926,0.18410127922504796
C1,AUP1,-0.023163668675764346,-0.004854449331173471,0.0931886848100502
C1,S100A16,0.09876976625354857,0.11639253008493619,0.16742563468393687
C1,EZR,0.33576207697562355,0.34893815955353646,0.3514528107101041
C1,CYC1,0.11704178081301553,0.13823476857908454,0.13921311452044882
C1,ATP5D,-0.15745268787050304,-0.0992866930869308,0.15798835350112078
C1,ERGIC1,0.0655238118526749,0.06431665683950055,0.07307112592778384
C1,MRPS34,0.11622047160093327,0.11531586140998853,0.12433827018824872
C1,CHD4,0.11508691822576066,0.12108396872924447,0.12147786169439236
C1,ACP5,0.023308756726521218,0.06071441365481392,0.21486952744573304
C1,ITGB4,0.0010653629938087346,0.01872679161269931,0.10289672265485525
C1,MRPL28,-0.1133919529764108,-0.11845230246871798,0.12545945178274268
C1,ZFP36L2,-0.08375624793991271,-0.03159598365129795,0.12913782572502305
C1,PRDX5,-0.219784732144889,-0.17795604668294984,0.24801291431858793
C1,NR2F6,0.05014437531785637,0.05020037677151245,0.050303038740380036
C1,MZT2A,-0.18618165246689794,-0.15402587839088447,0.20653192803316942
C1,CFD,-0.025862598663466053,-0.037789242020809966,0.039400366946854816
C1,TMUB1,-0.05031388896041263,-0.16908536452870204,0.1697623959622232
C1,PHPT1,-0.1391956350752436,-0.0679035637675242,0.16723299112344242
C1,ATP5J2,0.293522643338733,0.29432974018806357,0.29484234141312143
C1,AKR1A1,0.2449088200663795,0.26810041276031543,0.2879266629135481
C1,ZNHIT1,-0.008976542343401499,-0.0032815101304216623,0.019380089740807238
C1,CLUH,0.13320499882453699,0.14153598603974143,0.17917499335416712
C1,HSP90AA1,0.1872512589950019,0.19461900794399886,0.1982112852997992
C1,BLVRB,0.04191004195165434,0.05719605437643357,0.0602825719582245
C1,CHMP1A,0.25299218110426663,0.25154556165200104,0.2609827331701048
C1,CCDC85B,0.057839142252936473,0.04926931407255528,0.060885740121998974
C1,SLC16A3,0.012863184334220781,0.02316673722151197,0.028271347042496526
C1,GAA,0.017451034086701626,0.07624072370789878,0.140685946924846
C1,RNPEPL1,0.048672539292740416,0.07590025169443507,0.10719410285758689
C1,STUB1,0.27771058170033347,0.2823743542623005,0.28245937922710385
C1,DDB1,0.22551745759466538,0.2364440088742158,0.24898424692548585
C1,WARS,0.2518432279612183,0.2540161768896093,0.25511932090308553
C1,MRPL41,-0.06699676790463366,-0.051738872106367316,0.06839730584929518
C1,SMARCA4,0.19491401961120647,0.19670438646668953,0.19900762110571948
C1,TNFSF10,0.32922196735153564,0.3318090698126528,0.33379828364113207
C1,PTGDS,0.08885187171741692,0.07765504269993423,0.1888568812460499
C1,POLD2,0.09579169866161576,0.2094717868342116,0.2534219590142321
C1,MAN1B1,-0.0008515946457323981,-0.020566060243513505,0.05829333243965975
C1,PSMD2,0.1900870848340096,0.19322307342285855,0.20803829196377932
C1,HCFC1R1,-0.037716853769339385,0.07760925710846497,0.07785856474755816
C1,TSTD1,0.19483638304574719,0.20197793955108506,0.2256882193628415
C1,NME3,0.3080884064285444,0.3136284594985383,0.31363411143319253
C1,FBLN1,0.01203931819741753,0.01620893702985753,0.05428210601301192
C1,CFL1,-0.11479128121557365,0.1156771732751193,0.11823355780254277
C1,SERPING1,0.13440250281746352,-0.09963592451269923,0.18233255266431556
C1,CD63,0.07528210584612231,-0.08073580785901752,0.09157633737048833
C1,LAMTOR4,0.13126695511687383,0.21169891452131215,0.2117020476086206
C1,HES4,0.26346980173738727,0.30575924531472837,0.30625133703389423
C1,PPP1R14B,0.09608509545550549,0.24436637032442482,0.29135708417328915
C1,PDXK,0.026153710676189487,0.05935387991522231,0.11540664306545298
C1,RNF187,0.01908174165430257,0.019076298700676564,0.024985158207985123
C1,ALKBH7,-0.06437923201332119,-0.06394385088614736,0.06511475427299909
C1,SMIM22,0.06815620270992885,0.06841916364126284,0.06891685852919414
C1,ZFP36L1,0.22175660190835814,0.2242674404788201,0.22838661112845998
C1,AURKAIP1,0.06004344632229423,0.06514986681298945,0.0698295119474572
C1,PSMC5,0.013821585323344359,0.26677543868521836,0.2910101190163819
C1,PGLS,0.21466909162243628,0.15885380453295775,0.2200786767123531
C1,FNBP1L,0.1613964362695023,0.16126330164371,0.16416046898903877
C1,MBD3,-0.07808794316040124,-0.07297703187338181,0.08059208994152896
C1,C9orf16,-0.1237090451670144,-0.12189156670655439,0.12371317524865916
C1,NELFB,0.06816085664693335,0.07982120431139392,0.07991317431264164
C1,ACADVL,-0.03537857003218717,-0.03504447242867882,0.10032315011192303
C1,NPDC1,0.12358004891981471,0.1288663265302021,0.13436746343283665
C1,C19orf53,-0.0072710987214415,0.11113662162682801,0.1340513014932239
C1,SH3BGRL3,0.1624661982929171,-0.11806568673090077,0.18147623090409673
C1,RAD9A,-0.05709118969613814,-0.07291241655690846,0.09471284350095482
C1,IRF7,0.11469185261065366,0.17578063709376354,0.2875012067148812
C1,HLA-DPB1,-0.15930927511313953,-0.09406481288255622,0.20237979058324312
C1,PTPA,0.052882563437759315,0.07418579579962302,0.07437725739518262
C1,TMED3,0.06534932624576018,0.07538107049806607,0.09226753121027659
C1,HLA-DMA,-0.1706644865093759,-0.12338227290251004,0.2526681913289833
C1,MCL1,0.1557246924024426,0.19908200049557404,0.20352958608715846
C1,LAPTM4A,0.26549197654620943,0.3091177544903724,0.31929269675259214
C1,C1R,-0.03651686980636176,-0.03068975414937629,0.04836974966884734
C1,JUNB,-0.0877197680636562,0.059974225209727776,0.11066612904621095
C1,AKAP8L,0.07590867927924866,0.06712742873156667,0.07870242934102467
C1,BUD31,0.09128286370322447,0.08152908813550246,0.09626105876226948
C1,SREBF1,0.084709432236509,0.09084285669448278,0.09566009490928506
C1,SYT12,-0.13826134894164685,-0.1215823068084132,0.1741354060613554
C1,CCT7,0.15526118445328327,0.16567233798021608,0.16724720193234216
C1,MCM7,0.04586713425057701,0.055842224502277694,0.07966274974829728
C1,MFGE8,0.14967375320605125,0.14451655761581889,0.15043354492760708
C1,PDIA4,0.06386522927104477,0.09660599716393915,0.16744601743915583
C1,COL4A2,0.08112414064494991,0.05271070127439459,0.13784924068565854
C1,NDUFA10,0.052907586755444366,0.049684273940540785,0.053094963693033556
C1,LRP1,0.09995281854035754,0.07435306850654398,0.0999825374434514
C1,SOX4,0.06168297197991289,-0.009381522527335163,0.07061835403609094
C1,COLGALT1,0.07957960326980013,0.07952153486302942,0.07966918085153074
C1,TUBB4B,0.18953888590947912,0.1947128747636117,0.2902913107872727
C1,HID1,0.04548273255597248,0.04259960189024032,0.04988642738061255
C1,B4GALT2,0.16805410740567775,0.19007800430762645,0.1905578929603895
C1,EMILIN1,-0.029555104034894714,-0.00973141510693909,0.07441836494397645
C1,RHOA,0.1678721941173735,0.17557705905352275,0.18298819442985123
C1,ARHGDIB,-0.12003875926200999,-0.05168664453890521,0.12281296015861418
C1,APP,0.11168216632720977,0.1133889482317935,0.1228287835015408
C1,YIPF2,-0.08225255434354554,-0.10103514650177786,0.11612210260960372
C1,ANAPC11,0.09214648141358878,0.10709998236428513,0.11434271006853691
C1,PPP1CA,-0.09744474343425179,-0.2034235952225139,0.20908356942807788
C1,LAMTOR2,0.23544886484409377,0.26330430241073843,0.3243323312169034
C1,DUSP23,0.09284589763708216,0.08691675803637329,0.09339314449426041
C1,FBL,-0.07622841419103511,-0.07991418709856563,0.08118324598308765
C1,PCOLCE,-0.1580122703236995,-0.1512246523244819,0.17513106210212542
C1,CNN3,0.09117495501198136,0.11042205014971516,0.11977494101666614
C1,JCHAIN,-0.034879380544221704,-0.02659538422830167,0.08137816464300732
C1,CREB3,0.0023422461198327094,-0.0017989607272222072,0.033438349190984366
C1,PIP4K2B,0.22449333307292416,0.22709903171768672,0.2400997770583967
C1,MMP2,0.03090879125572503,0.07787676048377802,0.1288117631918424
C1,TMEM219,0.28251753197199564,0.2833525276900439,0.2836281211424989
C1,FAU,-0.19884702341739927,-0.1990571821892169,0.2417016375404512
C1,MLST8,0.061203565783455725,0.08477396501071482,0.08777839662090302
C1,EDF1,0.11644919517140918,-0.08772635226582817,0.11669944143706366
C1,MYDGF,0.15685493103101864,0.25231787374631925,0.2909645154724511
C1,NUMA1,0.12090944637937683,0.1696692839335354,0.20502829645628443
C1,S100A4,0.07074132381874773,0.06263136514255839,0.07213991097263125
C1,HSP90B1,0.22480805995601166,0.23495569309566872,0.23857309892455636
C1,CHMP2A,0.08072625421521364,0.07938574271635847,0.08206559174144654
C1,CTSD,0.15624142472837801,0.16431979086206566,0.17953957918840613
C1,SSNA1,-0.15611959864580308,-0.128858793262713,0.187514786258197
C1,NINJ1,0.027093361371425567,0.030592661154535513,0.04147092696554129
C1,PGK1,0.21779278656119752,0.2422167787388434,0.2594747391009979
C1,MSL1,0.016135598338610956,0.03023607020628678,0.09691730133712052
C1,RAB1B,0.059401577010853884,0.08584043065727538,0.14902017396624453
C1,THY1,-0.03358254480574917,-0.0027766914502911876,0.0855097835390821
C1,CRACR2B,0.26505861802283737,0.26868389738950654,0.27989374285027163
C1,PSMB8,0.28207318430656575,0.2816429773635961,0.2822105695400263
C1,MAZ,0.23859415290294914,0.32554913064774604,0.3432973419433919
C1,LAMTOR1,0.05715720654743473,0.07104306843289733,0.08816418002033537
C1,PKN1,-0.18726991421612826,-0.17455032540500354,0.19015012230723102
C1,SYMPK,-0.08570100507475098,-0.07518900719850254,0.15853671870650352
C1,NOSIP,-0.2321610218119937,-0.24568708685121862,0.2496261113908939
C1,SSU72,-0.0118412623695506,-0.01052654520940536,0.021775674099212345
C1,VPS28,-0.12927006275981884,-0.1482145792146983,0.15350962414569416
C1,NCLN,0.24162627155489771,0.247672302701188,0.24797545633926826
C1,NT5DC2,0.08668631315938165,0.08281620677781663,0.08737959493056024
C1,FAM50A,-0.014362353576836892,-0.02887405371278812,0.07259263699816985
C1,EPHB4,0.18677455598357365,0.17925467752540078,0.18865826109965872
C1,C7orf50,0.18993899448708576,-0.20866354078546548,0.2088988227267385
C1,CTSA,0.007695020479081978,0.010036582200475309,0.016446556638839586
C1,SPTBN1,0.09069064199320717,0.10328155700769955,0.11143261284273204
C1,S100A10,0.2944570511812017,0.2928660779627543,0.29491540692587886
C1,MT2A,0.26565080010271935,0.24625557976212564,0.32526294637292846
C1,SEC16A,0.12887979778865913,0.12782726268133301,0.12984102938713069
C1,GPX3,0.18182509837765182,-0.0038064613897272276,0.22212963244509182
C1,MGAT1,0.32881739063335774,0.45106869894780605,0.48038378743545257
C1,CTBP1,0.18519142664950464,0.18104669585833819,0.18575138132532049
C1,TYROBP,-0.08300174063935291,-0.006876406940639332,0.20918849148410862
C1,CYB561,0.16079914801007503,0.1515323465200549,0.16485029674719104
C1,EIF6,-0.0033287760174705926,0.014749878414745623,0.05062562219534054
C1,TMEM9,0.2591163520217796,0.25561521147285315,0.2610936113003804
C1,OAZ1,0.17619007087518243,0.21935661409900106,0.21972323681512296
C1,PPIB,-0.032450703279611665,-0.034943532009415294,0.048333658713405475
C1,YIF1A,0.021719212364928547,0.047534300562975244,0.117697775606769
C1,PPP2R1A,0.12154306528125892,0.135784134356311,0.17690824681178638
C1,UBALD2,0.162227125925652,0.21576544712070014,0.23365027001541386
C1,MGST3,0.15366160081948288,0.1596761936586052,0.23455241412170938
C1,LTBP3,-0.11646423325864465,-0.03610336100137421,0.1561733410217153
C1,CALM2,0.24729168573697952,0.25278741991109477,0.2547963361159023
C1,CAPZB,0.012129272256886165,0.048987777271437855,0.1458521418837076
C1,CCL19,-0.11476471477687825,-0.12535034976883194,0.2158522336091167
C1,FTL,0.11819906703512964,0.08985540592160157,0.18116921910166847
C1,RAD23A,0.030150132032423643,0.029568948804593497,0.03591433160325413
C1,PRDX4,0.041815275868947406,0.2483512679091937,0.3496974352229881
C1,TMEM132A,0.10718215337072791,0.11784167762171073,0.13866053248562837
C1,PIEZO1,0.15176538483295854,0.16847731409823194,0.2793667252031801
C1,CCL5,-0.2248152133838495,-0.20435083305919047,0.22485558817634427
C1,C14orf2,0.04139556758219022,0.08370156229077563,0.13486074483679902
C1,UBXN6,-0.14286243080687916,-0.1785742691944028,0.1788301177498879
C1,MRPL55,0.08198756526913069,0.08975897978657849,0.09132844011651146
C1,PRPF19,0.1906888013188142,0.20607685039725304,0.20718631067202548
C1,PODXL2,0.1610981419601132,0.15701136552974282,0.16110306813622494
C1,QSOX1,-0.16459475009985042,-0.21877370634410453,0.23362179213642675
C1,UBA1,0.01100105850964432,0.013158951058785706,0.019942826430150707
C1,TMEM205,-0.18388902416220426,-0.1885623313645897,0.1920669438469492
C1,GPS1,-0.05002114751808055,-0.042757662183017464,0.06138069597633316
C1,EGFL7,0.09973953896119588,0.108150602277276,0.11801598716909552
C1,SLC25A1,0.141688693236588,0.15502446043378454,0.1689895681493674
C1,ASNA1,0.1852847172091452,0.18417400168732398,0.18528691435581351
C1,CLCN7,0.09962748929627818,0.22760175048593714,0.23245617358427997
C1,TMBIM6,0.011806522808339636,0.03366591439289727,0.1312712519138961
C1,GAS6,-0.008066323176528839,0.0022583851959358868,0.03252206135660535
C1,SOD1,0.2155047516570593,0.2587377124484996,0.2915295461008067
C1,SNRNP70,0.09147270578286178,0.08923502747644617,0.11395671095027401
C1,NDUFA4,0.2343489092446182,0.28820446958291795,0.28853632460290474
C1,TCF25,-0.037188112516002375,-0.09242530191526949,0.11072857580755259
C1,SIVA1,0.12748099392743423,0.12860689655001306,0.15852641926191785
C1,SERHL2,-0.015231157549303445,-0.01930532008247271,0.07264604371795481
C1,NDUFV1,-0.04654171364954908,0.14385196380753634,0.14509499495887468
C1,AKT1,0.2379495521278413,0.24734209897173307,0.2526474713486032
C1,RSL1D1,0.14065050620457067,0.15182648043801095,0.15789959944141504
C1,MAF1,-0.15390381734198966,-0.13472994203123054,0.15588826265230554
C1,NBEAL2,0.03602409395546235,0.04653798621098106,0.06973673491561379
C1,TSPAN4,-0.13710257349355456,-0.15312233146705795,0.15640915454359566
C1,HNRNPAB,0.19680437211884896,0.2101772877748552,0.23023609398673858
C1,CLPTM1,0.11531244042432488,0.11637703357668955,0.11672285145832997
C1,FCGRT,-0.09832196270926426,-0.13263689457678984,0.157791656857276
C1,ANKRD13D,0.07304246971017775,0.1029933058167122,0.11488167791310076
C1,ECI1,0.08524517868191132,0.11748675895900051,0.13721260321304002
C1,TM4SF1,0.20852223941045167,0.21248941892681625,0.22290713934750583
C1,LRRC26,0.10212477015707606,0.06260773666494455,0.1078352488448093
C1,GM2A,0.05233955513651762,0.07354487631810927,0.21749126705893992
C1,TMEM208,0.07582705911149369,0.12134366225989963,0.1953683273395799
C1,NEDD8,0.13380740284381681,0.22510701180677306,0.24965854333274368
C1,CARM1,-0.013527633085309004,0.012335181451951303,0.08573597463838963
C1,OST4,-0.07231049358222412,0.10796477954700574,0.17701892095912158
C1,HINT1,0.1586672284227548,0.17919637887514478,0.1994174311834009
C1,NAGK,0.07507496293316877,0.08254501602710072,0.13520185564342072
C1,PYCR1,-0.02164387651643783,-0.0616484811662512,0.1834334111787945
C1,ARID5A,-0.1348050148756501,-0.13354183949291662,0.1348782009501647
C1,GPX4,-0.1115462184180338,-0.15659752347640202,0.20685806225401449
C1,ATP6V0D1,0.06407906752737576,-0.030344102459776902,0.06414518845812973
C1,DBN1,-0.061904250429911975,0.044656153187681756,0.06396057002550652
C1,MVD,0.05655339941508851,0.04969494271058503,0.06489103033019306
C1,BAD,0.09610182203983703,0.2299309096707073,0.2541927774863874
C1,CNN2,0.11245271292486399,-0.2268661518462752,0.25552917022882304
C1,MRPL24,0.07774640918606358,0.0965718921963172,0.1209832965693594
C1,GCHFR,0.02789447579000718,0.03729763877451913,0.1000318499752203
C1,RANGAP1,0.20508092905366102,0.2329359809140714,0.2695116862213126
C1,HTRA1,0.06229525346512677,0.07739178226800879,0.0935876386315074
C1,STAT2,0.18247252600918937,0.18910682133067183,0.1916534336733568
C1,ST14,0.0525578080598533,0.09282962171981284,0.16213641712111673
C1,MLF2,0.28096760781811964,0.2822928442901931,0.2835477763500311
C1,SEPT9,0.18082006953368226,0.1875490606258393,0.1889486944652324
C1,PLEKHJ1,0.20924085747321083,0.21247261375847348,0.2135380045853043
C1,ARFGAP1,0.0018738367196561919,0.003010855068659389,0.006499543624753825
C1,RER1,0.15142523090891724,0.1666805153239915,0.1911239859735539
C1,EMP3,-0.1553717955937344,-0.11675728233407939,0.16737226100972727
C1,H1F0,0.19041491410841077,0.19358678596846668,0.19376231794332907
C1,C1QC,0.03959806431182228,-0.20152986191820468,0.2085979232203922
C1,AKT1S1,0.0854195946799224,0.12293782491845111,0.12564162294109096
C1,PRPF8,0.0741682752144947,0.07414686273288401,0.07441001161824692
C1,P4HB,-0.09357807549114625,-0.10151252328252884,0.11247500597869393
C1,PIP,0.24268828401529727,0.26571526001189166,0.26752830575475656
C1,SERF2,0.33560192570719893,0.3382298355180506,0.3617937871468688
C1,PSME1,0.13154747866881022,0.19075306019398097,0.19803827527638893
C1,FAAP20,0.04255432383086822,0.06259930267399101,0.07103247955664062
C1,S100A13,-0.2735563488165895,-0.27741915307644477,0.3175607204492693
C1,CTDSP1,0.014384300209689905,0.04271878406311411,0.05425179905167598
C1,COMP,-0.05819937137600253,0.06690734143951908,0.06772439308966316
C1,GTF3C5,0.005070711184036334,0.005108979262249486,0.1095307907332312
C1,ATP2A3,-0.11407300721812456,-0.10920099034019379,0.11418394370665347
C1,GIPC1,0.12114917894383298,0.13590493992383,0.1763793587974494
C1,CARHSP1,0.13052578891062092,0.17058766975742665,0.20006371731531694
C1,NUDC,-0.040927960842821944,-0.05570425035473431,0.05642156997505586
C1,HSBP1,0.10036311775265738,0.11999713739731875,0.18131542071059129
C1,LYZ,0.09016084849189829,0.1105191232987259,0.21900373099856402
C1,PSMC3,-0.11235350059567363,0.03684406676886821,0.1466541653850322
C1,PLXNB1,0.23543175952431927,0.2437223456572799,0.24434080953922854
C1,EPN1,0.06360565325384035,0.17883142614154246,0.18382085710745483
C1,CSTB,0.2720983248584819,0.2833430708970745,0.3063608209558879
C1,MXRA8,0.13406450868796477,0.1110471699025892,0.15977620429535228
C1,SGTA,0.17812700800917433,0.192884117623067,0.19366633071270078
C1,ISOC2,-0.12129780454133814,-0.11109481769036889,0.12910637759925775
C1,PITX1,0.0158898156205579,0.010061773356051035,0.04046506403451381
C1,KLHDC3,0.03447280189638614,0.11897646507950543,0.14248719085691697
C1,TNIP1,0.06625114768059667,0.11517977644334744,0.13226103741421394
C1,TGFB1,-0.054543237306929934,-0.046024768149212636,0.05755338725401944
C1,COX7A2,0.2053845135484515,0.20517110772185992,0.20626312287883147
C1,SDF2L1,-0.03176654895076323,-0.020501394889043567,0.04990546341733377
C1,CYHR1,0.1052061290678084,0.2135801442937669,0.2137021919150832
C1,RHBDD2,0.15576775180830205,0.16486037414226876,0.18799303188148697
C1,LAMB2,0.019121333743915763,0.011724945762593449,0.019125714371663702
C1,APEH,0.025140120516377408,0.016318306544604328,0.04401986638150842
C1,PRDX6,0.18894967293852705,0.19167650999257826,0.20506079798330168
C1,GPI,0.15097359140361521,0.15554840520306312,0.16209953785411002
C1,SCAMP3,0.15192258806068137,0.1637497605878289,0.17176500266888725
C1,DNAJB1,0.08921055138181573,0.06859608630886732,0.12481285851005543
C1,CTGF,0.08982950847134837,-0.11078020487166951,0.11104849318960115
C1,EIF1,0.2563281078404595,0.25640810343736453,0.25645375655599567
C1,BCL7C,-0.08060250899405146,-0.07324384737384597,0.11041066785767323
C1,NCOR2,0.03730219339744143,0.04847567695616228,0.10869584812972707
C1,NDUFS7,-0.039593765348620844,0.06462495971135084,0.06550826943010783
C1,TRABD,-0.056066393880095204,-0.0656976439184419,0.06944448486905035
C1,TMEM160,0.11620871763209308,0.048118628599803204,0.15490701652365943
C1,FASTK,0.15441471321408035,0.15742143452923188,0.1593314821079269
C1,FAM89B,-0.04316743216594967,0.16626981457272624,0.1716536561803707
C1,SNRNP200,0.21170717481018164,0.2273919166218835,0.25950279631740647
C1,SEPN1,0.044951142432805354,0.05337501152655571,0.11462395326366749
C1,CCDC167,-0.01561271518214906,-0.09111281288979242,0.10857872553919246
C1,TM7SF2,0.30576343401572814,0.30951063488171743,0.3664904667651152
C1,HMG20B,2.540457761957136e-05,0.0008789832841021673,0.04078283009790436
C1,VPS51,-0.23417126325327903,-0.2359626838910689,0.24267495567615982
C1,ATP5J,0.017622825211820143,0.02600536238671404,0.06695820502158988
C1,ERBB3,0.2116843691888947,0.22026490734525378,0.2265099467437512
C1,SIL1,0.14109540488813266,0.13880741918797074,0.1411118861833495
C1,RNF181,0.23543200416911272,0.2460408062341691,0.2806727193571634
C1,GLUL,0.08950424731795266,0.0925372120403157,0.13095487433111647
C1,SERPINA1,-0.061703732299584285,0.025180076390261555,0.07482689304766392
C1,MAGED2,0.14978952853493652,0.1488278840859405,0.14979271283524492
C1,CCDC152,-0.1583880555802528,0.1184582610138133,0.20706091874132343
C1,TSTA3,0.14135297408725764,0.22215689154665616,0.2694969330865717
C1,ARSA,0.013805481567752345,0.04803391147682852,0.09150321047608832
C1,ANXA6,0.04346311400649047,0.04362669754684745,0.07151211295084274
C1,LSP1,-0.1704850654830867,-0.18577489473001735,0.19411392248672427
C1,PLVAP,0.006266528504974825,0.010405950123918517,0.03161376890495343
C1,PGRMC2,0.044678034666708354,0.04874981508440225,0.054000181912370014
C1,BRD2,0.13903654505888277,0.14638929015930222,0.17127394083116915
C1,ARHGEF2,0.18415391697801586,0.18739673768384427,0.18741646652492489
C1,HLA-F,0.1990657458325577,-0.18963564225603638,0.19909013696828406
C1,SDC4,0.23466824278101955,0.24874917137196917,0.2733247241552666
C1,AP1M2,0.06464465439153672,0.06795905427938159,0.09059110489434852
C1,ANGPTL4,0.3166923735723957,-0.0716595475860023,0.5328649412647898
C1,NDUFB2,0.27898690766048984,0.2930972896529338,0.30225591149200715
C1,ANXA2,0.13000167842996685,0.1687223023982221,0.22673386112377814
C1,CSNK1G2,0.09040403779396063,0.10397529893393614,0.10409637764020961
C1,ITM2B,0.1084835079953754,0.14283736713276926,0.18372289165828887
C1,PMVK,0.03278307060747533,0.06386852309430807,0.09240145447898332
C1,SIGIRR,0.08556254857391257,-0.08875821663076983,0.11046856886521816
C1,DEGS2,-0.16975155895284216,-0.16949627114290522,0.17046833561683425
C1,MCRIP2,0.1638697726372204,0.15825562650129496,0.16519534118175466
C1,LRP10,0.06829069095772677,0.11203912219127157,0.13500211999343417
C1,LAMP1,0.17570026357701066,0.17272254146594448,0.2062278730016018
C1,DUSP4,0.07257430897990069,0.07378032216841983,0.15651019755199078
C1,ATP5G3,0.22763583743822324,0.22660459510131842,0.2281238354344962
C1,ECH1,-0.04819500983501903,-0.044797918789204826,0.11058908457772235
C1,AHNAK,0.16987412868324037,0.18113650803394557,0.23476218958708386
C1,SZRD1,0.188615758146277,0.23414771480252625,0.3173806669765791
C1,BLOC1S1,-0.013826039464152232,-0.0022496633588846575,0.13805851358522106
C1,MKNK2,-0.06441928165306102,-0.06359796420168372,0.0650139904298743
C1,CCDC124,0.0026816711536576713,-0.03916554017056161,0.080284878377758
C1,TRAPPC2L,0.11463117590471812,-0.11844404615498326,0.12423864049657984
C1,POLR2J,0.08370597698340199,0.12735679154302068,0.1509907359454573
C1,HGS,0.09918397797585085,0.1205850074498869,0.16279661317911157
C1,EIF3H,0.19707809248164596,0.24493428365168282,0.35432001570292715
C1,CLTC,0.12349243174187843,0.13386646661061727,0.13664062080543177
C1,DNAJB2,0.24758852012182336,0.2586968029331757,0.2674858012451419
C1,DLGAP4,0.08979673281319836,0.08239773693765444,0.09389332305231592
C1,MAP7D1,0.045718790724983686,0.07266268078297738,0.11205692245718368
C1,DCXR,0.13926815917901786,0.12982399293982166,0.16416848882398288
C1,MARCKSL1,0.23447040931279545,0.250574316206512,0.284185490014367
C1,RNASET2,0.14531506971749192,0.2589668942960914,0.2799246101245091
C1,PHLDA3,0.009127829561676038,0.06567041471734482,0.08813180580949916
C1,VARS,0.13757217219834114,0.18084854478962867,0.24408083330053562
C1,CUTA,-0.045272650476167395,-0.1788239201895137,0.23684620659774877
C1,LONP1,0.16995779602275635,0.17451766464521948,0.17478810175239523
C1,STAB1,0.017805686108893912,-0.01004624596450514,0.196169798054757
C1,TKT,0.1455441867129233,0.15027534701977507,0.15080233283484118
C1,CRABP2,-0.10001040163513583,-0.10317474358338131,0.13372696433617587
C1,PHC2,0.11590514210143375,0.13208097750187012,0.15089193792251712
C1,SAA1,0.006245390158302901,-0.005297350257692047,0.07148741689864999
C1,NAA10,0.2301871901530515,0.22826457652136634,0.23125164378707172
C1,MAP3K11,0.09557235415867422,0.11418566817934316,0.11442217460394662
C1,TMEM259,0.08800403432547015,0.07362330075314616,0.10337023876872242
C1,GRAMD1A,0.042623276018785586,0.1455101982012081,0.22408973920213462
D1,IGHG4,0.01099667559724603,0.007428959844968552,0.056937229813922616
D1,S100A9,-0.07362995711833972,-0.058790338335194,0.07398899319633213
D1,IGHA1,0.37669529451765466,0.3890856499276648,0.39859378129763284
D1,IGHG3,0.1868069431052782,0.38915119210073673,0.4082900186859225
D1,CALML5,-0.10311203447305095,-0.10608075298689425,0.10946199173635002
D1,IGHM,-0.13293649310844421,0.36400962386586855,0.36744421817989975
D1,IGKC,0.3765738373659503,0.436922759751771,0.44827606548065224
D1,IGLC3,0.3511720616635656,0.45982547537379365,0.4631133396863247
D1,S100A8,0.026138935940309853,0.035684848337719316,0.03578052625372287
D1,IGLC2,0.3419606223764366,0.4367246234625675,0.44100282711857813
D1,MUCL1,0.07760418001448446,0.07302261399190718,0.08877345780558697
D1,IGHG1,0.1527729891636545,0.30755546601003214,0.31249858270538583
D1,SLC9A3R1,0.15719436777847673,0.1572667646494106,0.1573359156340585
D1,MGP,0.055827571243907914,0.30771926041468106,0.34764187672903873
D1,TPT1,0.17717488322201888,0.18285294519451528,0.21375227346302722
D1,FASN,0.40050642868872677,0.4060440490082999,0.4066249751773162
D1,PTPRF,0.19686548709074655,0.20579536594243472,0.2059941227579561
D1,PHB,0.10588928438581081,0.10682347851042459,0.10701167915590838
D1,ISG15,0.13674406574010756,0.2230571031072368,0.22423353413213098
D1,MIEN1,0.2166212245102221,0.21769591295205806,0.22243727384106293
D1,IFI27,-0.14335801635203177,0.18896530470633072,0.23644861271968637
D1,C1QA,-0.11700158112306677,0.4023268347468904,0.4043830108605921
D1,GRB7,0.16815139512179864,0.17415394095942707,0.18071771085771177
D1,MZB1,0.10824069295158555,0.09751011388225289,0.13027821093844533
D1,LLGL2,0.06824235168187205,0.06746138268384856,0.06955366744872725
D1,APOC1,-0.04604523672305384,-0.10808023748498063,0.12012164858070666
D1,SCGB3A1,0.03670557857961894,-0.037702551087529616,0.08593435766541933
D1,FTH1,0.29822306237676854,0.38604911681573884,0.38605828541692266
D1,LY6E,0.03543378241746882,0.09074052320997977,0.09798238334655429
D1,IGFBP2,0.06517667701208113,0.13972212351743338,0.1689795144992112
D1,TFF3,-0.027070472746002595,-0.019597323501794255,0.027070671496342395
D1,APOE,-0.12641714057545597,-0.07558097021908103,0.12654011027319342
D1,BEST1,0.22870328414197497,0.22401102747465798,0.23063940312472828
D1,TAGLN,0.43398010557323613,0.3956871965829744,0.44919647702894927
D1,PSMD3,0.31957079317677584,0.3237434466553075,0.32424868617070435
D1,FN1,0.5093110659792924,0.5088501113000599,0.5093597914082361
D1,AZGP1,0.16423441987313472,0.1377708597642329,0.16929078302143835
D1,ACTG1,0.5691236297778066,0.5765896033120901,0.5806003800083088
D1,AP000769.1,0.3654402724563711,0.38106049947277915,0.3904553774430618
D1,HLA-E,0.2916409572012528,0.3200125636616367,0.33405771538028634
D1,C3,0.4326705178070681,0.43212095078500096,0.43370126617931715
D1,AEBP1,0.0323094985649533,0.3634698047663392,0.37667935770814226
D1,PABPC1,0.29297374356852934,0.32117181963072605,0.34968878576890833
D1,MLLT6,0.2658091308181395,0.26581737501292685,0.2659053335283884
D1,COL1A1,-0.24253933160857072,-0.20702478011051428,0.24489382620544134
D1,PSMB3,-0.050322378844647575,-0.047844669249864046,0.05465035240227071
D1,CLDN3,0.10674813308354128,0.23676424741881488,0.23934451434799855
D1,COL1A2,0.012094131023693068,0.0415350865480997,0.08791405647245594
D1,PTMS,0.19438249312088385,0.1486882604019755,0.2123963276963064
D1,TUBA1B,0.27388985199356836,0.295815178350146,0.3057946692902122
D1,CYBA,0.24398434782019446,0.2685413460871936,0.2687685309530215
D1,LGALS1,0.1841311639317747,0.17795093585607671,0.1863771266606067
D1,B2M,0.024533471544909192,-0.13182842070399242,0.24733002024098846
D1,SCD,0.41471057440923886,0.4181685150653479,0.4424936632026336
D1,S100A14,0.09508777103559457,0.10685743024167868,0.15920180289877678
D1,TMED9,0.022320920701928787,0.023015007824064328,0.023447087855584064
D1,BGN,0.3627463754373993,0.376811996201429,0.38847411941399407
D1,TYMP,0.12334162476181779,0.13599732305867795,0.13705164471765033
D1,DHCR24,0.26826147465402767,0.2964932004001494,0.2964991084898208
D1,H2AFJ,-0.07551756627591884,-0.11257626383726335,0.12592090424022118
D1,LGALS3BP,-0.029224898303658407,-0.051515459031426895,0.05170326529088773
D1,MUC1,0.08256234605625246,-0.15415415939803223,0.15422252396934877
D1,BST2,0.20705575044237456,0.2199857644710006,0.22005761142380237
D1,NDUFB9,-0.0006027118154992615,-0.006591525472659397,0.10217899020849545
D1,GLTSCR2,0.12682912218017528,0.13801798384080072,0.13840599658179373
D1,DDX5,0.21977851289553074,0.21890265698442934,0.23096954871650527
D1,PCGF2,0.08924700821579093,0.08151383913758571,0.09635983405003798
D1,HLA-B,-0.04601204743504408,0.3746725499105165,0.3934283982690017
D1,LTF,0.057168282642127345,0.04717793535529104,0.3071300738945658
D1,CCT3,0.26562264144390896,0.2628532910597779,0.2656951062742587
D1,COL6A2,0.07709031189342587,0.10866569453754844,0.15661000651687912
D1,ATP5E,0.20595494327793062,0.2142924949812526,0.22920297201982825
D1,ORMDL3,0.05552054354744455,0.051360204001774226,0.0688860562044112
D1,ATP1A1,0.1344540891438778,0.13230899549484643,0.18189736632041373
D1,CISD3,0.008298709420726493,-0.020367855677542842,0.12637756328702487
D1,PNMT,0.07051011979032469,0.09550947556263356,0.09986069952326046
D1,MDK,0.10062532457331586,0.06571222751527507,0.10063104014526186
D1,S100A11,0.24050323238872906,0.24988748179815493,0.26027267197777293
D1,MRPL27,0.20803300715368434,0.20805430968106212,0.2080561508489041
D1,MYL9,0.1566872203330509,0.14931167065376355,0.1580527451449755
D1,HLA-DRA,-0.21075943037441036,-0.2594550831714831,0.2653957530201541
D1,KRT7,0.22894488609654187,0.2295156424746262,0.23318397983260758
D1,C1QB,-0.11465958456167694,0.22792377697965202,0.22820773124736787
D1,HLA-A,0.1205162920330671,0.22888438814378143,0.2763992139722436
D1,IGHG2,-0.057474753300587975,0.23038007375871483,0.23464855861836773
D1,IGFBP4,0.31966787497143473,0.29576474914079803,0.32374949432111993
D1,KRT18,0.15316821005847994,0.118866052818955,0.1648795177834775
D1,G6PD,0.012751853549729754,0.04620884349145901,0.07006206717903077
D1,A2M,-0.11157176606995445,0.23093352288233693,0.23112304097355407
D1,S100A6,-0.28124366462021516,-0.29213211275926354,0.29734213873377746
D1,FADS2,0.13214114194768245,0.12274069527159186,0.13973509680141302
D1,GNAS,0.2993695620238994,0.29913844342652923,0.299759892757932
D1,HSP90AB1,0.2976077975839239,0.3027664004208009,0.31269975671012945
D1,VIM,0.06332574565896715,0.21268270396116767,0.21745727121550418
D1,PERP,0.294501401950848,0.3007966627100971,0.30214702015921774
D1,C4orf48,0.020563167843421232,-0.06753975474164246,0.0930262402840373
D1,MMP14,-0.07377365824187526,0.21684202654379559,0.24276009610014668
D1,COL3A1,-0.05445207556480201,-0.0648636007816887,0.08127776932138149
D1,NDUFB7,-0.051823051040171486,-0.04654791830136946,0.16638341370165174
D1,SNF8,0.001327490459809442,0.009021421317077165,0.02871450992927716
D1,RNASE1,-0.09234531481885835,0.1932674482794924,0.19774133481857062
D1,GSTP1,0.17161008024945007,0.17240280843656233,0.1738351084756045
D1,CD74,0.4199948228716329,0.4167002488613131,0.4200414281963103
D1,SF3B5,-0.029608896928795928,-0.032903492270336634,0.04156651906521934
D1,SDC1,0.20736805390629234,0.2291051304657721,0.22912178086843735
D1,COX7C,0.30233126602266486,0.3032263883857953,0.30322671749178715
D1,TIMP1,0.11985048507287961,0.11979103570058404,0.1321174396806998
D1,COPS9,0.13849884395624082,0.18565052406782645,0.19420757174764028
D1,TAPBP,-0.0074372213934438625,0.1233597449439683,0.12561379261298325
D1,MYL6,0.10468900640106625,0.07315738879147676,0.10470081402953563
D1,FKBP2,-0.002023434640732902,-0.04523714116798085,0.050241830173398665
D1,CST3,0.40340477140624076,0.43043358003183124,0.44049509797957426
D1,ADAM15,-0.11613752077903164,-0.08186122046706437,0.11762817612338493
D1,SUPT6H,0.02360741747938492,0.020932233421073112,0.037941942107146125
D1,LASP1,0.21514207446315028,0.2165723447124888,0.2166290711162214
D1,PRRC2A,-0.018323628155645075,-0.03915367671649545,0.1406581124070077
D1,COX4I1,0.14830267715040762,0.1495114896240733,0.14973727050523578
D1,PLXNB2,0.05876289415630309,0.05102246395871298,0.09754287173037085
D1,EEF2,-0.07228663504025877,-0.09126823027237893,0.11684909877615059
D1,FLNA,0.06483787935012873,0.06552849878245227,0.0782936218338445
D1,CHPF,0.013775266353521123,0.07159919321459604,0.07329089871417847
D1,ATP6AP1,0.13543167922647295,0.11981479251831276,0.14128234422453154
D1,HSPB1,0.2370946630833331,0.3379368475071196,0.3853061267251806
D1,CD24,0.3866034389016279,0.3846987881647174,0.39219412426029115
D1,CLU,0.026485200370815976,0.02085466963535753,0.07298911236267262
D1,NUPR1,0.0939324102847774,0.0875197608829256,0.09755005079220115
D1,COX5B,-0.03419025965057327,-0.042540203998040975,0.04843050067421739
D1,STARD10,0.1871842462265435,0.19944854749366775,0.2136621734436924
D1,NDUFS5,0.04035877883952464,-0.02832163748833827,0.04607426097983691
D1,EEF1D,-0.01254145563794688,-0.004809366627640206,0.018100905568872727
D1,SELM,0.08685897657145802,0.11507267208829974,0.13540344425935308
D1,RARRES2,0.13111639557831314,0.1488764299872071,0.15315750152437727
D1,UQCRC1,0.023738165435918526,0.019122514951071395,0.025229974678998728
D1,NDUFA3,0.019906560444825725,0.027850476336563817,0.03308895087548793
D1,GNB2,0.03687617297607562,0.035398355214816345,0.040463760840733776
D1,UQCRQ,0.03906811639188665,0.04350912052778514,0.045204125213147914
D1,ATP5G1,-0.056997210953877296,-0.04814557967478666,0.07121073437879569
D1,CHCHD2,0.029878545407006955,0.03170299684441348,0.048874976574359845
D1,SPINT2,0.2534469359382126,0.2519264564277412,0.25483474247047394
D1,CD52,0.216076507123259,0.3463468511257996,0.3559629352143702
D1,UBC,0.15471512510738672,0.164332213819371,0.16879785704439473
D1,TRAF4,0.22963621978108895,0.2459527327033053,0.2557103956672128
D1,COL18A1,0.07163679854806865,0.09747008806089984,0.13275378646238284
D1,RRBP1,-0.07650085829404957,-0.06424044400840491,0.1470807785316493
D1,PEBP1,0.34117531858388095,0.3418923271179512,0.34252453941189975
D1,TCEB2,0.08812052345498521,0.10870921522612183,0.10902694564254728
D1,ATP5G2,0.114477579024038,0.12016683672087568,0.12174169694474574
D1,WDR34,-0.11289026351714507,-0.12133904530451287,0.1287716497940585
D1,STARD3,0.14635706512189348,0.1229560584077267,0.1491726318634152
D1,MZT2B,0.11501300455553234,0.10518658628783932,0.11587512551917757
D1,XBP1,0.2843762982582303,0.28720993775868864,0.2872863636638601
D1,KRT81,0.020333520130812507,0.006933152414834513,0.10049153568157042
D1,ARHGDIA,-0.014711437014530631,0.023028538489519537,0.03970140294614038
D1,PKM,0.29646963972684637,0.3073216761805319,0.3111060793739535
D1,PGAP3,0.0818069240778187,0.07794114963758682,0.10453935216661997
D1,COPE,-0.028406357370875737,-0.03208494495118962,0.03304498524429494
D1,IFI6,-0.05335614523887853,-0.04594254086718641,0.057117582618566864
D1,ATP5B,0.31262492089496074,0.3139520211402824,0.31395204711061314
D1,QARS,0.03506895418579418,0.021477717885580068,0.06825472957027133
D1,SCAND1,-0.08042934577998298,0.08464738754579436,0.15011317833039584
D1,TUBB,0.06939431739316988,0.09677036189609928,0.13825143311890103
D1,ENG,0.07592666474189146,0.09950923833607096,0.11781213801713869
D1,BCAP31,-0.10118762148492065,-0.08000771731149801,0.10121189623063141
D1,TPI1,0.06985560886174948,0.042655905645889974,0.07214753954623514
D1,CD81,0.07888498355950523,0.1355412973414776,0.13765115714070694
D1,SPARC,-0.17456136519533585,-0.13091556742966937,0.19378546941916966
D1,PRDX1,0.1170381060213281,0.11471430963158533,0.12447427564910978
D1,LAPTM5,0.02412520295488775,0.3258230179463521,0.33001665930518115
D1,H3F3B,0.22174541308134527,0.22222496493012597,0.2225714473183308
D1,LMAN2,-0.02962907361097185,-0.05199848225686639,0.11616098178207547
D1,C12orf57,0.14719152733325125,0.17681095103036193,0.17867980729953511
D1,CTSB,-0.05988960628713806,-0.08202403482754554,0.0914148811585685
D1,NDUFS6,0.016336968578317172,0.0006464069719106409,0.01710903147920462
D1,IFITM3,0.042111427137701975,0.03442894069835457,0.05046139707086359
D1,PRSS8,0.2217807317755771,0.22164401380306906,0.22269984069498103
D1,CCND1,0.001740554383621892,0.17923534409424063,0.18715358511235705
D1,POLR2L,0.01844915208833728,0.03395352844184553,0.07211704537795369
D1,HNRNPA2B1,0.31856014345129013,0.31571820864730005,0.3467994374506143
D1,COX6B1,0.16792634747398938,0.17065664205082354,0.17181161808842965
D1,PLEC,-0.07098263333843059,-0.01565279730206389,0.11562309537747163
D1,PRDX2,0.027160927554468556,0.01944687270824551,0.04332028492232361
D1,SEPW1,0.08481619263197314,0.08470477318415313,0.08488005889156754
D1,MRPL12,0.021030559140041354,0.046387363202097985,0.049373847483965436
D1,PTOV1,0.02493351021150052,0.005770962400161713,0.12210026262060845
D1,ASS1,-0.1422135350510759,-0.12807420440591807,0.14472784457764112
D1,DBI,0.3507398090632121,0.35864649007835053,0.38554285286126144
D1,SERINC2,0.1308908757740487,0.15001848517843355,0.1588967754417704
D1,CAPG,0.024897466250787637,-0.16251838025186113,0.18040000577218573
D1,HLA-C,0.07800782617120004,-0.00409436700652604,0.1338363585249352
D1,TAGLN2,0.07201063891044067,0.10701316936281362,0.15474894081172033
D1,JTB,0.22724747119379518,0.2323422178314793,0.23344229983273476
D1,SLC25A6,-0.04590976026818365,-0.04541193546788363,0.05263394642424889
D1,APRT,0.10320785839299844,0.10277649939940381,0.10332211546886912
D1,BSG,-0.049861841496433766,-0.03294462291693634,0.05007974754648557
D1,ACTN4,-0.031550733650769866,-0.03983617876582283,0.04056051345842432
D1,SQSTM1,0.01931966266606113,0.02108741449184065,0.03648616501002546
D1,GUK1,-0.08883020864498278,-0.08280374791372849,0.08886109534042198
D1,VAMP8,-0.016959500295880617,-0.042581948916444734,0.04259019371959598
D1,TUFM,0.09955517304854501,0.0913780482797401,0.10155375451439282
D1,ERBB2,0.44549412161069585,0.45128630068926057,0.4514241420972645
D1,CTSZ,0.040505760831879276,0.00807921207693507,0.047790943183740824
D1,MAP3K12,-0.041490395391126506,-0.006399709940150913,0.05653651040616349
D1,RABAC1,0.021622789222282168,-0.16392357417281095,0.17308947471630773
D1,EIF3G,-0.006063741953593918,-0.03388126193399037,0.11707887502636993
D1,DPP7,0.0767572463001816,0.16288297824268194,0.1633506448718098
D1,UBL5,0.058117301332191916,0.09569764099812368,0.16988710420235267
D1,TXNIP,-0.1535351176933566,-0.19979540666559123,0.23256684191541305
D1,TSPO,-0.08756754485161398,-0.07180177988696834,0.10022666828595465
D1,KIAA0100,-0.013046275365422067,-0.012151620268952494,0.026100032870175652
D1,GPX1,0.20593538833629435,0.20085910836283932,0.21107360668619737
D1,TMSB4X,0.37420813522323937,0.36969858684418105,0.41232158898980187
D1,INTS1,-0.0034462214059758673,0.026171005777951468,0.04504938866215274
D1,AP2S1,0.12033992381656472,0.12792919694645866,0.14544565150781205
D1,GRINA,-0.0946989014439816,-0.16593594055022048,0.19510596070729588
D1,CIB1,0.2400439529260761,0.2378075383589591,0.2405652420041848
D1,CD99,0.07100796322167079,0.07107144003932835,0.07147672748897337
D1,SPDEF,0.08122579930109264,0.08062951928463379,0.08191849519733574
D1,ROMO1,0.01968242405395297,0.014807972373424487,0.019918648158237195
D1,MMP9,0.27819634578764246,0.18214009429837513,0.2786226748800101
D1,CRIP2,0.2081602824631532,0.23661876612137892,0.23662817067679295
D1,LGALS3,0.17649912547693905,0.174661032330106,0.21618450759661295
D1,LMNA,0.18262830233569127,-0.11607755751051645,0.18620907253982716
D1,PSMB7,0.0894589008535185,0.10245462924378797,0.10247935245314958
D1,NDUFA13,0.14207406569401954,0.14169398488149687,0.14208985121515474
D1,FXYD3,0.1929505477452468,0.23354198597533385,0.23758012978508325
D1,IDH2,0.24293288496045123,0.24501711797749473,0.2481027551815427
D1,GNAI2,0.06206856678412814,0.3502672755423895,0.35813682002291036
D1,LRRC59,0.21159330115833966,0.2189613557250628,0.2441624014840673
D1,PLD3,-0.08611343184955024,-0.03347557563697094,0.09112730361887658
D1,ZYX,0.10461644502153927,0.08951674278656542,0.10500577537056985
D1,HDLBP,-0.012605863685052919,0.002857937582727888,0.027176139003766232
D1,COX8A,-0.02514534515780755,-0.005020893436761408,0.04379425151060094
D1,PTRF,0.33221604733411497,0.32613120041844335,0.3511922347194938
D1,RHOC,-0.057925131517004756,-0.052411517545060265,0.0636868109951794
D1,SNRPD2,-0.06554396092163658,-0.126978022437006,0.14943734625405997
D1,EIF4G2,0.32859534236588506,0.3384658358417513,0.3561694166750498
D1,UQCR11,-0.01056005249068618,-0.0328439847422941,0.04017108880486614
D1,SSR2,-0.0457112729623841,-0.04378965801218084,0.05284138278690923
D1,SEC61A1,-0.1408342037504052,-0.1268640067334217,0.14769165626663525
D1,CAPNS1,0.02255061458042698,0.01433092427434182,0.02355754729235736
D1,HLA-DQB1,-0.19589731850636596,-0.19448658504835964,0.2006005486166552
D1,PRELID1,0.04261332765088017,0.11305417696710807,0.12197957021165991
D1,EIF3K,-0.0106964580012555,-0.006803774509472148,0.12274117896790028
D1,MIDN,0.1980736101225465,0.2669992779739339,0.2696531037195339
D1,C1orf122,-0.06531430126683731,-0.0568755172603609,0.06800257386982513
D1,NDUFB10,0.05378887937710626,0.06333124244669322,0.06994800165492035
D1,SRRM2,0.14465815686689182,0.144376267702017,0.1465373816630063
D1,VWF,0.03924312501744258,0.04579446640069333,0.05032017361117123
D1,MAP2K2,-0.00045216641789296957,-0.09124887885316352,0.10972433475879716
D1,ENO1,0.12939860026528083,0.12983964796817735,0.1322086242945331
D1,ALDOA,0.05386502168196184,0.11151351193615555,0.1478531994021509
D1,LPCAT1,0.28177943838728425,0.2875971376421459,0.28954815220247915
D1,CLTA,0.08112456161853658,0.05111911089589788,0.11024973895175913
D1,CTTN,0.2715415976461598,0.27049533916657187,0.27219911995255613
D1,NDUFB11,-0.08608364014464633,0.1119236734583862,0.1288956018683022
D1,FLOT2,0.07905868811430145,0.08148670597443568,0.0852079963994301
D1,EIF4G1,0.1407410119801935,0.1497157703800922,0.17379749612814696
D1,HM13,-0.025411104743846093,-0.03400176021672434,0.04442832815126054
D1,FXYD5,0.20903217511051944,0.13199365068339688,0.20924298203243458
D1,GRN,-0.13476046044369236,0.2534052103148543,0.2590791797315849
D1,NDUFA11,0.01580722123415615,0.14700922929960678,0.14910001197772854
D1,FBXW5,0.044017790915633764,-0.0198266038149778,0.05675684875985672
D1,PPP1R1B,-0.09452161085827802,-0.04480848513658042,0.09506469883750368
D1,ATP5I,0.18942452141429922,0.18912809616655207,0.19295684638204702
D1,UBE2M,0.061195360068233305,0.056505892309308664,0.061195473633041356
D1,KRT8,0.29291004738303417,0.2725422582722756,0.29626410831847994
D1,H1FX,-0.07534799515203662,0.09797768375073662,0.11399331679565503
D1,KDELR1,0.14193321255150868,0.17433171648302218,0.21854085514297977
D1,CXXC5,0.030434855999811716,0.05203370216237919,0.09746869876975654
D1,JUP,0.16656491240801716,0.18464868267072507,0.1858095885551424
D1,AP2M1,0.01315909375681387,-0.00973673156110675,0.05775681228121981
D1,IGLC7,-0.049760054924143586,0.07477576906267845,0.14614344030992774
D1,CIRBP,0.07353006040176001,0.0762287917181073,0.08197791638018298
D1,RALY,0.011016384433377178,0.0235670615761255,0.02936190586205688
D1,ZBTB7B,0.2600462642355434,0.26466079499046585,0.2860001466235183
D1,MYH9,-0.0020592619945500688,-0.004363716267351432,0.03669922587267071
D1,ELOVL1,0.01286356560920174,0.012667280735335065,0.015494491563608222
D1,NENF,0.023409556551497183,0.017441865318913282,0.0838531267680525
D1,ATOX1,-0.0016982233513263942,-0.0034658828676312767,0.014481045247504074
D1,HN1,0.027145328695846092,0.027106634707197125,0.027664994700127787
D1,SAP30BP,-0.054552612442692106,-0.03706001747305882,0.0723665526690168
D1,VMP1,0.4630141244452481,0.4666372250605472,0.46758696414788037
D1,LSM4,0.11455450296418528,0.1048361765503914,0.13454134841743917
D1,AES,-0.07943248873902002,-0.17296492832745122,0.1803996493370962
D1,CD151,-0.010416571429750098,0.11827318362951988,0.125019032198057
D1,PSMB4,0.178721485848794,0.18544312679226638,0.18908006360775073
D1,ELF3,0.12986918895676114,0.13033215156789785,0.1306934329546983
D1,CLDN4,0.19068183167399683,0.1927497571252215,0.19280799121236952
D1,HADHA,-0.019690910267980553,-0.04229061757787183,0.04488607468077896
D1,PFDN5,0.1437351954209927,0.14311607251311342,0.1437481714506007
D1,ATG10,-0.1601726325881564,-0.1686859185599571,0.18698774731439452
D1,HMGA1,0.20606697312178857,0.20428645885523306,0.20610346337138574
D1,AGPAT2,-0.050941202834176996,-0.056396565861754525,0.06211031051764607
D1,UBB,-0.040066941616923236,-0.02907522489970614,0.07219453458631234
D1,MVP,0.0469372771852855,0.05757093773148789,0.05762719124302611
D1,TPM2,-0.019188380792406715,-0.03498796801164962,0.09290417722393941
D1,HLA-DPA1,0.19358317516618212,0.12300758146293539,0.19611644177602186
D1,PTBP1,0.1403779245221434,0.14200551135932726,0.14309812887184598
D1,SPINT1,0.07164080336253335,0.07265995958974321,0.07547388579795353
D1,TSPAN17,0.053955337694873824,0.010426448112458428,0.06678635683033149
D1,RARRES3,0.20373320683115848,0.18429729346014584,0.20852646775675732
D1,VCP,0.2800810522439162,0.28024849842001853,0.2813358174328216
D1,RABL6,-0.003823334110149575,0.007678825527406295,0.009918084569802218
D1,ENSA,0.21541763541077988,0.21574119752394438,0.21576155762994184
D1,C19orf70,-0.062120213667953894,0.05851659345471184,0.08828461444182789
D1,HSPG2,-0.05567555031674998,-0.043516722930899386,0.07085548322848595
D1,ETFB,-0.0014129481613513214,0.056144019180769535,0.06382365923030046
D1,CERS4,-0.06200164124296218,-0.0617575062103043,0.08013961277202636
D1,SYNGR2,0.025363424174098988,-0.0007983794479860812,0.08262836751638294
D1,CLIC1,-0.08834179793067673,-0.0887131961705946,0.08877527675698743
D1,SLC2A4RG,0.08825312775749217,0.08836251972832213,0.08846889985997027
D1,ACTB,0.13391715634006932,0.13136357599359633,0.1601524619213716
D1,POSTN,0.11189644548745523,0.09360922955018564,0.11495983450026963
D1,ECM1,-0.02117440799647586,-0.005987600234594947,0.13425309711529235
D1,PPDPF,-0.1383032352086836,-0.20624134176773215,0.21177583088310442
D1,TIMM13,-0.07266529738009342,-0.0785119248763123,0.08910681098719969
D1,NNMT,0.24218712516698926,0.2499330895069931,0.25025958725408737
D1,EIF5A,0.25713326917731266,0.25757507557112586,0.2583960354773437
D1,IER3,0.19882045300373272,0.21305542644501424,0.21854645704319486
D1,MFSD12,-0.026440718108182264,0.05201584115873061,0.11999383485604985
D1,CHCHD10,0.18298716893260003,0.17748592106353644,0.19598967627874722
D1,NBL1,0.2811970496822489,0.2821591554816248,0.2900249103246625
D1,KDELR2,0.1191794511653737,0.09325855659578976,0.13881922836903662
D1,PSMD8,0.03874709512292086,0.035478407702966494,0.046945089387245134
D1,UQCR10,0.2391353941246279,0.23572654384364713,0.24234274611543885
D1,WDR83OS,0.045060709419982574,0.05563520466897132,0.07404434828108988
D1,PSME2,-0.036939280644960354,-0.06170429145907968,0.08173543438254575
D1,EHBP1L1,-0.049333348244787766,-0.0295357316592236,0.04949999041185033
D1,IER5L,-0.0930354570613778,-0.09351074036197339,0.09424947283177507
D1,ERGIC3,0.09526767057525025,0.014463446713332785,0.17647125859907253
D1,SLC44A2,0.10337384182352731,0.11184165998929575,0.11208649099421149
D1,ATP6V0B,0.02273510231908144,0.0046453868567328605,0.06749721757290861
D1,EIF3B,0.06164636174823858,0.055098326528871124,0.06165674494718026
D1,PLXND1,-0.021347127956076208,-0.057075776593596785,0.06786635958968129
D1,MRPS21,0.19937824768599546,0.20072815553718373,0.20273977225982756
D1,ATP5A1,0.19464382547480646,0.2127800575904249,0.23811066333355174
D1,ECHS1,0.20505987136409565,0.203996573744745,0.20506583015300775
D1,PTMA,0.2120573663671897,0.21736317070820416,0.2411459517840546
D1,CDC37,0.0923137703233539,0.06488038413328186,0.09241568475823186
D1,CLSTN1,0.18324144757497987,0.1831417293254296,0.18371290349091302
D1,ARPC4,0.08600337374538457,0.008453705550800548,0.09046721144281612
D1,SNRPB,0.11308768228603032,0.1614092648874364,0.1997002671765309
D1,PSMB1,0.018461868496590435,0.016826807516905382,0.03296703509701715
D1,EVL,0.1616902769969041,0.1611786218211496,0.16289965511788793
D1,MRPL37,0.010653412301252517,0.08068847095805702,0.09214351979033794
D1,SSR4,0.17920777219457515,0.40171430449072737,0.40300471514947006
D1,DUS1L,0.08011956661516086,0.0694968210975465,0.08151037692305779
D1,MYO1C,0.06799827802159945,0.13433022301845518,0.16209083293487891
D1,TRIM28,0.11816310061197613,0.1182790997389042,0.1185757990243171
D1,CENPB,0.10836700198599596,-0.03588558040900637,0.11402052189460125
D1,NDUFS8,0.038427375741349946,0.09075430319469259,0.09235082852405459
D1,ERGIC1,0.12374113881974917,0.12811550814514358,0.13742115656852494
D1,SERPINH1,0.16403823992694572,0.16387715476138764,0.16600065551916698
D1,HLA-DRB1,-0.13948925409596072,-0.21794507245539368,0.23008365424132995
D1,MMACHC,0.13595848332586394,0.1402657647707128,0.14043205188069047
D1,CD68,0.10832733959466785,0.11349523769416173,0.17171568180713193
D1,MAPKAPK2,0.10647497352676297,0.1182526243776199,0.18002398198843383
D1,INF2,-0.06734110407935746,-0.06198849697268995,0.07287310461087201
D1,FDPS,0.08977579794161888,0.08103233155810378,0.12463760805756899
D1,EZR,0.1283911445472085,0.12591608060232745,0.18717086657188375
D1,FAM20C,0.12026178930948156,0.13726152960343055,0.14141582818192944
D1,NECTIN2,0.09083242234485416,0.09881384860412433,0.10427422262532915
D1,PFKL,0.10194524964456976,0.10212205776644367,0.10226389369663645
D1,PCBP2,0.08159346445344666,0.08160380538117719,0.08161869936081223
D1,CLDN7,0.21701920352963816,0.21560679609137304,0.21725943211863535
D1,FUCA2,0.14510162365210164,0.15072506277945083,0.15938434223354783
D1,APOD,0.12099825268629773,0.15749756732126413,0.15811341955055047
D1,ARRDC1,0.13272629352747436,0.14043191631290494,0.1409323493915142
D1,DDIT4,0.4845832288369286,0.478758482042738,0.49329946858671586
D1,NRBP1,-0.0666148580717108,0.035162965401858856,0.11078889969623722
D1,PLOD1,-0.17255140265100097,-0.12805962384030342,0.17371652164709322
D1,AUP1,0.04485846668237483,0.06334865754883419,0.07603086045653693
D1,PHB2,0.15730352321568897,0.034344552869181276,0.22948731348476878
D1,NME1,0.13332838092547608,0.12649307038700286,0.1458304621156361
D1,PRKCSH,0.09347053517966791,0.08923741765272054,0.09354425663079
D1,AP1S1,0.17636800416715345,0.1738823030506139,0.1822379006511007
D1,HSPA8,0.35543192028479625,0.36277638243297483,0.36421527380054675
D1,SNX17,0.040086894528621284,-0.018852764431583187,0.04123977565170159
D1,CD14,0.1517181721423514,0.36620507515706596,0.36776764100601667
D1,SDF4,-0.1336628895742772,-0.14238927840881713,0.1431123952409935
D1,EVA1B,0.2813830970428448,0.287499845572797,0.28750519840617716
D1,GADD45GIP1,0.039119106574498054,-0.05342515204937734,0.0569347734126873
D1,MRPS34,-0.02022218661049326,-0.04607549691165647,0.15719079441537714
D1,PIP4K2B,0.1201594824486375,0.12024396167010752,0.12025686341574035
D1,ACP5,-0.043389076997879326,-0.0581285562690009,0.05812889187363601
D1,ATP5D,0.025772819758857462,0.006058141136503808,0.042535142580542036
D1,CFD,0.0793999118508512,0.0754421014353592,0.11893526307348222
D1,ZNHIT1,0.05660898476340208,0.04814376798939016,0.05845292938744767
D1,PHPT1,-0.002957795748654959,0.008461519012049803,0.0731564929298839
D1,CHD4,0.12927770419284454,0.11255552941703677,0.15196974662933074
D1,MRPL28,0.051348795717454425,0.053483680913462894,0.05413391735541061
D1,ITGB4,0.06816478427619098,0.06934407733929969,0.09858368893134996
D1,NR2F6,0.15528869655548644,0.16146145576646775,0.16373835435276307
D1,S100A16,0.11312532087680686,0.11292327753452239,0.11417681686543564
D1,ATP5J2,0.031475102044193695,0.046096095577676306,0.09122192762036624
D1,LSM7,0.19810446722648348,0.19928050513706272,0.1996298250306346
D1,MBOAT7,0.044708190448174624,0.046751166576995684,0.04676951993171105
D1,CHMP1A,0.03087531244416541,0.1274895500858706,0.18502652277673812
D1,AKR1A1,-0.04048591695571409,-0.04034406386383829,0.040486107838484685
D1,CSDE1,0.004110966604830207,0.0005642742048751439,0.06122260716317553
D1,CD63,-0.24145028750325148,-0.3398738439720923,0.3435166733179795
D1,CLUH,0.16546788827613693,0.1785324572307856,0.20690232817252918
D1,BLVRB,0.03415482838355784,0.03394081707266354,0.053047125862808374
D1,TMUB1,0.028440815429516198,-0.1646947105447028,0.1799817460068261
D1,SLC16A3,0.03297311069342112,-0.062108175021978476,0.09538950973075969
D1,PSMD2,-0.09044507934978151,-0.07359738763130182,0.14438346974787478
D1,NACA,0.22790553373336242,0.22799220058603786,0.2351729031548954
D1,CFL1,0.08899747760517536,0.00030451207195046967,0.09063202694762969
D1,PRDX5,0.019871047958058326,0.021248825733243683,0.021830860340022507
D1,SH3BGRL3,-0.029798951693464165,0.1981217702127131,0.21035356707356623
D1,TSTD1,0.18517528207033102,0.1856310983339431,0.18563888771082984
D1,MARK2,0.17730439347662616,0.19433066687479078,0.20284092682669372
D1,METRN,0.001072192933425566,0.16691046415125138,0.16854361188046865
D1,IGFBP7,0.1289673811346649,0.1351686934559565,0.13758720535661614
D1,WARS,0.06667426497431751,0.010314263828954617,0.09326337348858993
D1,RNPEPL1,-0.0661036460035754,0.04012869969228714,0.1020324700569922
D1,NME3,0.03082890329427672,0.029256133628493698,0.05848547972810491
D1,STUB1,0.07212742493082204,0.06039434849339689,0.07380415696962217
D1,MRPL41,-0.033433231982484754,0.058010098607186644,0.059223135267316
D1,SERPING1,-0.16547148439399534,0.10382433103564284,0.1692431523025641
D1,MZT2A,-0.0575055265844333,-0.2007593955145335,0.20197162971933658
D1,C9orf16,0.05132816491130377,0.044996302727511636,0.0513559185981159
D1,LAMTOR4,-0.007482271682205035,0.0015371554119618432,0.011562507674856597
D1,MAN1B1,-0.011489648571065577,0.022180775529151056,0.034191880408582155
D1,ARPC1B,0.050642894149651625,0.07534190349538897,0.09578323978798134
D1,SMARCA4,0.09410493364807461,0.09433408788111779,0.10071971920349027
D1,FNBP1L,0.1851327653346694,0.20045543994194348,0.23141618306533185
D1,SMARCD2,0.1321218610268675,0.13064450882775347,0.15158401161465446
D1,HID1,0.1020571255943459,0.10258618930775673,0.10685875426931843
D1,HSP90AA1,0.32841416972955034,0.32609657986400414,0.3412686065263138
D1,PTGDS,0.3105975213103349,0.2398401142605857,0.3118340792733946
D1,NPDC1,-0.014748270266934838,-0.019867383452755516,0.019920646694074808
D1,HCFC1R1,-0.009820010768263611,-0.0088273164777587,0.04642897220459972
D1,PCSK7,0.28733171562870585,0.22950023794144656,0.29299249187964244
D1,POLD2,-0.005361791720072803,-0.016847409570241143,0.057561951654992644
D1,PDXK,0.005926647593003977,-0.012471291939190023,0.023203337018041063
D1,ALKBH7,0.24451208719182524,0.2549448497005017,0.26275309426061333
D1,RNF187,0.08109045937745571,0.08641275451293556,0.1246197417879237
D1,PGLS,-0.005850578624811704,0.015848565595907794,0.017944589407565936
D1,MBD3,-0.015879683059593416,-0.050140155010040176,0.05150967768684133
D1,SMIM22,-0.06494981770212993,0.020667751463719203,0.12088860040213807
D1,AURKAIP1,0.020964147723182894,0.07533344987686193,0.10844167784880046
D1,TNFSF10,0.18473310290293501,0.19236651672682537,0.19957662673557472
D1,PTPA,0.09561693324902654,0.08270475802400692,0.09865707007230616
D1,SREBF1,0.16592662912847345,0.17006408550798768,0.17543549899785357
D1,C19orf53,0.032429251647848836,-0.01202723009811345,0.0432623241658372
D1,DDB1,0.14475566271016282,0.1465554928287989,0.17821168332604384
D1,NELFB,0.0256825242027888,0.011245521772242013,0.04384042608010041
D1,HSP90B1,0.1832079051537276,0.1828513132190923,0.18544015494701432
D1,ACADVL,-0.05841919109421349,-0.0709890703506111,0.09647116268019858
D1,HLA-DMA,0.187794566015604,0.16311103860725557,0.1880094247154238
D1,CCDC85B,-0.10341188964874369,-0.10554025140122983,0.1055412736578188
D1,SYT12,0.0938790724184013,0.07027647232452405,0.09393532353666599
D1,IRF7,-0.02595877126498397,-0.03193576393629164,0.03492149769208183
D1,B4GALT2,0.10148195486619675,0.15805615792464275,0.19940364999944565
D1,JUNB,0.05346877251152737,-0.026565923300778362,0.08302889200242627
D1,BUD31,0.09021221842476512,0.08868440436471668,0.09027741103205122
D1,PPP1CA,-0.05041699988208323,-0.1272602740058256,0.1272607537207811
D1,MFGE8,0.014884725808412783,0.017530825385379336,0.024247965952056003
D1,HES4,0.05431261198528419,0.06500390156521589,0.10233203089515877
D1,EIF4EBP1,0.005049950846492468,-0.09701520501107183,0.13792029300140166
D1,TMED3,0.17295563324727228,0.17298127837943011,0.1731128056721286
D1,SERPINF1,0.054334959050655836,0.17826556550950456,0.189284257328342
D1,MCM7,0.09913417167291864,0.09767652533585151,0.10286223793395526
D1,AKAP8L,0.0730537348799745,0.06848849781296387,0.07646202440539498
D1,COL4A2,-0.018139832392743038,0.027380458838819212,0.02738047942117766
D1,CCT7,0.08714178606493499,0.0832392171225381,0.08732723560591144
D1,APP,0.13663640669197163,0.13991454892728158,0.1440387780454207
D1,COLGALT1,0.004925431063145519,0.0030452285477498005,0.024156565979310998
D1,YIPF2,0.20719133463900294,0.20860702463950478,0.20979168814724183
D1,CYC1,0.12685860910202898,0.11777583435000266,0.16069686275260867
D1,LAMTOR2,0.029920716291359124,0.023046357032826953,0.09054644597340641
D1,FBLN1,0.2613187793332236,0.26377475488908914,0.26387822595647564
D1,TUBB4B,0.06016908531467757,0.05447055444416044,0.06411393763585431
D1,CTSD,0.11410903810302513,0.23553088564819147,0.23800350848776056
D1,TMEM219,-0.047123490885012616,-0.048354556689950666,0.05356050374216473
D1,CREB3,0.16511860762257807,-0.036364659473263526,0.1708350713190727
D1,HLA-DPB1,0.07827031238520586,0.08864668673784418,0.0964295154323795
D1,NDUFA10,0.18941236019312782,0.17220103851418084,0.19058936296498416
D1,RAD9A,-0.01830444128251645,0.0011021012488031327,0.03937015377253062
D1,EDF1,-0.010963592292275361,0.030287647999919655,0.03833910302870874
D1,ANAPC11,0.11643028781368742,0.11482718988652568,0.11658648112566883
D1,MLST8,-0.02853132183904353,-0.007266641328535658,0.028595633423950873
D1,MYDGF,-0.0157332279893022,-0.0045817624967566814,0.07161012157104946
D1,PDIA4,0.18270314010835645,0.20205683749554856,0.20893209617467742
D1,ZFP36L1,0.08433688779344238,0.0902027090324622,0.0998794969205372
D1,CHMP2A,0.037505523912645375,0.036057565301786824,0.039760448869121195
D1,MAZ,-0.007986320917207268,-0.03038189121215582,0.03928819231129628
D1,GAA,0.02444009125589974,0.04059979375763438,0.07238347226067562
D1,LRP1,-0.030050073088821874,-0.008890052650904786,0.03359129714395397
D1,SEC16A,0.2437081465157763,0.24765336584025507,0.2484820564674364
D1,PCOLCE,-0.036627754299361326,0.19444834951918685,0.19560125130806197
D1,SSNA1,-0.014805759633261483,-0.03187164251613339,0.06199859149208135
D1,NINJ1,0.07681153161131934,0.08287128762245362,0.08740011137040192
D1,RHOA,0.04502455848797497,0.044820715771605214,0.06648695896384114
D1,MMP2,-0.046722921225866035,-0.008964110382785094,0.04678316374386278
D1,S100A4,0.1778073169679612,0.24898681052729899,0.2493301577522809
D1,ZFP36L2,-0.09263402386869102,-0.09563090122690235,0.09906387934343383
D1,CALM2,0.26880363908299953,0.2818589779387724,0.3020766152617812
D1,FBL,-0.028612207520464523,-0.016295514194415293,0.13442203209441958
D1,SOX4,-0.06808893813826711,0.14823345682338715,0.148672247837241
D1,NT5DC2,-0.0671295027722853,-0.04303904951303542,0.0675268892799955
D1,NOSIP,-0.08248854036541585,0.03302842620776106,0.11359233860905675
D1,AKT1,0.23474093555264888,0.22991085959328084,0.23474135157265652
D1,CTSA,-0.025565129310411733,-0.03970346761367334,0.04484843127252097
D1,THY1,-0.03807747102007019,0.17698604040029076,0.18025923425059123
D1,VPS28,-0.02899956545371452,-0.10941196880030887,0.11221505486136844
D1,SSU72,0.08452434513778605,0.09332230061629104,0.10318898093256909
D1,SYMPK,0.05652404091581804,0.051766338300500245,0.08121938162668396
D1,SPTBN1,0.16891365656204987,0.16573893069966494,0.1872417416610759
D1,PPP2R1A,0.13632188571999682,0.1377663119944165,0.1379835589212641
D1,C7orf50,0.087367745083361,0.03530095834773981,0.09869030881616708
D1,MCL1,0.028188967196182024,0.02767322424913641,0.028231113263749233
D1,FAM50A,0.04202890767716962,0.03411709679560437,0.04207963480116314
D1,PKN1,-0.016428643057906304,-0.10147198132707246,0.11960162524263014
D1,GPX3,0.11937224116123504,0.13334883415982024,0.1346694837404646
D1,NCLN,0.03357537455739001,0.06105867502756954,0.10033621147480577
D1,CTBP1,0.14005425699585158,0.1407546853089406,0.14091600337524007
D1,EMILIN1,0.17323014015985957,0.19952432656801367,0.2026760845560586
D1,RAB1B,0.20438374455359232,0.21164549291097773,0.21175476084908393
D1,OAZ1,0.0944081392780685,0.24081418052663695,0.24828146900578407
D1,CRACR2B,0.20107792371993594,0.20059921688237597,0.21233630586871577
D1,QSOX1,0.015266566727738769,-0.004798316415010745,0.025530758762851803
D1,PSMB8,0.05801348205854902,-0.022420921580292047,0.09521875700238165
D1,FTL,-0.12190345837139349,-0.13864468953242967,0.13989542864505478
D1,TMEM132A,0.13064976260029382,0.13181784841687713,0.13492546481771822
D1,FAU,0.23799964059771955,0.24195120826979777,0.24546205502224364
D1,TMEM9,0.2942914144635348,0.29391556928888046,0.2971253484963486
D1,NUMA1,0.16417375203593235,0.16716329456099063,0.1711774388495905
D1,EIF6,0.09783478078875914,0.09849551563016991,0.09861386211314505
D1,TYROBP,0.1185784698062025,0.16226801633518678,0.1710506025707686
D1,MT2A,0.2787964698987462,0.2820735342905717,0.2859526574719509
D1,PIEZO1,0.1336098067737111,0.13686700363253573,0.14096367546908206
D1,CCL19,0.1992527275752883,0.22160352287215473,0.3598567229594651
D1,JCHAIN,0.18904383556063947,0.18924994652620802,0.18947596505957173
D1,RAD23A,-0.03399435410156835,-0.020876058276352374,0.08483515116556288
D1,CCL5,0.17388075747686185,0.2785055070983304,0.28226871919399454
D1,C1R,0.31326881022199565,0.3134075225192321,0.31365362052719264
D1,GPX4,0.08746264309445194,0.0846941518716408,0.08753073942813541
D1,EPHB4,0.1558149283233657,0.15134895459347503,0.16866552449674363
D1,YIF1A,0.22248392076201323,0.23582474292329103,0.23671397821283952
D1,TMEM205,0.13270414291752988,0.08945195235733937,0.13620594854833012
D1,SIVA1,-0.026256403925702155,-0.01810290205295815,0.12605556332546658
D1,UBALD2,0.021199579862250267,0.03501129218741515,0.0889644798212097
D1,UBA1,0.17653058804704438,0.18612827472955068,0.1880844948733859
D1,MSL1,0.34239403640361793,0.33735987590084954,0.3424112145443916
D1,CLPTM1,-0.058772335446533853,-0.07540398518891242,0.07641253271904641
D1,NDRG1,0.3675410466488323,0.3672993432874112,0.36761308361175743
D1,MGAT1,-0.17395185581628664,-0.1979673889770626,0.19868070628915413
D1,COX6C,0.3813155549764559,0.38198023472071957,0.39457522048907684
D1,SLC25A1,0.06445268226472659,0.05991158024793275,0.06588558710086556
D1,DUSP23,0.11221174144364385,0.11350529513539064,0.14346668436686008
D1,NBEAL2,-0.0060528444705883495,-0.005032622761118334,0.037905802977356164
D1,MRPL55,0.031634410283555396,0.013320205607831178,0.0447537620623293
D1,PPIB,0.22578058542946244,0.32580903905634917,0.32646007824126444
D1,PRPF19,0.0684595853070917,0.08117696752146794,0.13104533274566887
D1,LAPTM4A,0.06805514543578714,0.06463535036826215,0.07108096396476764
D1,UBXN6,0.15153094780323792,0.14775497533781595,0.1552744927093599
D1,MGST3,0.27741989021181573,0.28675164041009543,0.2870000741134187
D1,GPS1,-0.0022365858562751226,-0.040261254836529974,0.04843163935245421
D1,LTBP3,-0.06225953779525999,-0.061845998054449965,0.06524749365272184
D1,TM4SF1,0.23924251225452223,0.24623814640723782,0.2530161971182773
D1,OST4,0.033822032878320064,0.01845023175284779,0.0423498931152927
D1,HINT1,0.12817198739944538,0.12397663568821762,0.13043636910480005
D1,ASNA1,-0.0404687719354181,0.022011473031471517,0.11105349857169053
D1,RSL1D1,-0.06612651758768269,-0.03696405841224823,0.0663968146577927
D1,SNRNP70,0.02712946983127679,0.044150165580786445,0.0902105940727911
D1,EGFL7,0.04311716130154498,0.06305999002815481,0.1322785624551406
D1,TCF25,0.009922550902786377,-0.02736234358953972,0.03396628972986591
D1,CARM1,0.006804742355542172,0.038770354642371385,0.09028688050463045
D1,S100A10,0.33452903336927886,0.33272052750968534,0.33458105629065416
D1,HNRNPAB,0.3717877836095665,0.375377935351219,0.3834471637133365
D1,MLF2,0.17887251692496234,0.17821809341606143,0.17890887072251832
D1,CLCN7,-0.014832927262600815,-0.04615572201851468,0.07315305986261007
D1,LRRC26,0.1851494563033393,0.07509430027150911,0.19926249969609727
D1,NDUFV1,-0.0013934774791821464,-0.027863973621751637,0.11688012840607273
D1,FCGRT,0.001910506080807098,0.03277379245710335,0.09059529281842592
D1,CAPZB,-0.09192961270849873,-0.09091771566220903,0.10817928739438593
D1,DBN1,0.0065596128038020105,0.02405135435069083,0.030784815291821272
D1,SERHL2,0.02471380388833591,0.025040824209642123,0.03151927411021347
D1,SOD1,0.08755396886932501,0.08827777823335235,0.08833533987001911
D1,ECI1,0.08404412508817502,0.06019561260151088,0.11145479514411169
D1,LAMTOR1,0.20699306711180784,0.20862654877870646,0.2087074284921374
D1,NEDD8,-0.06474713302833075,-0.04928245835095625,0.07112355284152069
D1,PODXL2,0.14090468735349895,0.15055027470172822,0.15181378389388175
D1,SERF2,0.13993859112986587,0.13813318126484248,0.15741453569094901
D1,ARID5A,0.1301603424927526,0.13913275128082025,0.15539109540603568
D1,ARHGDIB,-0.07879757443359126,-0.20197301521969613,0.22660480348749326
D1,NDUFA4,0.03184131602310466,0.04893872187677598,0.07123379684466229
D1,TMEM208,-0.0207404452510622,0.03956628879878137,0.06996098897148705
D1,TSPAN4,-0.024912209450807094,0.1812342749513491,0.1857040221606626
D1,HSBP1,0.2991099182747694,0.30883461629817627,0.33626051317350564
D1,NUCKS1,0.20828866756323022,0.24419144038098295,0.24547219063310027
D1,ATP6V0D1,-0.132434981569823,-0.026417556679055515,0.13494368646235258
D1,MVD,0.00459509397599549,0.034331777505896624,0.05202868159797646
D1,GCHFR,0.11642494511042639,0.11224117331466046,0.11936616667721371
D1,PYCR1,0.15793080503528814,0.17079571938654806,0.18091443062036275
D1,NAGK,0.1224886766291722,0.15296623537378876,0.19068155353119406
D1,GM2A,-0.008300576094459517,0.010905358472297108,0.044244955651103285
D1,P4HB,-0.047738240989912105,-0.05129243759852832,0.05141119961584725
D1,PPP1R14B,0.23300454478502583,0.2200007371997356,0.2628317990493634
D1,RANGAP1,0.04313533818810782,0.030675505558592588,0.06803636908000922
D1,ANKRD13D,0.12477590409550453,0.16698654242343364,0.19596148130112231
D1,PRPF8,-0.02965170598453205,-0.03363417516521758,0.06326374544634028
D1,ARFGAP1,0.12172981349406065,0.13977772057012605,0.13978780963766602
D1,PGK1,0.30952510927894883,0.30937497827494964,0.3095266773276821
D1,H1F0,0.14758436840756864,0.1385458172817629,0.176280896052117
D1,EMP3,-0.0425824614060892,0.037234068490192,0.06801057086943221
D1,PRDX4,-0.06465530248569076,-0.04601805158237683,0.06843029450910859
D1,GTF3C5,-0.013196324955332895,-0.023523009060397906,0.03006701944382371
D1,FAAP20,0.19433496975900488,0.19245337187193973,0.20314494798775867
D1,ATP2A3,0.07988592663305133,0.08339604135521819,0.08969345241184783
D1,PLEKHJ1,0.02715958123704826,0.04235826342270418,0.06113344452306425
D1,GIPC1,0.03980670708217627,0.039311830535409674,0.05893579796452823
D1,LYZ,0.1257056397974379,0.03257903160433041,0.287781176480324
D1,KLHDC3,0.015257006415379188,-0.015750288869000827,0.016914406146411976
D1,BAD,-0.04565700633885391,-0.025219652238036874,0.07644124138041568
D1,MRPL24,0.16134925307421413,0.16119561722200432,0.16138972640592078
D1,SEPT9,0.22608694618317263,0.22388213913885233,0.2411742307421166
D1,HMG20B,-0.08666168039223252,-0.0902762506296405,0.09205519647394092
D1,PSME1,-0.05264386754044261,-0.05180407101771848,0.10528930052598619
D1,NUDC,-0.01542964037764679,-0.03492608504761411,0.04325570603624748
D1,RER1,0.11108092747162107,0.11003055967774619,0.11968761385478431
D1,BCL7C,0.10177441416535549,0.09936460895305282,0.10276963012033119
D1,PITX1,0.06130741538853919,0.05608545009032288,0.07547506618460594
D1,AKT1S1,0.06390023692200576,0.07814220129117073,0.08950255594898902
D1,DNAJB1,0.017042304209575754,0.01730983104639702,0.017416893620108707
D1,CARHSP1,0.13459520539333686,0.14652118270355222,0.14652209906714633
D1,PSMC5,0.09103133252020684,0.08679794015088547,0.10149526280408484
D1,C14orf2,0.19218548700342433,0.189237525216646,0.19829774548686488
D1,SDF2L1,0.08541132864556991,0.032422666939681925,0.08561856666354965
D1,LAMB2,0.041622098535531844,0.040847796647851986,0.04211232027255474
D1,ATP5J,0.13332875149775203,0.13280349958561982,0.15985111201030386
D1,TNIP1,0.07218978414607025,0.09470667592695745,0.09527567525966227
D1,C1QC,-0.1003606019163261,-0.1393885614604598,0.14285600771900991
D1,STAT2,-0.0414171301555791,-0.09116953264930032,0.14024805251290307
D1,PSMC3,-0.05249090646365594,-0.007958416276459155,0.06015821645268382
D1,PLXNB1,0.1338940508331194,0.14140810878171414,0.1585351536568217
D1,TMBIM6,0.16655527129403097,0.16516436742075916,0.16672478888027592
D1,APEH,-0.019544164888116326,-0.019292819550114974,0.026943555462398065
D1,SGTA,0.13131935717166274,0.1400864487685069,0.14068705611177956
D1,CTDSP1,0.09111811778054418,0.08418124845285961,0.11520443309162816
D1,S100A13,-0.015918092942099178,-0.025106268145226075,0.037793976755999575
D1,NDUFS7,-0.05573431819889408,0.05831210072161879,0.0588084321994656
D1,TMEM160,0.01849578856996428,-0.0246288317271595,0.10178037009207953
D1,COX7A2,0.004166210425547539,0.016331896301619582,0.08550198059334434
D1,RHBDD2,-0.023648987522661844,-0.020318000924782864,0.024710074905159835
D1,SCAMP3,0.11652413408400282,0.09981472307200069,0.14315932157709815
D1,BRD2,0.18594923427711305,0.18342229458390355,0.1864541618413199
D1,TGFB1,0.12393488949944445,0.25014973030502147,0.2502287157670778
D1,ISOC2,0.1454305767208376,0.16510730371257676,0.1673322032125572
D1,TRABD,0.020354644615631343,0.021442997448045696,0.021979293388454526
D1,CSTB,0.22211117296722446,0.21745102371372105,0.24509519351498343
D1,COMT,0.14999827462413318,0.14576249712261355,0.15467937458502343
D1,EPN1,0.08854515922768012,0.14196852643372845,0.15406356995511317
D1,GPI,0.11038385972120797,0.11060042732612416,0.11307545054652915
D1,CNN2,-0.013362755836784437,0.029616098520306215,0.046032707217547805
D1,NCOR2,-0.0060596158526360485,-0.01460724087460307,0.07085852983550946
D1,SNRNP200,0.2453864273568498,0.2444378805532107,0.2468494152911154
D1,CCDC167,-0.028404665430085338,0.04597986904060017,0.07986484014937362
D1,SEPN1,-0.07546274795824087,-0.0719562978164356,0.08899998861199394
D1,MAGED2,0.14401388977476604,0.1558445838932424,0.17814577697974596
D1,SDC4,0.26599771469323535,0.26949698495686486,0.2727499884187709
D1,VPS51,-0.061992889314890325,-0.06570863045083218,0.0690646250051096
D1,LSP1,0.1949848553505897,0.19227163807876643,0.22037111072933394
D1,TM7SF2,0.07665982651364853,0.0761773574139126,0.07666998166317072
D1,ANGPTL4,-0.03874694954179972,-0.04519908184093231,0.05262699875318863
D1,SIL1,-0.000874717642140475,-0.09621193950579639,0.10587626477684299
D1,SERPINA1,-0.06299078448422897,0.03214040881094603,0.07489790732167433
D1,ST14,0.05679489093987891,0.059144662266100816,0.06536265867097882
D1,DUSP4,0.17225307414576968,0.17283480966768527,0.17305903868315056
D1,RNF181,0.05517940956050673,0.045176992451416945,0.06693877936334316
D1,PLVAP,0.09740091058510227,0.0747857346853967,0.11099281796388107
D1,PRDX6,0.027461716118739238,0.022173902593484517,0.05510771363917895
D1,FASTK,0.17633711864168028,0.1762945850157391,0.1763430754309926
D1,TSTA3,0.14687176146320763,0.09667231605348392,0.1538612839830271
D1,MKNK2,0.2429819081746266,0.24562636508647775,0.24591259481238545
D1,MXRA8,0.2156130588835554,0.23372807624546954,0.25178749750025764
D1,CSNK1G2,0.18505650048854866,0.1858434700507372,0.19658803113564116
D1,CYB561,0.3421567069331556,0.33926308907515806,0.3428076612705636
D1,ARSA,0.1461792150072892,0.029237349115659124,0.15454745977649972
D1,CNN3,0.10687583845819044,0.12608259060167482,0.1501013187606208
D1,PGRMC2,0.2521202612720292,0.25232054775607393,0.25242446984497374
D1,FUS,0.041014063928360815,0.028299385057958686,0.051680479296168556
D1,FAM89B,0.027262696161809954,-0.051777313755576634,0.06345054696978429
D1,HTRA1,0.04809698341755559,0.05222767265657054,0.05255111752319812
D1,LUM,-0.06853728434467804,-0.06810178825156744,0.06860793023962798
D1,ECH1,0.028711011797403947,0.02654488169940858,0.07572234933754748
D1,AP1M2,0.10589004874606879,0.10570491394943579,0.10623528961170678
D1,DEGS2,-0.02073406819594014,-0.004712154429084589,0.0244556915970161
D1,BLOC1S1,0.010406605075752758,0.014584811385478737,0.022698706438740546
D1,CUTA,-0.05011800674692116,-0.10929803735217397,0.11132015552634895
D1,PMVK,0.04447455988765483,0.05815902483387383,0.061161476234948754
D1,VARS,0.009645872210488777,0.0011716267695116413,0.052793422565643525
D1,JUND,0.22040505803190227,0.2348143682923702,0.24819036408961767
D1,ARHGEF2,0.0067696573331526245,0.006401893354759803,0.0374463743259536
D1,IGHA2,0.013220159515748639,0.012734944689364832,0.015198185331294287
D1,MARCKSL1,0.26302634017574833,0.27913776380510597,0.33982896878122487
D1,UQCRH,0.2149492384598779,0.21666413032518975,0.22148579335211308
D1,HLA-F,0.0013220521194747784,0.13687732512549697,0.15304103595185187
D1,SAA1,-0.004380850716533206,-0.012961660482264551,0.03643544955985318
D1,COL6A1,0.1991478575841428,0.1556403953222002,0.21439861015082295
D1,GLUL,0.13653533150124075,0.13674061035949855,0.1367417133115572
D1,CORO1B,-0.01468056048926902,-0.03897543761880366,0.06521472550754268
D1,ATP5G3,0.011497554120906242,-0.00731364543384379,0.050853004222820554
D1,MCRIP2,-0.0930639709246105,-0.06135424419086513,0.10194230368193884
D1,DLGAP4,0.08334027394081972,0.018919337298060092,0.15710647870187613
D1,ADRM1,0.044283699228486205,0.039142751960627054,0.05494185673519441
D1,MAP7D1,0.006351365271903286,0.009592010597468243,0.016906378173617523
D1,HGS,0.16969293024217494,0.19173861759387417,0.22684317986606872
D1,LAMP1,-0.09372699981654461,-0.08992042234602785,0.10413009241253558
D1,RGL2,0.12956672422522195,0.1233145697076479,0.14163312703379594
D1,PSAP,-0.14145893330634815,-0.15432137531172124,0.1552960436183683
D1,SIGIRR,0.08077546567452537,-0.017324624556123987,0.08276636700201027
D1,EIF1,0.1628914638381696,0.16374568547571602,0.19039163121739341
D1,DNAJB2,0.17505971356675637,0.17214750918652372,0.18050844865857704
D1,TRAPPC2L,0.0913010844164373,-0.08313538404757122,0.10983543236417044
D1,DCXR,0.123132289264188,0.1273534258124979,0.12850074411718282
D1,C17orf62,0.04214098539086877,-0.03035647454310351,0.07541710389119775
D1,MAF1,0.07943293672752029,0.07717174951969001,0.07952733914425054
D1,PHLDA3,-0.07283285296340701,-0.08024538433339931,0.08801367198744882
D1,ERI3,-0.031445140078678636,0.002905622675320588,0.058922935114353765
D1,GRAMD1A,-0.022977910465420064,-0.013048383647345665,0.02309752933406959
D1,SZRD1,0.053537059689049926,0.033303502078269834,0.10822938834589342
D1,MAP3K11,0.08690939602472131,0.08475695683179126,0.08703684234593591
D1,HNRNPH1,0.17426991186291566,0.18057640236367045,0.22744619007208416
D1,TKT,0.06363941183763834,0.08461244043740852,0.11285804133826724
D1,TMEM259,0.07076845336039964,0.07714451145179711,0.07854145220551177
D1,ERBB3,0.25079796477565186,0.25701085702094223,0.25713857472481966
D1,NAP1L4,0.27148441451792005,0.2693779115152942,0.29010171988311045
D1,CAP1,0.08707237992039847,0.11960793422082586,0.1509448636604826
D1,CCDC124,-0.1390865093293595,-0.1429162118232369,0.14403559824003948
D1,TRIOBP,0.08418451649680724,0.09523101829604205,0.1253783022942827
D1,NAA38,0.10864628765721272,0.05914321803025889,0.14816644193556433
D1,LONP1,0.017897934845538838,0.03485502330317059,0.06381203437932599
D1,DNM2,0.022225230262787027,0.022232411224765842,0.022232678299423943
D1,SHC1,0.07235766808350627,0.0631880603351964,0.0823477684139805
E1,IGHG4,0.3050343105714505,0.3209796452379542,0.32515005644675216
E1,IGHA1,0.5045267078241553,0.5167924471533892,0.5441761773642594
E1,IGKC,0.534146413761325,0.5480613325147037,0.554689497776806
E1,IGHG3,0.5893113705049094,0.5902543114987544,0.5905903428107158
E1,MUCL1,0.16003766706503356,0.16082716236972247,0.18294350991582084
E1,IGLC3,0.5460838749845307,0.5431332899520745,0.5461649551328844
E1,S100A9,0.2517137206766558,0.24459677404257155,0.2716558890562491
E1,CALML5,0.05603113575444282,0.07412756784142059,0.07683368123405189
E1,IGLC2,0.5258196936844238,0.5221257983173372,0.5271140219474755
E1,SLC9A3R1,-0.001296694555653157,0.06744403310477769,0.08638614241031731
E1,IGHG1,0.41414866566469594,0.4324746850564013,0.4346823890668771
E1,FN1,0.021833732366466064,0.021496855477925195,0.022747939970350243
E1,IGHM,0.28720482132236996,0.2766936198505888,0.2877923785627789
E1,AP000769.1,-0.12965817256837117,0.25163343612594163,0.2684906653613116
E1,MIEN1,0.07542083638327167,0.0747224169497433,0.08205286306329694
E1,FASN,0.25565186544016505,0.2554968076674275,0.25565431544753753
E1,COL1A2,-0.15748544483896423,-0.16753376567389047,0.17047810727462623
E1,TFF3,0.01696288121507703,-0.00978409067268092,0.02042719519836517
E1,COL1A1,0.05923100221544174,-0.17498889895910988,0.17501316869797415
E1,B2M,0.03541722429928045,-0.005565631806928807,0.07719708742814328
E1,LLGL2,0.031076127413750047,0.05474327100020807,0.09336623164249139
E1,COL3A1,-0.09286071168439236,-0.1454801432141953,0.1510104125469191
E1,GRB7,0.34498414361915264,0.3455297032190032,0.34565619798079794
E1,BEST1,-0.1446129026708869,-0.1347061080461542,0.14976940189968774
E1,PHB,0.025381409265874642,0.032166062261874365,0.0753836967655327
E1,PTPRF,0.23168523494219934,0.23289687595326417,0.2328971727378416
E1,TAGLN,0.26674009731854614,0.24174760943454854,0.2677311219062824
E1,AEBP1,0.07537478370493102,0.08767728786079236,0.15364963005586052
E1,IGFBP2,0.02492507791634384,0.030930485054860637,0.041722201207182084
E1,PSMD3,0.35795082318065163,0.35215214800325056,0.3615370651817416
E1,MGP,-0.08926628024967787,0.15535163786359213,0.15568974415593323
E1,PTMS,-0.03176786068379237,0.1284935653899922,0.1435106367301645
E1,CISD3,0.060945899390853486,0.056577186686426334,0.06720905792804217
E1,TPT1,-0.15802081125079073,-0.12240458214371001,0.16341586469450695
E1,S100A14,0.11620792594653552,0.1159548608184056,0.11801734820027718
E1,PSMB3,0.1253632837752388,0.12408816525346428,0.141148911699459
E1,C3,0.23637543499609565,0.26064163457589884,0.2904728836684611
E1,HLA-DRA,0.02291117059842947,0.00423432907477431,0.054076575408974606
E1,PABPC1,-0.0613084729257252,-0.0539426243745367,0.061975123066708514
E1,MLLT6,0.279130333105903,0.2783083114576429,0.2884773864360421
E1,APOC1,0.029376320891246713,-0.2010143189242631,0.20233307028672948
E1,MMP14,-0.0025609482739942656,-0.026359386688822484,0.03596348024759507
E1,ACTG1,0.10382019364013025,0.12157019074129301,0.13270104829068755
E1,SCD,0.07696734271679316,0.07874528060601504,0.08549578485129539
E1,SPARC,0.10200100636018873,-0.10273899207170666,0.10422351052219746
E1,IFI27,-0.1342165237007447,-0.133648134126992,0.1734971277968548
E1,NDUFB9,0.06103456740939846,0.056362255986947864,0.10070637320600856
E1,LGALS1,0.1524938328766688,0.14381540034733029,0.15567545904605337
E1,BGN,0.22348026915914676,0.22007232739116356,0.23832232293673014
E1,PCGF2,0.11339699684105538,0.11378072238485723,0.11441664537512053
E1,BST2,0.12165314464442471,0.1210501590948795,0.12166351769856078
E1,TMED9,0.09450579483720654,0.10769000720141798,0.10867803661251767
E1,ERBB2,0.5983770514965612,0.6004721115850692,0.6004948625495273
E1,A2M,0.0663162723796958,0.07644452850066123,0.08055993017381723
E1,AZGP1,0.15406557149260983,0.14976127679969725,0.1589285599414784
E1,VIM,0.19413490878689785,0.22034172133817329,0.22332033706898005
E1,MYL9,0.06997640361035398,0.058277439291869876,0.12905532455649485
E1,MUC1,-0.004510823366187658,-0.01625971133737716,0.0407795096580993
E1,DDX5,0.10349517671656144,0.09397567883826431,0.10442882698457581
E1,HLA-B,-0.1255797168113357,-0.1437736847213468,0.1483145409197377
E1,TUBA1B,0.11862905147526388,0.11818763138793265,0.11943724221732072
E1,ORMDL3,0.12971935658345063,0.13469524930864402,0.13484912987804332
E1,COL6A2,0.21913911742477385,0.22240272786191778,0.22585884368675624
E1,EEF1D,0.031503927553522514,0.03260645715258425,0.03704578040059479
E1,MRPL27,-0.040388585066244966,-0.03611809557460464,0.04258399037588802
E1,GLTSCR2,0.08728814712919142,0.09687871063811278,0.175422369211201
E1,ISG15,0.1134343969159751,0.11701846278274575,0.11841481870045704
E1,C1QA,0.3052415522773833,0.31353961024098004,0.31409431069482546
E1,S100A11,0.002348211311879594,0.11114960768884266,0.13553926345529893
E1,CD74,-0.009920214071673735,0.0016422083624331723,0.04390004187140593
E1,KRT7,0.16360922652273285,0.17028597117507188,0.1875538653593886
E1,ADAM15,-0.14560057962873219,-0.14231391583374337,0.1457179120800935
E1,ATP5E,0.003446840224579141,0.011179520166266995,0.018852882870379114
E1,GSTP1,0.1833400856229578,0.1738484741048355,0.18346315204574118
E1,IGFBP4,0.08421289877583138,0.0938483829758855,0.12138907084316611
E1,CYBA,0.3263278520940074,0.3263403611206938,0.32640409743118554
E1,MDK,0.13086299336955848,0.18206574707636272,0.1824507138573029
E1,S100A8,-0.24320778735682155,0.26334625861073124,0.3022740630409088
E1,PERP,0.13806442671092653,0.136867870400728,0.13975995198274663
E1,CCT3,0.10716214215611868,0.10803959318090565,0.1091122612521916
E1,ATP1A1,0.14604654519149607,0.14580559131568688,0.14621543608403137
E1,SDC1,-0.06304819180866289,-0.05318874463198573,0.07516338374115132
E1,SF3B5,0.04880338473078877,0.048697045098123774,0.049242903076105134
E1,VMP1,0.13723152383689627,0.13745764310837794,0.1374640402155564
E1,APOE,0.23086258718486805,-0.1848990301380639,0.23152657089683776
E1,GNAS,0.07958248053877304,0.06445081549905278,0.14997958318678217
E1,LTF,-0.1720175811958127,-0.1644231449544676,0.18042595497160088
E1,HLA-A,-0.1050089166018656,-0.12579905792808393,0.1352057669282657
E1,FADS2,0.0892152492429423,0.11065668304826434,0.13891179896453704
E1,PCSK7,0.08346383913742285,0.0631370877527494,0.09142174848241166
E1,NDUFB7,-0.06313177481666189,0.11299210482954646,0.11386484056105256
E1,HSPB1,-0.01156005571056714,0.021747240596232228,0.05124955942579504
E1,SUPT6H,0.059970003725393954,0.05965073617807401,0.06062202121924782
E1,SNF8,-0.1145502732856956,-0.11177328076748061,0.11813308045335921
E1,C1QB,0.12333532414828319,0.14650227486595374,0.14871422970013853
E1,ATP5G1,-0.03377956778544865,0.08183556505253099,0.13754231948923534
E1,TYMP,0.13553718639951648,0.13517595190262577,0.13571258323344443
E1,COX7C,0.07961110054059096,0.08635688663066443,0.0867107288133363
E1,LGALS3BP,0.0337718726811534,-0.020989674068843077,0.038803033829468314
E1,LY6E,-0.03648904255326203,-0.031687335546554354,0.04274995861597481
E1,TIMP1,0.12066702075736854,0.1252452287827006,0.12536635924704675
E1,COPS9,-0.03878609763345001,-0.04549573368506106,0.11680570541947422
E1,KRT18,0.031101689501108386,0.014254153970514499,0.09626469623765546
E1,POSTN,-0.10368635363675327,-0.10064425380314036,0.10819826468005998
E1,MAP3K12,-0.04342014830028981,-0.032767604794734964,0.05829735292367363
E1,CLDN3,-0.008136617923945846,-0.01707885533813034,0.026139130946893165
E1,FLNA,0.027310723669404995,0.015252211731642238,0.09609189618222172
E1,CD24,0.09102919096572105,0.09610787964183763,0.1322575423852864
E1,UQCRC1,0.03487005571973946,-0.18520142991843241,0.1936272517484828
E1,PRRC2A,-0.020860241999737794,-0.01469566780218395,0.025916987393648647
E1,CLU,-0.08240108678953345,-0.08203771352569948,0.0838447749770909
E1,S100A6,-0.09274366005983455,-0.09216906189497366,0.0931526329084855
E1,HSP90AB1,0.08043587286478383,0.10623155813708514,0.12541708588569941
E1,COX6B1,-0.024547447536444184,-0.10976316092608061,0.10981896674917768
E1,H2AFJ,0.09506217175428716,0.11073423228466754,0.11090160262749012
E1,STARD10,-0.001360675323762463,-0.01153879048700376,0.0530491380910243
E1,LUM,0.09353706751072736,-0.11263837385250408,0.11407959204395016
E1,NUPR1,-0.06362952905604106,-0.05569122949583691,0.06643588207225838
E1,PGAP3,0.0989744183278421,0.09405288000960767,0.119106115427324
E1,LASP1,0.09564389864104642,0.09501349896323766,0.09564708839814796
E1,NDUFS5,-0.023038386392727494,-0.02403289574251949,0.07756316217077454
E1,COL18A1,0.0056688673481953295,0.001932499816557949,0.02680064843465442
E1,C4orf48,0.07883708646942926,0.08005828608703847,0.08006251136507872
E1,DBI,0.11911176413713281,0.11740010332912128,0.11935942643345415
E1,XBP1,-0.12656599529523768,-0.12864692154210586,0.13145546080855974
E1,HLA-E,0.03588954567648969,0.037215524269117166,0.03763707445479252
E1,QARS,0.05283970379034801,0.08012405438785605,0.13157881421713333
E1,CTSB,-0.0884384890164927,-0.16495749942152152,0.17396649953092067
E1,JTB,0.03055858620637404,0.029273701062927655,0.07123735879929097
E1,STARD3,0.009321251743414097,0.012315916480873207,0.02511341849159154
E1,TRAF4,0.03809714502282021,0.03980815852464925,0.05330674625986886
E1,COX5B,-0.13875042438083837,-0.12494729016182576,0.14252169586196708
E1,CHPF,-0.01524622137143319,-0.060638937116324905,0.0699491880696271
E1,LGALS3,0.013641395720627433,-0.0055800062811428176,0.0472133044294566
E1,PEBP1,0.1853870319813224,0.2609929785320443,0.2621009527492834
E1,LMAN2,0.16221195994525575,0.16742788689154328,0.1697607206143689
E1,COX4I1,-0.08835792992344842,0.12046025093633156,0.12741071145299135
E1,TXNIP,0.08628796513123758,-0.08138128363047649,0.08883019012363014
E1,ATG10,-0.031092181718449095,-0.07759963086755342,0.0782206549175794
E1,NDUFA3,-0.12236632931417177,-0.12142792950464837,0.12259375732504525
E1,CD52,-0.008048609772924584,0.014804325001872141,0.0712057502460022
E1,CHCHD2,0.011146851681393139,0.013140981480169088,0.06697819274037041
E1,TPI1,-0.12117473502312155,0.05964870138861766,0.14176251149493252
E1,COPE,-0.15684639095566016,-0.162613611032019,0.1655956182657721
E1,TAGLN2,0.05483392210031972,0.04312504520787693,0.06539014341815354
E1,HLA-C,-0.18363904339581832,0.20823561303155474,0.2082717645704517
E1,SPINT2,0.2140494502281189,0.21385008641311454,0.21464273982664775
E1,TCEB2,0.011309257463078244,0.042794370124006526,0.1001010518353542
E1,SELM,0.2487072492572029,0.24575157459072178,0.25049613473577786
E1,NBL1,-0.06919787633832761,-0.17336069260524675,0.17337012845736213
E1,UQCRQ,-0.07516916102421337,-0.07484372985782299,0.09565124166936223
E1,KRT81,0.08994627807545874,0.08940394891588654,0.08994973509907406
E1,TMSB4X,-0.07015638612647007,0.07956425257708792,0.08699153457817782
E1,ATP5B,0.05837927183085174,0.0757290482148008,0.09033386902040384
E1,WDR34,0.0020464310780877472,0.013496343709919093,0.021541587013694383
E1,PRDX2,-0.020093399602267296,-0.015329162233993656,0.03486278015836203
E1,LAPTM5,0.16530496788590954,0.17770363131477912,0.18028041258252067
E1,LRRC59,-0.007568560235643411,0.006540704048558557,0.03249116044855765
E1,FXYD3,0.07231750882462105,0.07140116786759618,0.07405348928725243
E1,FKBP2,-0.15710249970894238,-0.1969623568523326,0.20819630574702022
E1,CST3,0.07335452132378718,0.10467516868638271,0.1562894385967236
E1,PRSS8,0.09285474052699193,0.08855663837353045,0.09496753589173507
E1,CCND1,0.09507077600876593,0.08355526284600613,0.10272180172958958
E1,HNRNPA2B1,0.1571015634153241,0.14251618017591977,0.16305010851724622
E1,HLA-DQB1,0.00808357285910818,-0.0014400553836918734,0.012993523882038728
E1,TUFM,-0.055356826598083005,0.014862973332130497,0.10287296486437712
E1,IGFBP7,-0.013946412995384282,0.04362799625229911,0.046896367779311963
E1,IFITM3,-0.16007531501883562,-0.15277844248840278,0.16998395765926477
E1,HLA-DPA1,0.0782447401913216,0.0733643305031367,0.07829736515180855
E1,H3F3B,0.089918168687509,0.05906195506182893,0.09002388182491614
E1,KIAA0100,-0.004237177980038708,-0.006827690866127196,0.013301642693022624
E1,PTOV1,-0.07090193959109466,-0.07092247124472895,0.08910369375757206
E1,PKM,0.07737802109664516,0.11929288303717876,0.12168308462348829
E1,DDIT4,-0.06881773957191557,-0.06957866821226652,0.06978996436459459
E1,SQSTM1,-0.01855714228015675,0.011650432932838588,0.02789471880089866
E1,PTRF,0.11030348206296212,0.09075265162226903,0.11041357116623161
E1,MZT2B,-0.11019525254568208,-0.15347443132959496,0.15347750532262228
E1,GRINA,0.05780265181155117,0.04650729083956076,0.06266125116216403
E1,GUK1,0.006228959507891486,-0.04813529844551915,0.050398664537314876
E1,RARRES2,0.2700358421989539,0.28858313979511196,0.2947287639528777
E1,ATP5G2,0.07587913524404963,0.07623099210981614,0.10739730093807204
E1,CAPNS1,-0.03987389360233506,-0.02426505156336691,0.04328917607942836
E1,DCN,0.22694691115590507,0.23244798267579675,0.23949002860898477
E1,RABAC1,-0.06875055909336208,-0.0745065707867753,0.07457480762117746
E1,SCAND1,-0.10186290876543579,-0.10370789921096636,0.10569907696654382
E1,VWF,-0.084945289914787,-0.06016872597043056,0.11983718619073921
E1,POLR2L,-0.06066579595271959,-0.0009854286686614671,0.07890836605601262
E1,COX6C,0.05589390399019999,0.05382659719300112,0.05640114323699176
E1,ENG,0.12682081070583887,0.1320933162668742,0.13563749742233433
E1,MAPKAPK2,0.010469017699239358,0.011559337663543737,0.06409221460291034
E1,CIB1,-0.0171432253548853,0.039737088322627734,0.05247869581134823
E1,PLXNB2,0.06421706682234007,0.0598617068539803,0.0651872392239525
E1,CAPG,0.14223613245032116,-0.14752861721805163,0.14845049448791195
E1,PRELID1,0.04069139176591395,0.04037798289851584,0.04121974104827336
E1,FUCA2,0.06742446332634613,0.06762178014197129,0.06800595386282605
E1,IDH2,0.07663939334289974,0.07527718077310494,0.08547838241009
E1,NDUFS6,0.1129488744383424,0.09675277603837266,0.11956519625741178
E1,AP2S1,-0.09797906078999467,-0.09793286716821858,0.10485303002748912
E1,GNB2,-0.011519118110685907,-0.008302617535266038,0.018440675898553402
E1,APRT,0.038846386547032825,0.05500421093517988,0.12561891297235245
E1,EIF3G,0.006051197873286092,0.004933389165678885,0.01670995757333642
E1,PSMB4,0.09365440835666305,0.09661828991178759,0.0967273434249527
E1,HSPA8,0.01279117102398861,0.013504933712355777,0.013508109240527082
E1,GPX1,0.008607633248648666,0.009243756808926248,0.013843141528198566
E1,FTH1,-0.19319351133112497,0.16045958494986104,0.21516605809522416
E1,SERINC2,0.09574743007376486,0.10011892251768438,0.11850336684716133
E1,PRDX1,0.0743179619876578,0.08899409963024969,0.0896756457113596
E1,ASS1,0.0803130118364265,0.006929830783919724,0.08085116433766074
E1,BSG,0.17906372058017803,0.18757941665143896,0.1911833794126215
E1,UBC,0.03476829344291142,0.0520290742548596,0.055090604023970265
E1,SPDEF,0.1940683783958375,0.19929464505212424,0.19984345899293432
E1,RRBP1,-0.1274152079188072,-0.1262187568908427,0.12875439794885066
E1,FLOT2,0.00817312543475068,-0.04936666680786629,0.04984283489902267
E1,UBL5,0.08473187461080853,0.07231849981087032,0.08549476486856085
E1,EIF4G2,0.04978241418294036,0.0719587048893512,0.0878516444552373
E1,C1orf122,0.001385563073969715,-6.777533120665297e-05,0.08601282981188446
E1,NUCKS1,0.02038879529833374,0.016948241818727408,0.025429200496522402
E1,SLC25A6,-0.03150150655260877,-0.0840717587777018,0.09670231204068397
E1,LMNA,-0.08108741210613192,-0.12153217656370054,0.15054108608315359
E1,C12orf57,0.10710497680995328,0.1712105018293866,0.187921677051069
E1,ATP6V0B,0.06304107150671075,0.08931199922204346,0.09137777320640258
E1,TPM2,-0.010273741428744479,0.14477927862309375,0.14831513740381044
E1,SEPW1,0.0642072636869747,0.10378289491675782,0.11303733396783543
E1,NNMT,0.07798632074367277,0.06446012261504443,0.12655773090557282
E1,SSR2,-0.07024705368215187,-0.06874385115755118,0.07105779561806869
E1,TSPO,-0.11062462873551716,-0.11269024896470364,0.11294057485876445
E1,ARHGDIA,-0.19720392391172417,0.18094904869791573,0.20829354689170823
E1,CXXC5,-0.03261216943646961,-0.03795766618856441,0.0633111361304656
E1,ZBTB7B,0.09184468188172822,0.09281259918815808,0.09590241463583073
E1,EIF3K,-0.06065801240499732,0.02921923832855106,0.07217187432001375
E1,ECM1,-0.15613113644520166,-0.17507875899200526,0.18297130719265153
E1,CD99,-0.01511354675131701,0.0032825604818384965,0.032409405764313656
E1,NACA,0.10554655200969687,0.10966009915737793,0.10980969820870054
E1,CTTN,0.07521933392004822,0.07664038341115384,0.09573101429223117
E1,ROMO1,0.015162601312746793,0.035939180161812107,0.061160979897591485
E1,PLEC,0.08104487054963043,0.08227563701475986,0.12673244643237774
E1,KRT8,0.07238432826077959,0.07701652924694878,0.08458279525236646
E1,ATP6AP1,0.09979198826251437,-0.08615243031869772,0.10081020424651956
E1,EEF2,0.0585822173922836,0.10606639050317314,0.16037160710154116
E1,GNAI2,0.09154537267683094,0.1107564882536729,0.12142734999769657
E1,NDRG1,0.1255017084208098,0.1335172708478621,0.13372232056368016
E1,SNRPD2,-0.07890393331871319,0.016021444335646905,0.11868686528266788
E1,COX8A,0.028516320152440492,0.014946642588378429,0.08713557880454471
E1,HN1,0.0031497327347840046,-0.008936852200891415,0.03601584848353795
E1,NDUFA13,-0.020140121537774693,0.1420061634867479,0.15107240465054075
E1,RNASE1,-0.13558604941197525,-0.08595868945266164,0.20023540152981972
E1,ALDOA,-0.12539727687778504,-0.10352462822765447,0.12672141365833814
E1,APOD,-0.04638110681766156,0.08885841988321137,0.09936819837956401
E1,FNBP1L,0.05045398451524188,0.05298356003344894,0.05891146058262237
E1,NDUFB11,-0.0473264285666482,-0.015849924944552268,0.1745822935033972
E1,ENO1,-0.0008341987917015097,0.07760562890972741,0.20380904057822738
E1,ATP5I,0.043192828186597816,0.09122440923762803,0.10785469527237336
E1,SPINT1,0.11280235115366584,0.12108798172973018,0.1252035563658401
E1,TUBB,0.10539498684621752,0.12523304823310566,0.15430757532929376
E1,MYH9,-0.05868761316399088,-0.0544199064132777,0.06148648707425621
E1,MAP2K2,-0.07857882690913447,0.11116449352576117,0.1111645015735026
E1,PFDN5,0.14152902291900663,0.14459543095654415,0.17472848978547134
E1,SRRM2,0.1114126273503463,0.12545967552508588,0.12546142182645537
E1,PSMB7,-0.05735240664847149,0.040110485020006685,0.08699394660378781
E1,BCAP31,0.0232298809229685,0.0238824292361945,0.04786103374609309
E1,RHOC,-0.053901920150366545,-0.0030155439440652976,0.06219414434119741
E1,EIF4G1,-0.0634168974403794,-0.08317496624929929,0.11989906036435262
E1,RALY,-0.06105381908265704,-0.0628588412546714,0.06298652817349226
E1,MRPS21,0.0415831872180291,0.049594994576944385,0.04963610383827009
E1,SAP30BP,-0.04782200574064525,-0.08372668571030141,0.08571055015151198
E1,ACTN4,0.009775639425390234,0.01493562093819979,0.031824489544398746
E1,MMACHC,0.04544728263280816,0.05062915763578326,0.056772999770446135
E1,HLA-DRB1,-0.10152955426363455,-0.08732734198544206,0.10365811666652879
E1,ELOVL1,0.007342601075712567,0.0123586790380614,0.03839164236184496
E1,HSPG2,0.061264494384049226,0.06073344194678346,0.061265104967660716
E1,METRN,-0.010879023698724115,-0.01243804511108724,0.012849750481315276
E1,NDUFB10,-0.0948420844871144,-0.08044339681797284,0.09831691485872486
E1,VAMP8,0.02073751500089532,-0.05935149825668601,0.10106714358291148
E1,UBE2M,-0.11700878548595417,-0.11663537821368027,0.11700895373192886
E1,MVP,-0.013758517671570433,0.09103297527513561,0.12228506297434018
E1,MIDN,0.13580452183177052,0.12609430291957105,0.1786076121111456
E1,EIF4EBP1,0.027755688194825982,0.025841459222480406,0.04800391170475361
E1,ATOX1,-0.05460747504684053,0.028091657295750933,0.05493678015931856
E1,HM13,-0.0865065196282361,-0.08836781477206228,0.0885224000285262
E1,SERPINH1,0.20689395235471272,0.21827919013649277,0.21894820713228547
E1,SLC2A4RG,0.09434794571980236,0.09441857001840548,0.10761861857351235
E1,TAPBP,0.0006795158297574164,-0.012572458613331623,0.04637510044835348
E1,FBXW5,0.0701109415049962,-0.07165481585398453,0.07341249107461253
E1,ITGB4,0.05088152409731842,0.026823493081551887,0.060522841354706466
E1,UBB,0.011114147621693942,0.003057631221236394,0.017911512782462963
E1,VCP,0.061554890310558726,0.06281182367143358,0.06305656704526516
E1,UQCR10,0.048154709907986815,0.0839891541127573,0.08675849032465825
E1,CHCHD10,-0.02549182925584931,-0.003065629023851038,0.07965018041034488
E1,UQCR11,0.03040610929131692,-0.05034589319051011,0.05746549967502826
E1,KDELR1,-0.05690586866728606,-0.05686242558582648,0.05726438235318714
E1,INTS1,0.06398235290486742,0.06625107148684599,0.0665455682407474
E1,AGPAT2,-0.054158178897604554,-0.057565474981723916,0.07828676306265706
E1,ELF3,-0.023909166413779458,-0.016207184679381335,0.03664992500683818
E1,PNMT,0.01896736243303426,0.015340229093310686,0.045829665674056254
E1,SYNGR2,-0.01349549673901735,0.08530172627480383,0.09846153134434105
E1,CIRBP,-0.01117960841109406,-0.02149761179162177,0.034421919547126034
E1,SEC61A1,-0.02352495957644033,-0.033048925097275444,0.040357305549746286
E1,NENF,0.09519287402625752,0.10209649163937047,0.1325761566191878
E1,LPCAT1,0.2759146219872361,0.2753964464850281,0.2763309069275661
E1,NME1,0.008368885388223312,0.015689280106634364,0.057467805581900476
E1,CLDN4,0.2525630787784385,0.253096234314728,0.2530962456932318
E1,PFKL,-0.05938645151152771,-0.04818677502862509,0.08415106535990165
E1,PSMB1,-0.03491749185653833,-0.004944531360935296,0.035231120546152794
E1,SNRPB,0.02708229310199266,0.02728879533958724,0.04575063532327752
E1,CLTA,0.022382175734462148,0.014706745874548949,0.02350312713682431
E1,FAM20C,-0.0976717842586737,0.09068293870680982,0.10263578042636143
E1,HDLBP,-0.055917795210119164,-0.05698821517244024,0.057971079593677394
E1,LSM4,-0.03596284874560976,-0.030583969346961382,0.059467747450738635
E1,AP2M1,-0.010000854881857394,0.019483665880888273,0.063476415925392
E1,ERGIC1,0.06315249418075389,0.06612176486349512,0.08571248013570097
E1,JUP,0.0167738851051022,0.015376620948703257,0.03779937923263179
E1,MYL6,0.017304760092584113,0.024201292171520703,0.04549392836897426
E1,SERPINF1,0.16092377015779952,0.19002685730152064,0.2109791875957868
E1,H1FX,0.113350362313313,-0.13897667102523112,0.16005784368327214
E1,IER5L,-0.05512103332831387,0.06710257855631335,0.06718752159540932
E1,MZT2A,-0.07323208576420526,-0.08217374874221768,0.08575372222366148
E1,HMGA1,0.09043446615647836,0.1189958270427633,0.12850262678250715
E1,PLD3,-0.1911166330222113,-0.19153155291214619,0.19485525729567865
E1,HADHA,0.10790675620564054,-0.10840629413082503,0.11306047935975334
E1,GRN,-0.009026446644470722,0.023661252827370343,0.10050867822514112
E1,PCBP2,0.027704225629427436,0.03829585629161887,0.05237431594569459
E1,CD151,-0.047056621918006504,-0.03997834507921796,0.08720116283486157
E1,CLIC1,-0.03563491188557154,0.06984831643278852,0.07008215294883775
E1,RABL6,0.006342104565051128,-0.006423127633600544,0.006424623699503526
E1,CNN3,-0.010290072939982258,-0.012448150883234947,0.022869800871521226
E1,AES,0.11359368180002492,-0.13994540191297905,0.1539417563376165
E1,AP1S1,0.02189130346335491,0.02078212872835209,0.030707342225533563
E1,LSM7,0.06656272334535196,0.06627100091598707,0.06740092353727899
E1,PTMA,0.05007101013685567,0.05889884530259917,0.06292861886624965
E1,EIF5A,-0.08582478264479497,-0.06329361508682134,0.08938203254736683
E1,ATP5A1,0.0010762753041064716,0.005081108104402169,0.03308587127718956
E1,EVL,-0.07462503072130897,-0.04841583636035399,0.10645969141865821
E1,ECHS1,-0.08828847923670875,-0.0867904656485052,0.08865572609231072
E1,PSME2,0.024489845087778742,-0.039581910397944,0.04421544366240956
E1,NDUFA11,0.08566624013140996,0.09765342734105767,0.09819407740108967
E1,CLSTN1,0.0384157748173899,0.059585210557310836,0.09215334371397554
E1,CERS4,-0.1128007969384766,-0.11334720294117967,0.11891664520296584
E1,EIF3B,-0.010696538263044042,-0.06749513606148029,0.09892989163480179
E1,PIP4K2B,0.18987073763688972,0.18972440281188888,0.1900803809095023
E1,ZYX,0.03727367408425538,0.04881462740586401,0.0886661591923484
E1,CFD,0.0679101410357066,0.0713959497374037,0.07715523126743044
E1,HLA-DPB1,0.016006833834338315,0.03836578213851637,0.072305654056136
E1,FBLN1,0.07061708293071613,0.07114536813886117,0.07159861543124857
E1,ZFP36L2,-0.026481582653128347,-0.004402579362212787,0.05761375042855918
E1,ENSA,0.05759094971749344,0.046656504376378416,0.06926550145778812
E1,C19orf70,0.1367164318566023,-0.14824154523052205,0.14850408377504826
E1,LAPTM4A,0.11650013872043427,0.11563324939711025,0.11650302912467457
E1,TIMM13,0.03323901505800029,0.0867927413462911,0.09218887792041584
E1,S100A16,0.0028885873020251286,0.006153201623290458,0.011669613145608347
E1,HSP90AA1,0.12301733573519888,0.09654965453359238,0.12746495669718838
E1,PTBP1,0.018524690428022413,0.035521452630519174,0.03606225166878976
E1,CDC37,0.014418591762695018,0.014966048484221934,0.028790428121987448
E1,WDR83OS,-0.028333451287357772,0.10035621119119821,0.10589221335670315
E1,KDELR2,0.0053785760379144966,0.0013410202750483331,0.03137631502519489
E1,SLC44A2,0.0581922465998256,0.05985559283658777,0.06502146738693093
E1,ARPC4,0.040656181432672654,-0.08373746116302831,0.10880808796075928
E1,CRIP2,0.14561013862675928,0.13834415194572738,0.15244513189289152
E1,PSMD8,-0.13323006056625455,-0.1377838177641303,0.13936735465617403
E1,EZR,-0.0029396903378698766,0.089459679208002,0.12139227657217179
E1,DHCR24,0.2746886012769839,0.2684083582047044,0.2862553984754155
E1,DPP7,0.14055235084515322,0.1360578958215817,0.14137768107629078
E1,C9orf16,0.04996407657145721,0.0391309794081729,0.09847491238781983
E1,TSPAN17,-0.03301887067568139,-0.03252148738143803,0.03586137941206772
E1,MRPL12,-0.08649377861132804,-0.08206880757894959,0.08765288448024171
E1,CENPB,-0.10536173649528105,-0.13426834979722657,0.14729806833655154
E1,SMARCD2,0.04693838089421698,0.04379722384539717,0.062052363542796606
E1,AKR1A1,-0.0808483437665225,0.04330346431992972,0.084146259271442
E1,TSTD1,0.02960786177013737,0.03160588011970426,0.03344641114284931
E1,MBOAT7,0.061432196327899466,0.06047197664275697,0.08007848647936458
E1,PPP1R14B,0.001354992039493741,-0.011028689151424685,0.0851592864971939
E1,JCHAIN,0.17920722538135922,0.1877813706688855,0.19154193321999302
E1,MMP9,0.1125739588990339,0.10914171978302646,0.11257696720201983
E1,ERGIC3,0.002908357500935687,0.00021435454030787278,0.003183002955888861
E1,PHPT1,0.03661212135180568,0.04177403441894958,0.04872006796084158
E1,TNFSF10,0.11398857423959904,0.11470718626445484,0.12273779343089324
E1,ARPC1B,-0.009666137853107248,-0.007079835471257617,0.022600756136589167
E1,CSDE1,0.03990107267810112,0.01885220520324781,0.039901731508038114
E1,FDPS,-0.009029615434266273,0.10429373340038141,0.16192201990965593
E1,TRIM28,-0.01786259562476279,-0.01323880638292103,0.01786800555292053
E1,CYC1,-0.06262693895486011,-0.06280559450038783,0.06322604772284991
E1,COMP,-0.10439965317233843,-0.1637990628121998,0.20279536376492163
E1,FXYD5,0.13188702646038605,0.13278482323101168,0.1334409070982418
E1,EVA1B,0.01290572265321284,0.13800745753639188,0.14038742295047982
E1,PHB2,-0.07650111107946933,-0.016859555084366498,0.13810954078484539
E1,GADD45GIP1,-0.025175158885413815,-0.015730578460872512,0.02563335386507516
E1,PRKCSH,0.09172729319784352,-0.020649497138274447,0.09328467775612272
E1,SDF4,-0.05070235194900662,-0.030800572239475493,0.05521928318603991
E1,RAD9A,-0.043976286541384954,0.06225187983277628,0.0635714471414494
E1,PPP1R1B,-0.0541382352895047,0.107854341822136,0.13923340426980854
E1,HSP90B1,0.02537460506868203,0.03637495276953403,0.06961256770036153
E1,PRDX5,0.03753684489007369,0.09686053917663698,0.12704645813848184
E1,SMARCA4,0.011449595045546518,0.02093284577616371,0.03068591915107213
E1,MARK2,0.06589676864054131,0.06744255857721082,0.1094502695657591
E1,HID1,-0.013961244629627998,0.003274141854181871,0.06122374711734364
E1,ZFP36L1,0.08527116334661507,0.08391284422603079,0.08754483470260226
E1,IFI6,0.027896777660256028,-0.005300127785562347,0.030403477220012465
E1,INF2,-0.09028794563998616,0.08057777393397668,0.09124272165865815
E1,ACTB,-0.020736195118177436,0.07734925909621287,0.08277529340056415
E1,CD63,0.06617807371321394,-0.08738196979512874,0.0953882930287522
E1,MRPL37,0.03005956351447594,-0.0933247176616771,0.10906034299850961
E1,S100A10,0.09661104281763769,0.09304464647926591,0.11611875783745906
E1,CCL19,0.09505428090722011,0.14174972424023058,0.24089729812880026
E1,EHBP1L1,0.04368535541000053,-0.0401663302111043,0.04515486767825459
E1,NR2F6,0.051914075022775535,0.05183108737881241,0.052144447661911134
E1,C1R,0.05070983577006801,0.04972928197007116,0.050709879896018446
E1,PSMD2,-0.052489463331090704,-0.01846720200929412,0.06548466929723548
E1,PGLS,-0.10172496762434641,-0.015970269269023993,0.138394258383555
E1,PLOD1,-0.0463694498773148,-0.03555176894379448,0.052821501371561094
E1,CALM2,0.058472262457176884,0.06437750383523111,0.06930080781656385
E1,BLVRB,0.07643729164069633,0.07633167017159517,0.10811378728851685
E1,MRPS34,-0.15163509950798792,-0.14891527682821584,0.15178368812594678
E1,CLDN7,0.16123740281058246,0.15962847663357374,0.1616422357297048
E1,ATP5J2,0.018668723541781066,0.0527841828523352,0.05279266027289167
E1,PTGDS,0.16874382502826102,0.17899483680746212,0.17903527280957415
E1,SREBF1,0.17822807560091206,0.18147141072897008,0.1874735498049095
E1,PPDPF,-0.035442196594296364,-0.07238628202938634,0.12075873632852588
E1,CHD4,0.06430082053044212,0.07746365372689773,0.10727294964620077
E1,NRBP1,-0.07928507341842932,-0.06745885582984434,0.08171676020469722
E1,PSMC5,-0.018562187549033316,-0.024789390245709055,0.08702886902725276
E1,ARRDC1,-0.051576725960109315,-0.03441918647908609,0.08090204362042684
E1,JUNB,-0.06799113013773993,-0.008148971099633254,0.07813252571669646
E1,MYO1C,-0.027707979741226605,-0.03983996444584628,0.04074470525109153
E1,MGST3,-0.005552361997209939,0.0021052953751488964,0.044628919667961266
E1,MFGE8,0.024046266696291854,0.03483667441680031,0.0797693143421392
E1,SNX17,-0.023998100325410207,-0.016049625595237916,0.11308618815126005
E1,DDB1,0.11644579044081443,0.1230690122753362,0.123108243016708
E1,PLXND1,0.037515519608183376,0.03528710733502631,0.037549982360068866
E1,EDF1,0.15264206229745023,0.15260091188796343,0.15264206287646012
E1,MCL1,0.02050243490576758,0.027985189862016153,0.033903990444532565
E1,NME3,-0.016059713000448995,-0.017944469317606272,0.01794538503488617
E1,RARRES3,-0.004422814359479841,-0.03297769662120723,0.05735616458844844
E1,SOX4,0.08176595187284642,0.052598996908938496,0.10203660520531178
E1,MMP2,0.0890716045616032,0.08617795148200293,0.08941296864160654
E1,NDUFS8,-0.006678124894623175,0.000569513354911894,0.013102813966229572
E1,NECTIN2,0.06424922341378728,0.06850114444666917,0.07233143913019391
E1,HES4,0.10045340875807574,0.10188747707256984,0.108486503780124
E1,RNF187,-0.12152385921455983,0.10818046193556762,0.12925288461656462
E1,FTL,0.10109014466321423,-0.11407010252535318,0.1176013838988473
E1,COL4A2,-0.01522993006131137,0.030849651778161603,0.046339818500263835
E1,NPDC1,0.07072388515628614,0.061968338484696114,0.07619310181917621
E1,ALKBH7,0.1293908950439399,0.10315743880788078,0.12941267365645936
E1,CD81,0.1394364606338167,-0.1580351541960536,0.1580352881183278
E1,IER3,0.18758841380701188,0.19643653433293415,0.21248373679835114
E1,SPTBN1,-0.07520067534304309,0.07305074778057132,0.08304985419163376
E1,GAA,0.0020124577121215918,0.001360130729338421,0.0052234283884306214
E1,SH3BGRL3,0.09868558639001902,-0.12307855825692725,0.12736218934208654
E1,CCT7,0.010052567848224208,0.01894903876817528,0.06857902054371978
E1,HCFC1R1,-0.08553539192901226,-0.10887171171893299,0.11036855484366287
E1,APP,0.09614224955441472,0.09828346939703753,0.09863983102733294
E1,ATP5D,0.02932094226356994,0.03391524105895287,0.03781438983670508
E1,TMED3,0.10618334867600658,0.10678306716602626,0.10785671341520499
E1,POLD2,-0.0348968332801135,-0.03521933934284847,0.04241577607416705
E1,AUP1,-0.006314418704261186,0.07735237660536441,0.07735440362169593
E1,CTGF,-0.03642985798760003,-0.04746212682339761,0.05883570792027681
E1,LAMTOR2,0.05106092712849155,0.029252325323313958,0.05106831003578044
E1,HINT1,-0.0009808845959518244,0.003319443041707335,0.03244915803409706
E1,SOD1,0.10331629727680472,0.1033137149060802,0.10332400199032414
E1,LRP1,0.043087477982572675,0.04104815268206421,0.04311196045397183
E1,SERPING1,-0.061742570484774564,-0.04723402579900313,0.06562023850858698
E1,PGK1,0.0231853015991553,0.015802482653327607,0.028158766755580666
E1,CYB561,0.11490272861995014,0.11842357382338584,0.12247550867186921
E1,PTPA,-0.0271883067616081,-0.0311722043046768,0.03278830226124222
E1,C19orf53,0.02797543467908261,0.023747032200573913,0.1812728029846295
E1,MRPL28,-0.05812343422564727,0.09173440176594772,0.09222146797326664
E1,ACADVL,-0.011192942984645503,0.024550480898468376,0.02836955081746473
E1,ETFB,-0.023450131615258017,-0.031225028495131507,0.0661759006999723
E1,SERHL2,0.061324845761408654,0.06405474650807064,0.0658038101937943
E1,CCDC85B,0.09733641322329425,0.08595412357807973,0.10279162276646132
E1,TM4SF1,0.02550008596329934,0.06323818386351665,0.12036072775182026
E1,CD14,0.1620254856519954,0.18820739907695358,0.20284032372541352
E1,FBL,0.007097169310714917,0.014647801976044221,0.014652837896768914
E1,TMBIM6,-0.08290141734229176,-0.08948752510756375,0.09726988535336234
E1,OST4,-0.04281160469487235,-0.09765138841358503,0.14594985112982972
E1,TMEM219,-0.01276669934328022,0.0678265478510436,0.07898245335760333
E1,HLA-DMA,0.0052417746851892225,0.035971743102741593,0.10391838691709156
E1,NT5DC2,-0.021593174209785487,-0.028101555951451994,0.06349232481495257
E1,AKAP8L,-0.04045992857861613,-0.04047572527397229,0.0405172775453159
E1,RHOA,-0.01886737155542167,0.08782085740037118,0.09879551868008135
E1,STUB1,-0.005164770226536103,-0.08210970395794714,0.0869690998971765
E1,LAMTOR4,0.024101435692953754,-0.047331747234674273,0.05118424638182488
E1,MZB1,0.3912915532015828,0.3986557964769774,0.3987761100436932
E1,AKT1,0.08498218757825818,0.08470251646001989,0.0909407627483462
E1,SEC16A,0.11327102685909846,0.1173251786336705,0.12204285291026282
E1,CLUH,0.1541269590641508,0.15459789943443178,0.15719959996127647
E1,ZNHIT1,-0.13452077721316086,0.06666908510930024,0.13466470139824585
E1,NDUFA4,-0.007278173330875577,-0.004166632828447255,0.01701399791572257
E1,GAS6,0.12415933641067366,0.13848082209107854,0.13863713120137935
E1,LAMTOR1,0.02038781021815293,0.030578187828694564,0.0418863121419837
E1,MAZ,0.05096318823786041,0.04287544965439875,0.10837560926234552
E1,DUS1L,0.06456565313134074,0.06060945395234597,0.07446895950618648
E1,C14orf2,0.011715667618180823,0.023490717758245246,0.023597264816922304
E1,THY1,0.10212645789398839,0.11963675739724414,0.12354837660839246
E1,TMUB1,-0.079533498910535,-0.06526026598110056,0.0811582048186847
E1,TMEM205,-0.009093154073836634,0.04058023202248829,0.05238920266650118
E1,MFSD12,-0.12538793964985034,-0.12659240578246697,0.12675703595485013
E1,CHMP1A,-0.03590257344461005,-0.03437554690501836,0.076995062895048
E1,CRACR2B,0.0996494364747961,0.10390835977896727,0.10976148846585346
E1,NDUFA10,0.023644721788218796,0.026433811771559866,0.042109028519057665
E1,PPP1CA,0.1331409215530192,-0.13273775073564484,0.13319954319283622
E1,TUBB4B,0.07847724062541492,0.07479499874918835,0.08004015609479764
E1,GTF3C5,-0.02998986272528804,-0.027548848290458183,0.0713372342144588
E1,SSNA1,-0.03527337105511392,-0.08840771786514334,0.0981897813504733
E1,NUMA1,0.04339848994927364,0.07424708573114758,0.08756732142788973
E1,SIVA1,0.10107157670135251,0.11754521462523854,0.11810176381898309
E1,CCDC152,0.013572898317694287,-0.08930852793015583,0.1364500560457157
E1,PPP2R1A,0.06081433213449815,0.10781061614013165,0.12070218836493812
E1,HSBP1,-0.02051803284869211,-0.028485300491146524,0.08961925312560064
E1,MRPL41,0.08079949516208786,-0.09156608205536106,0.09361035067451744
E1,DUSP23,0.014774797915846826,0.14325109382658383,0.16513846751136713
E1,MYDGF,-0.00920337328972033,-0.01466592839096395,0.023068467723399592
E1,OAZ1,0.06710707861012588,-0.07544337501686271,0.07549349143578635
E1,ARHGDIB,0.16774875254512642,-0.18899303739919981,0.18899476796111403
E1,LYZ,0.08839905941819136,-0.0898490768154553,0.0938961485926007
E1,DBN1,0.07407769690220893,0.07116137920626055,0.08119720155664084
E1,B4GALT2,0.0022203140703497444,-0.011307828993667637,0.07810512400046479
E1,MT2A,0.14623613737123084,0.1374877276979909,0.1464862606812441
E1,CAPZB,0.04922904954347941,0.0468750762233946,0.049432998710129586
E1,COLGALT1,0.05537188732871344,0.09479450892933936,0.09505875918845685
E1,FCGRT,-0.03834285565368611,-0.01013724490878451,0.09633426336860527
E1,YIPF2,0.055635999703395424,0.052242700793182904,0.1215096716686509
E1,BUD31,-0.01202925005328094,0.05875198670625335,0.0647649024577691
E1,HNRNPAB,0.09401674152610556,0.09890078780266481,0.09896384482727485
E1,TMEM9,0.10778454914170799,0.10738016924998042,0.10798092900449917
E1,CCL5,0.09707022875958149,0.11451513077862581,0.11993804360674974
E1,SYMPK,0.06355239900762837,0.06337113521735868,0.06372337822915437
E1,HTRA1,0.059384584186646903,0.06612228110317668,0.0670192611266427
E1,CLPTM1,0.018818422237501256,0.01897848474228974,0.021309720564425302
E1,NELFB,0.06295901411937041,0.06315647727433298,0.06373471970661453
E1,MCM7,0.17857912204646836,0.1929586792418185,0.19800505687083267
E1,RNPEPL1,0.08763577046020732,-0.13619497249375292,0.13629238579933092
E1,ERBB3,0.06791911243814384,0.07316465876352655,0.0843538789707242
E1,CHMP2A,-0.09764239700553991,0.0017761769505948636,0.11473228874140427
E1,UBA1,-0.008717165604935307,0.039949024944533375,0.1331857814998696
E1,SAA1,0.06761477432357792,0.0635783173731565,0.07083108231198569
E1,UBALD2,0.017512136590911033,0.03790886700600014,0.04136944833897662
E1,MSL1,0.06617798519206443,0.14290761458018061,0.1471167941146829
E1,PPIB,0.07059833181754004,0.17012687307040208,0.198139893461125
E1,ANAPC11,-0.0068541753617394055,0.025806415947266338,0.039677142864117075
E1,COX7A2,-0.029574297172667394,-0.02134522412439195,0.03473223021693354
E1,ATP5J,0.05782553597735956,0.06415067867999907,0.06502596037590848
E1,NBEAL2,0.14041037234611117,0.1293407277101634,0.1405185723115132
E1,PITX1,0.008160160247925288,0.008936616960575943,0.04096547876639038
E1,PRDX4,-0.1974603688678727,-0.19945380253706232,0.19971104844478724
E1,PDIA4,0.007528017320860084,0.006180043078719078,0.018630497895706158
E1,MLF2,-0.0046213572441363895,-0.005757244520113624,0.006691301799296941
E1,MAF1,0.025979947259313255,0.033040666906949054,0.07740324003528419
E1,NINJ1,0.041395356800282654,0.04258197885683525,0.04258284686426755
E1,SSU72,-0.03016108279802576,0.06578496459545477,0.08235667716140799
E1,LRRC75A,-0.09138572672599925,-0.09502715250659853,0.09504830739698705
E1,CRABP2,0.006383714226666881,-0.04398979882397327,0.05814734226145451
E1,RAD23A,-0.11056497792690281,-0.10363233660098864,0.1224205715431593
E1,GPX4,0.03454700485587787,0.05192626773081283,0.0676505743523767
E1,ITM2B,-0.12480439958032323,-0.0926355728655438,0.13493506051915066
E1,CAP1,0.026986698368004516,0.03166255006037328,0.032967987403965705
E1,SLC25A1,0.04619794234693151,0.04641906255462591,0.08699615293803944
E1,CTBP1,0.10294279448911801,0.09513414761771836,0.10294818816756685
E1,TMEM132A,0.059143218160697356,0.05777558082640634,0.06660433285545826
E1,LTBP3,0.0015223264542887003,-0.02643282799452936,0.04310362224259458
E1,ADIRF,-0.019921199333681208,0.030645431850918857,0.031380175821933406
E1,ASNA1,-0.03128635488066563,-0.030401753321803462,0.03490948410857152
E1,RSL1D1,-0.08141651266984179,-0.0676922959859103,0.11826814343515567
E1,AURKAIP1,-0.026126779199765145,0.09017478146015138,0.0901753279427075
E1,TYROBP,0.028364050520903777,0.0321767100560617,0.03271809443642022
E1,NEDD8,-0.11332720059623652,0.0384843999385946,0.1133518266294289
E1,MRPL24,-0.02477015282371576,-0.02209505843131938,0.03762840084939147
E1,PSME1,-0.004985692226692167,0.0004836101676669167,0.00959287137747332
E1,SNRNP70,0.03369151385540656,0.0026759092754088517,0.05823457352997022
E1,EMILIN1,0.18230607491508005,0.1795814329911275,0.18234767715859804
E1,EIF1,0.05613602165113983,0.0304606308869576,0.057803328117789224
E1,RAB1B,-0.017966835342721692,0.009262233419011206,0.0183190964416815
E1,QSOX1,-0.1333780008963779,-0.11157767729738256,0.17780170174721244
E1,DEGS2,-0.13418539029013765,-0.1326870387352997,0.13420386863096748
E1,CFL1,-0.14534355310418395,0.08637915446922813,0.16307313838611312
E1,H1F0,0.1899490094672911,0.18884753788811554,0.19019862588593248
E1,CARM1,0.007104211621471325,0.0028104356326909673,0.03507737603041757
E1,SEPT9,0.07939766055166594,0.11757128316594205,0.12273832707990544
E1,GCHFR,-0.18169229273905477,-0.16829683328563919,0.18739804237591537
E1,CTSZ,0.1473781607125533,-0.1104113261903503,0.1474509207598319
E1,COMT,0.024873520104309543,0.0318013551548273,0.05943170736200078
E1,PRPF19,0.07054251426198593,0.09004918231897073,0.11422778558593082
E1,NAGK,-0.012011612089809264,-0.010367849237011017,0.021259853755541715
E1,DUSP4,0.16366369658937763,0.16671172254187394,0.16708058963590539
E1,UQCRH,0.12603984356563588,0.12259864344559758,0.1281967441983137
E1,PRDX6,0.02595177951479347,0.025602709978065304,0.03236755722835957
E1,BCL7C,-0.07498550610822527,0.09695172930333003,0.09751253101836037
E1,EIF3H,0.024914466506619215,0.02897859185241808,0.03763741506757853
E1,FUS,0.10303334338271926,0.10542604180615531,0.11636379928500817
E1,ANXA2,-0.018774424404701763,-0.002263324326470985,0.03986554842731984
E1,NDUFB2,0.03595648947280358,0.06346575900127704,0.09909132337023505
E1,GPX3,0.07913593445255807,0.10249971641409408,0.1295001798662419
E1,NDUFA1,0.033851708164083436,0.04119945777759457,0.052437866659825055
E1,C8orf59,0.10905085754865855,0.10910457786041959,0.13799077607562046
E1,CSTB,0.12759813180639626,0.12605553818183068,0.13632975172917788
E1,G6PD,0.21575447099672102,0.19101454366356388,0.21902822380486717
E1,PLVAP,0.07267473263499416,0.0716383825062928,0.07586193808975258
E1,FAAP20,-0.027440873261649786,-0.05443778464751999,0.05806070285379642
E1,CLTC,0.01381899709912488,0.009137827775582861,0.059607118579398724
E1,SDC4,0.055641772805480216,0.05613242885765705,0.056137576342381264
E1,UBXN6,0.04784785216101748,0.04172625261909999,0.050384870071621804
E1,DNAJB1,0.05422660120538676,0.04656211956241224,0.08856444408307074
E1,SAT1,0.017838084502169338,-0.026237827983189903,0.02677120584860451
E1,AHNAK,-0.02998152393179723,-0.004439551492718026,0.037503300446587236
E1,MKNK2,0.014926842982656785,-0.00676967420964651,0.04474284027433306
E1,RER1,0.039767056249268594,0.04031046623070887,0.04246264240463275
E1,SNRNP200,0.09330783625856329,0.09533905817274138,0.09597621399146447
E1,NDUFV1,0.07603234520907877,-0.05684090432666959,0.08710368318024804
E1,EIF6,0.06071400713630871,0.07958380931017665,0.12333671983702561
E1,MGAT1,0.019422564378812863,-0.003389278112639166,0.033854483556466
E1,MAGED2,0.03760243756473821,0.028520907447381904,0.05644350683064166
E1,PRPF8,-0.1509597388057051,0.23061724726670352,0.23068173680946438
E1,TOMM7,-0.07323041179082605,0.03099695018050288,0.07323719057996146
E1,ANXA6,0.023795891274110664,0.017934181605081312,0.04636970326525372
E1,ARHGEF2,-0.06900863439201946,-0.06898414337529714,0.07008259659762534
E1,PSMB8,-0.03749629315139244,-0.04249478045987252,0.0426298330963946
E1,PLEKHJ1,0.0818363573193278,-0.09063396692951439,0.11921543943791679
E1,GLUL,0.09287488307355087,0.09199585158185353,0.09289317417874123
E1,CTSA,-0.09572015833298626,0.0802091505316028,0.09573093625112755
E1,NUDC,-0.08461103349910552,-0.04125336910089244,0.08693173231944101
E1,S100A4,0.11406859653335452,0.12321572127799203,0.12737204218490286
E1,EGFL7,0.011722739761621427,0.00347725114633184,0.04559673710863775
E1,PTGES3,0.017347232091478818,0.01642655362979566,0.031910484843700515
E1,HMG20B,0.05098853198199998,0.03738649353145327,0.06859317416983592
E1,CTDSP1,0.09204848988757738,-0.08954301548836818,0.09572743561245997
E1,CLCN7,0.03372998051974907,0.03191855794844827,0.046243189381664836
E1,ECH1,0.05305904521123873,0.06814710707885,0.07294839241870675
E1,IGLC7,0.26379919844965016,0.2717407880522608,0.2739259047699267
E1,S100A13,-0.02545795601250217,0.03361397474303956,0.03757945914728891
E1,PIEZO1,0.1611457917951414,0.2348172914522568,0.23492630164310443
E1,BAD,-0.13258511822217664,-0.11816091971085545,0.1410572715188327
E1,JUND,0.07643378718913861,0.0743634510267817,0.08084895412320661
E1,SERF2,-0.034210376725712484,-0.019338626271542304,0.056001139522838125
E1,BRD2,0.17415174213790466,0.18457660701135833,0.18475453823305624
E1,MARCKSL1,0.00826414680878404,0.049175540746681554,0.060294202749130485
E1,EPN1,-0.001012435195481212,0.0012268158876803797,0.007973082993058697
E1,PLXNB1,0.15261990014245563,0.162696801143899,0.16468766518825365
E1,GPI,0.10572690992896201,0.109101553030786,0.10960612646607398
E1,TRAP1,-0.131774584727353,-0.09686868698992807,0.16476785043000908
E1,KLHDC3,0.037052539566065426,-0.0554980370852466,0.06004039164229868
E1,COL6A1,0.07109509196082175,-0.11803798844387045,0.14031704460903122
E1,GIPC1,0.0217665189959358,0.02446477042787046,0.05538080235355116
E1,HNRNPH1,0.10270689806033546,0.155711394341993,0.15591582795174763
E1,CNN2,0.02861415696638652,-0.0589420086879648,0.09208232165470226
E1,YIF1A,0.04947277896503302,0.04763966216229573,0.06034291345417809
E1,EPHB4,0.25695523733198394,0.25636223572700373,0.2603161427474453
E1,PODXL2,-0.0022247742302702015,-0.0021135648983421585,0.010520716973088708
E1,PDIA6,0.0537619529652817,0.05316561624132815,0.0557796588528575
E1,ARID5A,0.09732358447945283,0.09501532420068429,0.1084496036768682
E1,ANGPTL4,-0.020939782665088214,-0.0411893810316471,0.04785372065449171
E1,AP1M2,-0.00697542705369121,-0.007314106341808449,0.08257802081184076
E1,USMG5,0.09448026573921034,0.09457204288530434,0.09473140577689407
E1,NCLN,0.08410902577866887,0.09205037381958558,0.09617916114745316
E1,LRP10,-0.0826143250522926,0.00010885960323736256,0.0985557990275017
E1,VPS28,0.075908062607807,0.10161603186538552,0.13232288379640322
E1,NDUFS7,0.046418239981490104,-0.06044407475494719,0.07114840170741532
E1,CSNK1G2,0.022217722986286187,-0.03948002565667388,0.0716226448560785
E1,SHC1,-0.022899619348920517,-0.020158127416778283,0.02409460469017855
E1,TSTA3,0.07048931914394839,0.06112452351728154,0.09650361214104067
E1,TRABD,-0.0065600340624268685,0.01605769516197552,0.016703958893868595
E1,SEPP1,-0.03462863550662129,0.0515540261547193,0.05319363658815591
E1,UNC119,-0.07878848626181365,-0.07963749850042003,0.09530628629471598
E1,PSAP,0.10626766482287078,-0.15162218729606747,0.15394597444181074
E1,MMP11,0.11658844789564807,0.11723262171451226,0.1177699411396697
E1,SEPN1,0.0233505338187196,0.029197686800459657,0.02919910984442685
E1,NOSIP,0.05133844725384468,0.04799923814818255,0.05429753574288738
E1,FASTK,0.04047370860278755,0.03977533106560512,0.04073697441413222
E1,SZRD1,-0.03343718938974732,-0.01777105347821465,0.043057214914574087
E1,NCOR2,-0.037080565673917716,0.02518538247297913,0.03754453317976944
E1,TSPAN4,0.07606451401444657,0.09004140422807506,0.10231103564577496
E1,PARK7,-0.13215828458637635,-0.12148364620999814,0.13426223904502024
E1,ATP6V0D1,0.09832601764557732,0.0981167466155214,0.10046841382831327
E1,ECI1,-0.033621194538127036,-0.02365709931136645,0.06963272175814976
E1,MAN1B1,-0.006400901793849164,-0.026810467759085986,0.05969319181255316
E1,C19orf43,0.006137733093113754,0.037312065179263776,0.03930423563914689
E1,SCAMP3,0.1179588721835132,0.11912198850839967,0.13858030782703068
E1,HDGF,0.04103301690226579,0.03541831232350985,0.055871392915077936
E1,PRMT1,0.07760938349191403,0.08847873866074235,0.11748949438948708
E1,ACP5,0.11535773644289535,-0.12032123441022827,0.12644685034693423
E1,DDAH2,0.12230889411329432,-0.07133116382590285,0.13301877249476074
E1,MBD3,-0.027743097703653696,-0.010826363770328038,0.06416245990458361
E1,ANKRD13D,0.061562011489239725,0.0613693946552128,0.061597484666836545
E1,MXRA8,0.16536593283235157,0.14403716907326805,0.17592670310521155
E1,LAMP1,0.0032489295574357,0.04753031135697017,0.04753549554665665
E1,C1QC,0.13478328645594334,-0.16840953049386673,0.1739193148832676
E1,NAP1L4,0.08713314460700498,0.05384233260602214,0.08903091695108588
E1,CORO1B,-0.03914310566046722,-0.0571856625729703,0.06960177249226529
E1,MAGED1,0.0648825864415749,0.06136922270391662,0.06910451447542833
E1,RGL2,0.08503509095445755,0.09727812144373006,0.11949506446819748
E1,PGRMC2,-0.004995156988043452,-0.007839937228733707,0.014850534543405201
E1,PYCR1,0.06842418850741286,0.06126272971187229,0.10686689280634998
E1,SF3B2,0.09321189601848895,0.11385578090852919,0.11427843902972876
E1,APEH,-0.02449724529935797,0.055728049988410064,0.11454348934601721
E1,SSBP4,-0.03802075887447833,0.05739624095039947,0.058022377772312866
E1,TALDO1,0.10940729377559053,0.12314418815905649,0.13504490590150084
E1,SLC39A1,0.008778523902667711,0.00691073966894363,0.03109712390377592
E1,VPS51,0.10774126576377571,0.11159440325856997,0.1117134127403393
E1,SEPHS2,0.007086368185926492,-0.017026956045642756,0.03970123488211114
E1,TM7SF2,-0.04631507459529855,-0.037440243074428024,0.07835622965755419
E1,CYHR1,0.030878333995432466,0.035347367621273,0.0373711520172949
E1,WDR1,0.09942126211614842,0.09115908066574008,0.10105713622299417
E1,RAB5C,0.12431075731235866,0.12402946093185506,0.12510484937990246
E1,CARHSP1,0.08017607271741269,0.06606110108918792,0.10238120034755788
E1,TXNL4A,0.05663225259641174,0.04630460499252462,0.0754532305949195
E1,RUNX1,-0.057525121280333165,-0.06024406911120859,0.061245222051663814
E1,PMVK,0.05851116638421687,0.057045429409566965,0.06271667072337489
E1,NCL,-0.025094798726789495,-0.01897005875927984,0.050975337106863486
E1,ITGB6,0.06468952750333092,0.06211782927001411,0.0654449702917414
E1,IMPDH2,0.035421146418854084,0.029431425296840417,0.0358419256719298
E1,ST14,0.1712940105972793,0.1730866094766471,0.1757987852971229
E1,LIMD2,0.03271932851171358,0.0670083436747006,0.13148825904901343
E1,DLGAP4,-0.06651064996818346,0.1610532489348456,0.17258002574803036
E1,RNASET2,-0.052946164892776884,0.03370040599775354,0.05664342362747512
E1,TRIOBP,-0.08372535050654908,0.00403675635484128,0.08378022321730114
E1,P4HB,0.11271407559892192,0.11329349729006866,0.1280838498481621
E1,CALM3,0.05687687930351176,0.06341610709777733,0.064714012598619
E1,SGTA,-0.05293354027009585,-0.05339742752748053,0.05446240827063787
E1,NUDT8,-0.04788096027966551,-0.045210976589552095,0.05646434448843737
E1,TACSTD2,0.17897397608080318,0.17911806563059332,0.1791440204184063
E1,FAM50A,0.006646755656028996,-0.011643775953743149,0.012593964522550365
E1,BTG1,0.0011020788940701485,-0.03678431754347954,0.03868277631531406
E1,LUC7L3,-0.03593776503144395,-0.02300060365906075,0.08756136923578996
E1,DNM2,0.034656679318653995,0.028291945693842826,0.03508721271753786
E1,NAA38,0.016154469424591516,-0.057055686497789866,0.08898517168245415
E1,C9orf142,-0.004528089133967138,-0.001731039261580567,0.014587242484798476
E1,PHC2,0.04054473016709319,0.11833210006791761,0.14302726254368126
E1,UFC1,-0.11044401311271108,0.0032642509955949804,0.1169205623877138
E1,POLR2E,0.04832238949483471,0.048526446452983055,0.04854800409495152
E1,MXD4,-0.018561328222327644,-0.051017753259858294,0.0640066915468704
E1,ERI3,-0.005868574446306996,-0.0316974048688899,0.035468580613935555
E1,AP2B1,0.01755057093439726,0.02451739361611595,0.07232702293214319
E1,PDXK,-0.07014061348924384,-0.07220701685299499,0.07259469118976797
E1,DNAJB2,-0.002104281371965233,0.0015121343796923206,0.038945625436346915
E1,TCF25,0.06321136843649505,0.04819024743198627,0.08037141226468549
E1,SURF4,0.0429881568736229,0.04185481822515058,0.044095960255703746
E1,SRM,-0.026816260016138467,-0.02482205422867685,0.027224020980297418
E1,SHISA5,0.10113278224369311,0.10272259656752904,0.10914243624567362
E1,PKN1,0.07631349655983082,0.07311859203383173,0.07699575480120688
E1,CCDC124,-0.04610771549111599,-0.08433377909249763,0.1110582782813531
F1,IGHG4,0.4436935960638835,0.44623550605343076,0.446371467567913
F1,IGHG3,0.31337239894023705,0.4535536861895771,0.4540023323846307
F1,S100A9,0.05737818469022161,0.06990374502904671,0.07297859513597726
F1,IGKC,0.5075327747848308,0.5366332675968881,0.5389601824722354
F1,IGHM,0.169489675193844,0.3194559802141058,0.32023310807463484
F1,IGHA1,0.25819574293394426,0.2699742573826152,0.2699755203542978
F1,IGLC3,0.3653624061042921,0.43146992881669244,0.4321966201406291
F1,CALML5,-0.07718038034946467,-0.13049195763384985,0.14952690054137374
F1,S100A8,-0.06999116094447878,-0.09611335309847689,0.115817577191953
F1,IGLC2,0.41028626955258374,0.4847414650173927,0.4847518389448285
F1,MUCL1,0.005552990752652521,0.006918528639437301,0.009871733432612247
F1,IGHG1,0.3697092594679956,0.43736339997170837,0.44207939406344426
F1,FN1,0.06160285932031871,0.06112126372630262,0.062118837629520814
F1,MGP,0.07086914230784479,0.017271534932048582,0.0714154176541781
F1,PTPRF,-0.01128501395848091,-0.011445423388284736,0.011513522364281773
F1,MIEN1,-0.04074964323874717,-0.03402840196052911,0.18374083864078183
F1,TPT1,0.166278534441322,0.18475523235126137,0.1935825638054864
F1,C1QA,0.05204740963268033,0.1700131864946214,0.17480420846870612
F1,AP000769.1,-0.070210992500604,-0.0832761936148222,0.10399038691191426
F1,COL1A2,-0.042222309651042234,-0.0431977786804535,0.05475727708258128
F1,ACTG1,0.1381403927203867,0.15753824761966484,0.16402770696827199
F1,BEST1,0.16277583810370463,0.06158310731804525,0.18687799214618586
F1,MZB1,0.07905588248013615,0.1646346129984508,0.16532010249017942
F1,COL1A1,-0.02099305565343464,-0.030521728924962646,0.06135726118679574
F1,SCGB3A1,-0.034613346403200275,0.007829226059924138,0.036370789612881184
F1,GRB7,0.08426615320365627,0.100160746516158,0.12539423072063938
F1,ISG15,0.05851587733883379,0.031283909612019774,0.05939917981957406
F1,IFI27,-0.012386402501697041,-0.1125018145961255,0.12016030933432845
F1,TFF3,0.02554894044908478,-0.07127866624174714,0.08728391483881742
F1,APOE,-0.01572970567086867,-0.2530674965282672,0.2566826645211571
F1,FASN,0.19039859774528622,0.2073473455483725,0.2160244434537438
F1,COL3A1,-0.010747199243718917,-0.020884535275127146,0.0315396445684863
F1,AEBP1,0.09267297976042989,0.11850801916883755,0.11909725128845626
F1,B2M,0.032553459233274684,-0.061619823435167524,0.13420265245859303
F1,APOC1,-0.025011175435728592,-0.17894276199918438,0.18238415180480924
F1,AZGP1,-0.1075303797128651,0.038303578426831304,0.18712718777565934
F1,PSMB3,-0.06755489708492628,-0.06296578617599617,0.06950498179619301
F1,PHB,-0.04428221636786483,-0.0672164328929547,0.08631137363935411
F1,HLA-E,0.1963324177321069,0.20596144004699243,0.21999654723258566
F1,C3,0.2280204205033812,0.22898755698446363,0.2289875804590204
F1,CISD3,-0.10341758436346073,-0.06176039161178081,0.1272574728193551
F1,PABPC1,0.10252723340722249,0.12124077762488122,0.12220871656442825
F1,PSMD3,0.04239065376150837,0.04541979283363279,0.04994832794723911
F1,MLLT6,0.13948451507224688,0.14118968721624836,0.14585115228954404
F1,TUBA1B,0.020280260178355703,0.008840281842140618,0.03690425590046328
F1,HLA-DRA,0.06197078628238495,-0.059197173859307305,0.11560019326733578
F1,TAGLN,0.08875657451472291,0.11745109798423616,0.11816641143418408
F1,NDUFB9,-0.012857571618465057,-0.03925333039769517,0.09273006787451095
F1,CLDN3,-0.03870477922328934,0.03800595497402508,0.052168220417555616
F1,HLA-B,0.11928514610044229,0.2105308119250136,0.2159178833487532
F1,PCGF2,0.04006665681291647,0.044424614439761284,0.0492186005382399
F1,BST2,0.0016910002739373002,0.02408682475723721,0.05589696660417104
F1,FTH1,-0.13451893747170235,-0.13807967279481947,0.1583183930586544
F1,DHCR24,0.0143175855002987,-0.0012927767624961264,0.02282108897450425
F1,IGFBP2,0.05028253702045519,0.00023333558517113818,0.07793181317024409
F1,LTF,0.07842761817497593,0.049033109850730595,0.0865478350780751
F1,TMED9,-0.04786604054728534,-0.05000812405406593,0.08054799883627672
F1,MUC1,0.02684571677964195,0.0011941813566440156,0.04588853143208726
F1,SPARC,-0.08970832045554032,-0.06364974054883886,0.09389311903163541
F1,ATP5E,-0.0285486372849068,-0.03325165481796323,0.03424494080853903
F1,HLA-A,0.11858122443460099,0.16022441493672646,0.16220082556973467
F1,LGALS3BP,-0.0026292922058607747,0.0705744837420572,0.07626999089915058
F1,VIM,-0.05724598296816767,0.14637075997494084,0.1491165482552902
F1,GLTSCR2,0.09680715131045531,0.10701729389009035,0.10783574889591858
F1,A2M,0.07227138716983403,0.11417817541874169,0.11603860941454121
F1,TYMP,0.062127667820884844,0.06414544453929683,0.06763709115688771
F1,ERBB2,0.20673697875196761,0.25168375962340805,0.2739662288117223
F1,GNAS,0.265591570976587,0.2661416535982311,0.26633216285312517
F1,MDK,0.005746475413831259,0.05610311282354253,0.06161683733068045
F1,BGN,0.14998643761044977,0.1588852541655893,0.1696588316927148
F1,DDX5,0.16736478267400726,0.18187248328608072,0.20525335619934765
F1,TAPBP,0.0077868809164645175,-0.004341254946039839,0.00828354344857291
F1,PTMS,0.014333566849007433,0.023968516005375418,0.02564395421416399
F1,IGFBP4,0.12823674924226966,0.13772198587264903,0.14041989567926358
F1,CD74,0.22391612268036215,0.2235166800980713,0.2312554599925832
F1,IGHG2,0.1414497540048121,0.3293621634870536,0.32971876966254393
F1,KRT18,-0.027355171069328,-0.04430383870091979,0.046852375148216885
F1,SDC1,-0.0057115932257482465,-0.00016457841023407143,0.009329631478600506
F1,RNASE1,-0.03947449992738557,0.06536497457755815,0.08360578055230827
F1,MYL9,0.17719373659522314,0.16450292576575623,0.1808831024817406
F1,ADAM15,-0.11469434994753647,-0.11893989392496003,0.12125675770993766
F1,ATP6AP1,0.0007178111904779726,-0.06915952580700233,0.06919583517366724
F1,PNMT,-0.06388618129499643,0.04969867608307249,0.09846537268603876
F1,CST3,0.23003948239091074,0.2448622333832495,0.24501819168577055
F1,GSTP1,0.07764343050789511,0.07390699374097834,0.07804685613946213
F1,S100A6,-0.04031353213091614,-0.06975055498733314,0.10396189524981825
F1,MYL6,0.02833526412973058,0.11483316897341908,0.1159983606854992
F1,MMP14,-0.014302686012449432,-0.04092462562969572,0.05323104683358821
F1,LGALS1,0.11485503776101909,0.11101770239473059,0.11537048076531056
F1,LY6E,-0.03610372349912097,-0.062349894901050563,0.06908077002945083
F1,EEF1D,-0.06090708227396866,-0.0883336807693603,0.10057918609767644
F1,G6PD,-0.022094214769474464,-0.03929238394950484,0.04026406392950862
F1,STARD3,-0.053912282745008124,-0.06224044816237062,0.06305942554819616
F1,SF3B5,-0.14155673412410358,-0.14555233535749995,0.14780529169379253
F1,C1QB,0.08095584174464047,0.15645502569650227,0.15651556285613383
F1,COPS9,-0.018884625836574333,-0.0760461741479222,0.11605858193502806
F1,KRT81,-0.013790080409197323,-0.0018321341403175163,0.060549899614983596
F1,HSPB1,0.009173748243941512,0.03080814337995301,0.03281185743800424
F1,VMP1,0.06511609938285091,0.0755723989252452,0.08140291978473085
F1,GNB2,-0.03411627403958786,-0.05406719612027042,0.08513969359664139
F1,C4orf48,-0.04102363695363579,-0.017746300661460056,0.06109112400082476
F1,HLA-C,-0.05472143502118834,-0.21357469526142248,0.22048594619991388
F1,S100A14,0.04126568845947765,0.031025526297230377,0.0448843544482362
F1,H2AFJ,-0.04824508402147265,-0.014991123059585821,0.051117553648583836
F1,TIMP1,0.21046087063847957,0.21391843849244216,0.21455141468485298
F1,CLU,-0.06515040125644062,-0.06599236346530298,0.0952939750623622
F1,XBP1,0.07003168516938459,0.08744546210389857,0.1151015937872276
F1,SUPT6H,-0.017315460540948215,-0.022147759376014032,0.08489880008120305
F1,S100A11,0.047259962095397935,0.04154704441242079,0.04932913249953779
F1,POSTN,-0.016979085269073695,-0.007817097314031872,0.045815675091972305
F1,CYBA,0.13631698569258896,0.15674390974837163,0.1571297102271281
F1,MZT2B,-0.04293412028723117,0.006370228767649491,0.0455009755600889
F1,TAGLN2,-0.06420763511022344,-0.07223912583284398,0.07468991162209204
F1,PCSK7,0.027798474846982456,0.025055904752347726,0.034174259297324684
F1,CHPF,-0.016746694860626302,-0.06910746594322896,0.06981586635964768
F1,NDUFB7,0.06775846493775346,-0.07824595914938878,0.07854690561470204
F1,STARD10,0.015413170810543803,0.04044816836987228,0.10111197411546352
F1,RARRES2,0.05722143664824146,0.054451860413667716,0.05951722451257083
F1,TCEB2,0.01737173726212048,0.049360910632411936,0.052693972280285314
F1,ARHGDIA,0.0018615380495613132,-0.05092360697571227,0.05102795173037135
F1,SPINT2,0.07591684707663093,0.071904860052464,0.08806522423568452
F1,NDUFS5,0.038718113591752014,-0.09104462642765698,0.11161123443110478
F1,ORMDL3,-0.013407352124581952,-0.008594142512006747,0.029904659457834527
F1,FKBP2,-0.07091753893653892,-0.06451720605557558,0.0924189561917456
F1,LASP1,0.07581142787329873,0.07943274629379703,0.08072802147744611
F1,COL6A2,0.059187020488211554,0.06846644687952304,0.06860673795661376
F1,NDUFA3,-0.040989154708450985,-0.07556205863333587,0.08764665678017482
F1,EEF2,-0.035816075282771344,-0.04439749661290864,0.04442405507781277
F1,MAP3K12,0.09096801407682768,0.09474378421539988,0.0976816400950561
F1,LAPTM5,0.0399311368725826,0.1106037766599141,0.11670548796069866
F1,CD24,0.20689418742623836,0.20642033943226143,0.20843441080677685
F1,IFI6,0.011782670377286378,0.0615929052150774,0.06165698393447528
F1,BCAP31,-0.08504480132955002,-0.027222711602271483,0.08897498038268488
F1,TPI1,0.004098098239348006,-0.0025221542211775194,0.0053700718031700215
F1,ATG10,0.003672380965347121,-0.03778372659789545,0.07351938801611659
F1,CTSB,-0.035942512876128804,-0.07995756083408843,0.08001791101595261
F1,CD81,0.07330779613372672,0.12749458112756507,0.13336027159328384
F1,PRRC2A,-0.030837574462828244,-0.04150418109735335,0.0920328102222239
F1,HSP90AB1,0.19628030979734237,0.1946293334388305,0.1963489564051296
F1,COX7C,0.03589429469697016,0.03275059026374919,0.037783337147302885
F1,COL18A1,-0.0615007265213797,-0.05262410774184846,0.06153872704525165
F1,NBL1,0.014801607677901042,0.05547589039004361,0.061597515985199386
F1,UBC,-0.05208896324618293,-0.04393180648839953,0.05477393643418091
F1,TUFM,-0.03697812629648188,-0.0231100614028544,0.03720068056489331
F1,COPE,-0.074053628111689,-0.05404503965919364,0.074489024303752
F1,WDR34,-0.020378710761087635,-0.0716236605858317,0.10754034415863406
F1,ATP1A1,0.17143999745685787,0.16623978221525193,0.17362121311147413
F1,LUM,-0.07541250202658421,-0.074000859175171,0.08424415180378338
F1,CD52,0.229517162318602,0.2570381765753506,0.26306222830702336
F1,UQCRC1,0.04208024880010251,0.08961351468871526,0.09035985955708059
F1,CHCHD2,-0.08084162119108829,-0.08080017408688267,0.10313855980155869
F1,PRSS8,-0.0143469243069869,0.011025138616292415,0.16393799780972682
F1,PRDX1,-0.08962087978189871,-0.08904812774844016,0.09008562262795722
F1,JTB,0.04966641872129582,0.04238596390265138,0.056447304902327015
F1,COX5B,0.08144494269324141,0.09261978029528027,0.11181131089042874
F1,NDUFS6,-0.026088181332156308,-0.12315130032902477,0.1406892628273703
F1,GUK1,-0.05148187060688044,-0.058416731988205094,0.06692071675935643
F1,KRT7,0.06443754835976437,0.060390840007340366,0.12904734917389132
F1,PLXNB2,0.005398769994091354,-0.004170839820527844,0.03703982673512467
F1,LMAN2,-0.015690573664395826,-0.011837604158775026,0.018310123357644013
F1,ENG,-0.008718450574969583,0.00829712313011289,0.033609150111551064
F1,SPDEF,0.033158308499802676,0.03026550425402472,0.057031603717936294
F1,COX6B1,-0.09263518669111431,-0.0789707933368201,0.09976354440334702
F1,ASS1,-0.06419161411095296,-0.00249374830281371,0.08219818698103479
F1,LMNA,0.054174086173310806,-0.06316504101361592,0.08762988441996353
F1,PGAP3,0.020763358821203583,0.018529248578644488,0.08294881163448105
F1,COX4I1,-0.0888812999071999,-0.10916108859410713,0.11369088900197091
F1,C12orf57,0.07595540340298901,0.023946961793537707,0.08738678912673334
F1,UQCRQ,0.048641525960524755,0.046391519216487646,0.04961575859770747
F1,CCND1,0.07534194671256755,0.022422906025658967,0.08427398996501248
F1,TXNIP,-0.055725324900749953,-0.06793557478700615,0.07672534639458833
F1,TRAF4,-0.032869419360576635,-0.03595271586303649,0.03676834547873336
F1,SLC9A3R1,-0.0201458490400715,0.02055514677426016,0.24011462270224557
F1,MMP9,0.08401167784240898,0.16332122203377106,0.16333179699723233
F1,CRIP2,0.11283908989251094,0.04810790517457941,0.14936356372299558
F1,IGLC7,0.07445154685548867,0.20279428371311642,0.21097043072617816
F1,PTOV1,-0.019113850716767376,0.042717336214952384,0.04857067815845125
F1,MRPL12,-0.02280377707441252,-0.0935305703801877,0.09470027915764208
F1,NUPR1,-0.011155782589848968,-0.012314450675608936,0.015505223487138406
F1,PLD3,-0.057779553675846,-0.09266598519255823,0.10750159391255668
F1,IFITM3,0.13150391513067414,0.1642117616615332,0.17270232422623893
F1,SSR2,0.014446362408174776,-0.04159778206652922,0.1117854983471258
F1,EIF3G,0.00322209403624104,0.038913898551043845,0.04911071392720118
F1,CCT3,0.045022482967553484,0.01198510138497177,0.11295111188741072
F1,PPP1R1B,0.006200988413737469,-0.04365384390169103,0.0447557448611011
F1,ACTN4,0.10953285313503808,0.09488736514997062,0.1174012693116147
F1,MAPKAPK2,-0.046584315299922095,-0.056611705452040334,0.06518923531599459
F1,INTS1,-0.030014302194579557,0.004857662763670569,0.03950682381099704
F1,BSG,0.039966959300339285,0.12766088975804157,0.131122829365836
F1,ATP6V0B,-0.053386565059372344,-0.05354882241222108,0.05614683294670997
F1,DPP7,-0.02011647347261141,0.06156955413972845,0.09405348142741037
F1,RRBP1,0.0458991011861452,-0.013994426649915117,0.05608077422500508
F1,VAMP8,0.028572533778829866,0.09909830737391101,0.09960611669045029
F1,HNRNPA2B1,0.2759031035720847,0.2852144169920519,0.3025630375813441
F1,IDH2,-0.03362924535588441,-0.05057292132321009,0.05472419802760836
F1,TUBB,-0.05894663360527219,-0.07035309551418605,0.07217273945186445
F1,RABAC1,-0.09392710486446007,0.003237589030274335,0.09682329251709443
F1,PTRF,0.06433398358012848,0.05958353769086664,0.06477489704688104
F1,SCD,0.3022657574965231,0.30340892741827563,0.30349719037615824
F1,GNAI2,0.029600253733881598,0.027828477002978923,0.02961826596948571
F1,GPX1,0.20552095493065367,0.20994566685522228,0.2101734361872796
F1,ZYX,0.06089233873298891,0.09321189493655939,0.09740251270308624
F1,AP2S1,-0.05466984865521748,-0.04959214293610292,0.0566579735382321
F1,SEPW1,-0.029875039458312668,-0.030638126498243254,0.032098384356637595
F1,MYH9,0.028038421257529582,0.024737005676457632,0.028843358287668402
F1,APRT,0.09896090584986547,0.09315161387693882,0.10034479302510974
F1,PERP,0.05083264074501255,0.03909001246312277,0.07203275655439409
F1,ALDOA,-0.095165781377804,-0.12562547510850275,0.12891843595474234
F1,HSPA8,-0.03966578284478713,-0.038192698328971486,0.03981657892167465
F1,ATP5G2,0.007013615070641668,-0.00789084757377337,0.01349258106749877
F1,CTSZ,0.015346720479234043,-0.08327169660723502,0.08463924583782391
F1,GRINA,-0.12336517162954448,-0.10096634390065508,0.129517925164639
F1,SELM,0.06752915761449385,0.09649212128043605,0.0992652706213513
F1,EIF4G2,0.09387406793770513,0.09658317537012237,0.09661000129333205
F1,FLNA,0.05009821919718491,0.04757695054369336,0.060730903769468415
F1,CAPG,0.10325038670700333,0.1260551858290396,0.13059089135843785
F1,PRELID1,0.004155920677062541,-0.03291735994290514,0.08565478162186319
F1,TSPO,-0.05708658676782307,-0.04626983102070302,0.05713413042048982
F1,CAPNS1,0.037725017407095364,0.03976966244268482,0.04523997317769312
F1,PRDX2,-0.026933660819087053,0.02151551779337059,0.07229879544758887
F1,FXYD3,-0.002678124872910033,0.003961810030807151,0.018664760834486187
F1,HLA-DPA1,0.08373189840503663,0.08366753350571,0.08373503911812817
F1,IGFBP7,0.023700761743936562,0.02017104882051944,0.023770756817162928
F1,ROMO1,-0.036198569404622676,-0.07142644998690953,0.0728943234675046
F1,PLEC,0.05219774105427235,0.0723981490872518,0.07391034879933013
F1,MIDN,0.015923089766271832,0.0071187216440125435,0.019195013101899038
F1,SNF8,0.046547059589453994,0.042958868480807266,0.049503455212690894
F1,EIF4G1,-0.06631425112991127,-0.05901147745332778,0.09709682616818724
F1,NDUFA13,0.005438238805259057,0.032161112370068745,0.0592915159415706
F1,H1FX,0.10887712704919451,-0.11447215136361842,0.12343726249900562
F1,VWF,0.15449885048465564,0.1624761502004299,0.16310394994574812
F1,COX8A,-0.02241475545256643,0.03390456672636093,0.10295941707995535
F1,NDUFB10,-0.05004426399268377,-0.060799056333427096,0.08133290224510514
F1,SNRPD2,-0.021405609689661147,0.13859064898872311,0.13873922795679844
F1,SYNGR2,-0.07766616286845507,-0.06852444687717062,0.07806601146247692
F1,TPM2,0.1008656259611507,0.06331780904740265,0.11660889453639411
F1,DCN,0.030134477416471885,0.07198008027149785,0.07381065184628874
F1,PSMB4,-0.03794774630686673,-0.04000104605887126,0.04000129507377559
F1,MAP2K2,-0.05915645821656946,-0.01625832907526859,0.059851599893925155
F1,NDUFA11,0.005028694589276002,0.10215674112467253,0.11632342089484507
F1,C1orf122,0.08181981021695256,0.06568238656237464,0.09066785107804451
F1,GRN,-0.004150639147264004,0.10510432604782059,0.11673964436592345
F1,SSR4,0.11195120874359503,0.217781561132692,0.2178483173316373
F1,SERINC2,0.06592607105334766,0.050300229087666556,0.06594988626331331
F1,LSM4,-0.050682562157936234,-0.036455238863202184,0.06595485299398565
F1,SQSTM1,-0.010698422313051386,-0.011928182810402633,0.02759070601799528
F1,NNMT,-0.012000241044560071,-0.022420413812518667,0.02696293151865398
F1,SLC25A6,0.09017950977366568,0.03283957195846722,0.10774138869108411
F1,AES,0.05252363447581901,-0.059138719119189026,0.06460992110301998
F1,NUCKS1,0.051693678884867096,0.06251576289514112,0.06308916028732689
F1,UQCR11,0.0936425756296119,0.1033440048441927,0.11332981740246365
F1,PSMB7,0.0019102185953766978,-0.02147821099747998,0.025467314461139336
F1,TSPAN17,0.043968646029991565,0.023373235238980775,0.04666289092400547
F1,UBL5,-0.0872760292428628,-0.08681865179708552,0.08929021853198456
F1,UBE2M,-0.051387180595436906,-0.055176361712591264,0.05618609411395351
F1,PFDN5,0.08466214597250851,0.09808844455544394,0.11305795105939247
F1,CD99,0.06845779966210898,0.0665362942318425,0.06861191463660378
F1,ZBTB7B,0.03473582316814185,0.03122878633478096,0.06854673652034163
F1,PPDPF,0.08713698876916363,0.05966295962693307,0.09170306763424535
F1,JUP,0.01556580667237956,-0.020662085016053697,0.07451570290323724
F1,FXYD5,0.13848231881254178,0.140945189002164,0.16803685179137418
F1,MMACHC,0.07338740852523859,0.023293544707386805,0.16114325000315396
F1,HM13,-0.045422158967357636,0.0209467173799811,0.12237765674776899
F1,SCAND1,-0.08766004944474805,-0.07230686409878026,0.09622005355659928
F1,SEC61A1,-0.057841047163986,-0.06672300411905123,0.07635130325180439
F1,FBXW5,0.033726696302030006,-0.04325401113958397,0.0464820170776288
F1,LPCAT1,-0.04268371223470241,-0.04157959332341866,0.04381861510959836
F1,ELOVL1,-0.0025368074759455714,-0.0016288956144190204,0.04939090139935964
F1,MVP,0.0112625758256055,0.026551463892256513,0.05072355516450494
F1,NENF,0.011059848244326058,0.010053765119708413,0.015482326981298339
F1,SLC2A4RG,-0.006509797529419839,-0.007536040050039302,0.008978783723221731
F1,HDLBP,0.08296783566716927,0.07795358482270522,0.09508688565053665
F1,AGPAT2,0.05655885515641245,-0.05537036288421212,0.06310187094614336
F1,ENO1,-0.045019896633263286,-0.041073358869122646,0.04939207189971702
F1,ETFB,-0.02535189112168685,-0.05176652714696066,0.054178313127689934
F1,CIB1,-0.0020220301018345657,-0.005026280618005697,0.02937556721921554
F1,FUCA2,-0.016606418311048206,-0.01995046344962838,0.040053399511610376
F1,POLR2L,-0.027568783459662245,-0.010692866533792488,0.027667947091707373
F1,RALY,-0.06343261023063569,-0.07029331814664623,0.0733540725708529
F1,RABL6,-0.01951622028855829,0.03740750567998875,0.04195313984471714
F1,RHOC,0.04844230578298657,-0.04459553003175749,0.08521983138664269
F1,KDELR1,-0.07717517917700231,-0.05221989157149428,0.0948599846956099
F1,SRRM2,0.11932266766287249,0.12609202352480156,0.14369098056629825
F1,CD151,-0.019107762734023728,-0.07449919587733266,0.07917615299990187
F1,COX6C,0.07704687498796066,0.09936991098749426,0.11749993885490541
F1,CXXC5,0.019208083323982487,0.016646887450755262,0.027923419897583603
F1,PTBP1,0.021411439311626052,0.023366200227931577,0.027381072966282293
F1,HMGA1,-0.096359255193816,-0.08090824475071794,0.10803928852050623
F1,HSPG2,-0.07876086835012998,-0.08699631772741843,0.08800043468626449
F1,NDUFB11,0.08687020040399139,-0.10055306717611948,0.1281549113079141
F1,CIRBP,-0.007253438855953748,0.03765820982818203,0.045901115889805645
F1,HADHA,0.02925273404331932,0.054792437448981934,0.056080197718688926
F1,ELF3,-0.00838072767624803,0.036876803929812796,0.054380826743123854
F1,PEBP1,-0.03855402853774171,-0.03062192876685213,0.05315909974852029
F1,PFKL,-0.021626018904634333,-0.06350851174205632,0.07616285876201769
F1,EIF3B,0.027949762535242378,0.05887743141962861,0.05897401289794284
F1,KIAA0100,0.00989488335622982,0.006830659604739477,0.09422612734600326
F1,PSMD8,-0.01524802637328772,-0.0017686104852691843,0.039019607598035584
F1,ATOX1,-0.05363139482986965,-0.048852097106978215,0.05435855325610552
F1,C19orf70,0.016120881354961113,-0.11193930788092879,0.11201437376860086
F1,MFSD12,-0.005424714999369825,-0.027610255237208396,0.030303178657812523
F1,IER3,-0.04016372333256443,-0.039507608713755575,0.040182232585082765
F1,AP2M1,0.052177778811031715,-0.008720575627704773,0.08598718206824836
F1,SERPINF1,0.1593695932515538,0.16317347374306918,0.16488814083082703
F1,SERPINH1,-0.03248943019037923,-0.03903402214125122,0.0402805744311593
F1,JCHAIN,0.02292956567254324,0.03487580925444589,0.10609320382197798
F1,IER5L,-0.0014321861423010815,0.009136053873299342,0.025354152717519472
F1,LGALS3,0.008128504863316729,0.002901122427051359,0.0202007611442239
F1,ATP5B,0.03347879921158968,0.03407702328406438,0.03413495381895997
F1,EIF4EBP1,0.03530248751930299,0.0058550542313874744,0.03620808515083431
F1,PSMB1,-0.08966267131780103,-0.10707556476930445,0.1184480548719887
F1,PLXND1,-0.022522525786882432,-0.10992744400131392,0.11794322625274724
F1,EIF3K,-0.11667507287105616,-0.1216614656359033,0.12585058288944442
F1,MRPL37,0.020207222073791054,0.017249799140145988,0.025996841364946996
F1,CD68,0.012567862386579826,0.18051706856682448,0.1834439875380428
F1,METRN,-0.007911191657677058,-0.030876208959144898,0.04045522377376331
F1,NACA,0.2030722955284598,0.22478933370019366,0.24026365363228902
F1,NDRG1,0.04350156721847044,0.0530615916458747,0.06100930376494853
F1,EHBP1L1,-0.048535922389193735,-0.07853498529176359,0.07972437635772067
F1,FAM20C,-0.04724512519591165,-0.03114269831964522,0.04743981422118401
F1,EVL,0.12730705835077238,0.1552675957848561,0.2052044261786496
F1,FADS2,-0.03326082112305676,0.03524382116592384,0.12424000874525637
F1,KDELR2,-0.010638783667703143,-0.039674956290243375,0.0792137489524265
F1,FNBP1L,-0.025972677000047833,-0.014457100600379932,0.081236623101803
F1,ERGIC3,-0.028736346362946728,-0.05531881339709431,0.056497581004240204
F1,FLOT2,0.014393463276307453,0.028516270024440845,0.04509955856294423
F1,PCBP2,0.09532438384793386,0.10258179002859752,0.10322330154826052
F1,AP1S1,-0.01370684941028608,-0.017381770075830562,0.025199035773219174
F1,EIF5A,-0.04336830499381077,-0.04085564068593898,0.04580693870147424
F1,ARPC4,-0.036056418617104576,0.0005559210439166832,0.03762594568216563
F1,CDC37,-0.0009637309077410602,0.006204470728576183,0.010939434098145096
F1,ENSA,-0.020057187267722872,-0.019834812162983405,0.030755067873608346
F1,LSM7,0.036781280343320615,0.045363272750771746,0.04604154474232507
F1,SLC44A2,-0.028128065988188036,-0.04837495154216171,0.059460878183892354
F1,CENPB,0.02126731735436188,-0.04324036253185909,0.05308744125298357
F1,CTTN,0.07201882704516573,0.06639677310910048,0.07203292979880017
F1,ARPC1B,-0.06000708143419289,-0.06832328365666215,0.07069014086186617
F1,SH3BGRL3,0.010529013760540577,0.06342146685398833,0.07266607772812936
F1,EVA1B,0.09048218240486994,0.12100980229203777,0.14241148614246918
F1,CERS4,-0.06119105690344978,-0.05212611018515763,0.07586129657506674
F1,MYO1C,-0.05486353082799142,-0.057898746955271224,0.061381562813085766
F1,PSME2,0.007116765091625543,0.02680725580749402,0.027868978322221554
F1,EDF1,-0.0007507889687562362,0.07595316187272785,0.0980089793142364
F1,VCP,0.060306731205086596,0.06223790862630937,0.0845797747507002
F1,CLIC1,-0.06210652579540563,-0.059489353386202065,0.062107154337492386
F1,SDF4,-0.03741734835970733,-0.035865983682012256,0.03741991785507215
F1,CD14,0.052060443409729845,0.11868672008732722,0.12751629377199367
F1,ARRDC1,0.019276823839967035,0.040199561282260945,0.040994561408712445
F1,INF2,-0.04589657114596813,-0.045041173264269214,0.06050806198506563
F1,PRKCSH,0.008081476387880253,0.016866191337408225,0.021077778920092216
F1,ATP5I,-0.06488533168134322,-0.0700322170003497,0.08097109514012944
F1,PLOD1,-0.05663544382318721,-0.047925292672632444,0.0619112839452752
F1,HLA-DRB1,0.14772540034849205,0.15156857958947306,0.15316809172330173
F1,RARRES3,-0.02030745786215338,-0.09085802210126125,0.09313260858882243
F1,DUS1L,-0.0231950948701263,0.03828478653017654,0.07973615870721411
F1,SNRPB,0.06207497896909608,0.015888623547813393,0.10187634495656368
F1,PKM,0.07145738710550198,0.09021827825178631,0.09823781478538232
F1,FBLN1,0.0876730346505487,0.142140307944927,0.16603080493685773
F1,SNX17,0.03915791133995493,-0.04193013465794932,0.04386026517202248
F1,NECTIN2,0.030584639316407064,0.03440996461987792,0.03453271663893477
F1,ZFP36L2,-0.04863653516754913,-0.03059938576401722,0.052504301307262566
F1,TNFSF10,0.05137572580899747,0.06554012670875142,0.08199189299339453
F1,SMARCD2,-0.01917750662403163,-0.032327881792243884,0.035896782861365495
F1,MZT2A,-0.02478606017634033,-0.02479629015232958,0.029431620962351954
F1,NRBP1,-0.010532849070158572,-0.043432070083221815,0.04928571901304055
F1,CCDC85B,0.04561084819665791,0.07614184283142242,0.09824489915351882
F1,TMUB1,-0.023887924840746203,-0.033586180913286634,0.03453477179703355
F1,LAPTM4A,0.022527320728764077,0.06858514102725673,0.10006536214901146
F1,MRPL28,-0.020664165849923078,-0.014688905303232885,0.020798214745186488
F1,TIMM13,0.029116154720205012,0.012937860540477245,0.040691349490812524
F1,CFD,0.0944219483952693,0.09724226398931912,0.12453237911467334
F1,NDUFS8,-0.03144480159793796,-0.011765464296112138,0.03919709900029624
F1,CNN3,-0.011426320771150952,0.0066966072400648415,0.05292111872380777
F1,SMIM22,0.006876845007019503,-0.004102206586822313,0.010657013156645363
F1,MARK2,-0.033950748039344045,-0.041142152860919,0.04259951768429655
F1,CLDN4,0.019484680633024627,0.011453935491346112,0.03298739919956965
F1,CHCHD10,-0.10214515789223004,-0.11524923287403768,0.14204973438434398
F1,SLC16A3,-0.0008736252493498438,-0.054314252259063465,0.05474921845310872
F1,MRPS34,0.009411082063364664,-0.005797066997650237,0.10325602596877599
F1,TRIM28,-0.03813668501414329,-0.04566794231991989,0.05919490026466353
F1,FAU,0.12509673718759948,0.13739513194414169,0.14684969898707104
F1,PPP1R14B,-0.0032154107968530546,-0.021001309602209573,0.03616995861296562
F1,PTMA,0.14418850420067622,0.14334935753433353,0.1444342913694834
F1,CCL19,0.14348442940626505,0.14720267142395707,0.16320568682817738
F1,IRF7,0.06419094931668523,0.01918747215673612,0.07005620255700992
F1,BLVRB,-0.10508385722953426,-0.10355681190264338,0.10632054468262757
F1,CYC1,-0.016381133739024344,-0.026393432032947646,0.026872519952382063
F1,LAMTOR4,-0.040834102499069685,-0.045132058082615376,0.04818080536616221
F1,MAN1B1,-0.025814972790779062,-0.051062190431791075,0.054128612234788084
F1,CHMP1A,-0.11073613878389786,-0.06252187025281335,0.1108295045734972
F1,ZFP36L1,0.11150054700671838,0.14199061459577497,0.1519059751723132
F1,PRDX5,0.09297264356164307,0.07242126439627353,0.12959636693008503
F1,UBB,-0.07431398034933284,-0.12361905459238647,0.1243531220198979
F1,PDXK,-0.07325304255698398,-0.010840791635281455,0.07371434459968039
F1,MBD3,0.0914204625062841,-0.09032013590965064,0.12377828699756838
F1,C1R,0.1493116938421832,0.1685682034047668,0.17788841549427664
F1,RAD9A,-0.07085980621648266,-0.10077383793078554,0.10174216522217053
F1,WDR83OS,-0.07355363576235323,-0.07698237372336977,0.07706168673943498
F1,GAA,-0.054250414109316136,-0.015547401840732195,0.11864112648786923
F1,MFGE8,0.028284543777867165,0.03450257338345244,0.035302517577838075
F1,PHPT1,0.03792153473685429,0.038087900178370916,0.03812127072601567
F1,MBOAT7,0.03727263441520733,0.02425647410079217,0.07407539385525745
F1,APOD,-0.030666969049507203,0.05657830808198068,0.05868145704932298
F1,HSP90B1,0.046618346365931644,0.04646313958362796,0.046644837277892086
F1,RNPEPL1,0.010812494090865354,-0.013824493669478919,0.015680822129446232
F1,PHB2,-0.007834920526355899,-0.06797227884419164,0.08661530631112321
F1,PPP1CA,-0.0016755558125406227,-0.0210115955473979,0.024032724419551323
F1,HCFC1R1,-0.1169727977827926,-0.061570308467231,0.11697612657012527
F1,COMP,0.019040966785941447,-0.08701243599453864,0.09696289341077664
F1,HES4,-0.012867675929914411,-0.0065385651633402,0.026599843326079696
F1,ALKBH7,0.07301557021898439,0.06756356380924186,0.09484669328723762
F1,EMILIN1,0.026679945473552832,0.048600642723378135,0.0665337256788475
F1,CFL1,0.08609283757202195,0.11767608625825746,0.1275976511824129
F1,SYT12,-0.06964569380091526,0.031436424331630894,0.08160171529770073
F1,ATP5D,0.07170886896828131,0.10052890518323712,0.10333906039963216
F1,NPDC1,0.03403504158532883,0.020338329418964456,0.03679404456672117
F1,NELFB,0.053440834136154,0.049179030061891976,0.05462779974313991
F1,PSMD2,-0.0047399974601387415,0.018898819005375343,0.059585641053062424
F1,MRPL41,-0.04496169697487623,-0.10170314256599751,0.141105290998445
F1,STUB1,-0.01698958269980209,-0.04834161993313803,0.05240438386066184
F1,B4GALT2,-0.051573015798087374,-0.05153777889913599,0.05193781456641946
F1,GADD45GIP1,0.052967904753233756,-0.10764580825063068,0.11709746964987508
F1,MCL1,-0.011905997135076628,-0.01571898018836724,0.016625882725661546
F1,CLDN7,0.0571778225091744,0.05541240645661957,0.057534889702301695
F1,PCOLCE,-0.01092219261716822,-0.06076936249511061,0.06173886298179665
F1,CTSD,0.08747004515964193,0.20682365994780244,0.20925885132158523
F1,ZNHIT1,-0.05075300136039544,-0.03663378032548353,0.05205293740628805
F1,PSMC5,0.059359224114929936,0.06351580050156291,0.07134531691317476
F1,CLTA,-0.06645986115895791,0.011513030785651282,0.08299499364800003
F1,LRP1,0.0553060470159788,0.06317111023402966,0.08206495298328419
F1,ATP5A1,-0.013707172051575735,-0.028011992040244408,0.05555719805831089
F1,NME3,-0.06149217077026695,-0.061448496531506365,0.06156404183477561
F1,AURKAIP1,0.008028941605137849,-0.006843107780741035,0.011769151799774318
F1,CREB3,-0.10088063290758484,-0.08590029197879347,0.12012812055949453
F1,SPINT1,0.035403738919069234,0.03623477101071311,0.04229260103796567
F1,AUP1,-0.013860812357888122,-0.025204518311029437,0.02538514297227051
F1,PTPA,0.06700400286857945,0.059004668778849224,0.07001403447965343
F1,THY1,-0.02565084332854542,0.033207526143442696,0.06083731354438844
F1,AKAP8L,-0.009392262228523246,-0.014800708363904153,0.039863782256583546
F1,GPX3,0.04407981806025212,0.11682332165854958,0.12864949289792263
F1,JUNB,-0.05092416764423776,-0.1031407758138796,0.10477338997650525
F1,OAZ1,-0.054078305954519644,-0.12287891109120166,0.12292308929285531
F1,PIP4K2B,0.14008190945250457,0.14360913105953652,0.14653595430592994
F1,ECHS1,-0.09666279918206047,-0.04997841781095066,0.11492619254316827
F1,HSP90AA1,0.07839748344460883,0.0945045665624807,0.1441182179645145
F1,PTGDS,0.1637232756973257,0.17752108142720843,0.1799117243162931
F1,C9orf16,0.15078341945124266,0.10130947607464975,0.15105414643913628
F1,MLST8,-0.046463783631371706,-0.0582472049249059,0.07233183579382116
F1,CHD4,-0.004499334856769563,-0.005683271598631237,0.005883185275643794
F1,MMP2,0.08702752973443442,0.0706942696935622,0.08718114380771856
F1,COL4A2,-0.08225796357079472,-0.09183419955853167,0.10803633970860144
F1,POLD2,-0.036274089444972214,-0.0031172651972247193,0.047865939226590264
F1,GPX4,0.06757874885122185,0.09331668302925554,0.11802689889184777
F1,S100A4,0.0673907677803199,0.13648432198078797,0.14741159434908693
F1,TSTD1,-0.014708564936917435,-0.01796980270818242,0.045100301750614934
F1,PKN1,0.060708885258721916,-0.15172783508952617,0.15400484896251637
F1,NINJ1,0.012628688616335053,0.028973251220010446,0.07008359303489077
F1,P4HB,-0.02758445689036726,0.0021730309580684335,0.03785673445262051
F1,MCM7,0.00030952230543372476,0.00021257467727708943,0.0013931808203213965
F1,PDIA4,0.005247823116645347,0.019821141017316704,0.0480402814262707
F1,QARS,-0.017443309884856588,-0.04212489543380562,0.04960698952085371
F1,MRPL27,-0.03934012251929986,-0.037818351846398354,0.04055315265056397
F1,YIPF2,-0.016973951626968426,-0.016145398642268403,0.019793883373937466
F1,WARS,-0.010187316559962134,-0.06928566776709091,0.06938538350141284
F1,PRDX4,-0.053535600233932945,-0.06189586992136503,0.062175395742467394
F1,SOX4,0.0057413209766791025,0.004124749100585958,0.006937497563918407
F1,SYMPK,0.046805131936467986,0.04818089058988325,0.04930186014895426
F1,TMEM219,-0.0401584801377517,-0.04004568314163543,0.04033941638788395
F1,NOSIP,-0.014411717330692096,0.08747246427070177,0.09726836136144963
F1,GAS6,0.10508268601618165,0.13478334627968974,0.13634433172698004
F1,C7orf50,-0.01200210636415014,-0.07226043786266612,0.07514777715373853
F1,ARHGDIB,0.006319627101430026,-0.05532301011669012,0.0557557199007134
F1,CSDE1,0.030941486391258398,0.0315472130065435,0.031814705046931104
F1,VPS28,-0.03017900356424718,0.036156039428675374,0.06094983784253221
F1,S100A10,0.06289412360277606,0.06304878786102167,0.06366398013569455
F1,ACADVL,-0.02300678190165145,-0.03182943874008591,0.033173199534831554
F1,KRT8,0.010197878972627297,-0.005567446243913667,0.024570339670817832
F1,CD63,-0.0006709336168842131,-0.11127215667594814,0.11867840014229757
F1,COLGALT1,0.06407890341969207,0.06534967799688675,0.07754810586649932
F1,SERPING1,0.04685110196683704,0.08279273501775843,0.08382869974025674
F1,ARID5A,0.022508187457421797,0.0270417559328775,0.03173755502366451
F1,C19orf53,0.031716490438476685,-0.057651353482482216,0.08154561732333053
F1,HLA-DMA,0.08010346517529486,0.08609246472312598,0.08609276488615013
F1,PPIB,0.04163623403038847,0.09261496499666196,0.1390772013400581
F1,QSOX1,-0.053697600294941465,-0.051065052822273256,0.05614998204003035
F1,PGLS,-0.010267055420226462,-0.08150308652072318,0.08315543376052166
F1,MAZ,-0.02617734211974753,-0.06189187459048772,0.0853635774348189
F1,NCLN,-0.0634822684499486,-0.07682032635485597,0.07916612303012682
F1,RAB1B,-0.07411378340022244,-0.08617709405769498,0.10400060370633545
F1,ERGIC1,0.12872416128526887,0.12087011351335322,0.1334591021871986
F1,CLUH,0.005164719873464791,0.017324222505530975,0.055200160028143826
F1,DBN1,-0.013740135196899863,-0.04276585439275547,0.05767172819344456
F1,CTGF,-0.04711422223759634,-0.0846565491704254,0.08840167851101162
F1,SSNA1,0.08572743090767328,0.06926800975999182,0.11445273801590931
F1,ANGPTL4,-0.07045959169938011,0.0531994777315417,0.10505214667102161
F1,EGFL7,-0.06881657975135366,-0.06662230703075797,0.07391935346457006
F1,MGAT1,-0.06088549959118207,-0.06805692972079949,0.07394775016264742
F1,DDIT4,0.09525514477419642,0.09432956699021659,0.09963442310993717
F1,TMEM205,-0.00703646824812834,0.06594742932349326,0.06599546780088149
F1,LRRC26,0.012396667106200078,0.013056604395182083,0.016649052582137884
F1,NR2F6,0.04201633450249645,0.030350073072114056,0.06247698116314757
F1,FBL,-0.03959877127825162,-0.016715598673164026,0.061051425188080814
F1,ACTB,0.03847311248968398,0.036072096461284196,0.12172083733929655
F1,YIF1A,-0.06582344528741761,-0.03792382227165641,0.07510158608286614
F1,EMP3,0.07715494808946771,-0.007582879302186403,0.09524254536174616
F1,SAA1,0.06295062833292121,0.04194007441119771,0.07323799185739752
F1,MYDGF,-0.10443328685185922,-0.10496694125114993,0.10656954601263885
F1,FDPS,-0.056392679452008564,-0.04054259705191297,0.06376679013448608
F1,HLA-DPB1,0.1131853997311483,0.12125987116523228,0.1214954318513091
F1,UBXN6,0.06188050691616564,-0.07320613607083813,0.07321095271019647
F1,HN1,-0.04073989026931237,-0.04444215053339094,0.047613909275306045
F1,PIEZO1,0.07240659269829036,0.07092386418951284,0.07734287826063031
F1,FAM50A,-0.03751561345056104,-0.05669458223615911,0.05994380481961659
F1,BUD31,-0.0374981695845631,-0.010681078050462027,0.04796258564711615
F1,TMED3,-0.012085225217854366,-0.01604437189048617,0.022423219136627717
F1,TUBB4B,-0.027761467341758796,-0.03320728406993794,0.036518065782392126
F1,ATP5J2,-0.06373106859812298,-0.026015433862730423,0.07870997196055023
F1,AKT1,0.028747742626937314,0.014644813222769077,0.05592199004493944
F1,AKR1A1,-0.06481974430146885,-0.06295986724893209,0.06481985434524917
F1,CCDC152,-0.08405659311626677,-0.047628850333411105,0.08551549444043528
F1,MT2A,-0.024549826342418042,-0.027283317639931668,0.037996677301320884
F1,LTBP3,0.10219266813793872,0.05412405284829339,0.10857101695600371
F1,IGHA2,0.03633642779146642,0.043182185118861474,0.04783585752689595
F1,EIF6,-0.08406017469660165,-0.07146312505738933,0.08727962373571838
F1,CTSA,-0.049272477713722417,-0.06080982886395681,0.06508412941550204
F1,NDUFA10,0.040944487300285035,0.029649172210581474,0.041586076731025774
F1,CNN2,0.0883529702666534,-0.06294028382320693,0.12571957455344104
F1,DDB1,0.044127810918800775,0.047444184513544777,0.048358094003641654
F1,LAMTOR1,-0.003489629126899972,0.02745166108961876,0.07220776826326893
F1,NT5DC2,0.06895042911524339,0.06706141826011419,0.07475859697311525
F1,DUSP23,-0.04698934951775488,-0.054413834583689626,0.06064923463330559
F1,MAF1,-0.0675937080804116,-0.15492644903202318,0.15791752556210345
F1,NDUFA4,-0.02058192258999908,-0.020453746715578737,0.02121007194854109
F1,ACP5,-0.02549910767715868,-0.11492521591664075,0.12077373261464351
F1,FCGRT,0.06095640665724424,0.10339860614468101,0.10963713974609553
F1,GPS1,-0.00014514035278371184,0.06023261552839387,0.07362882764391476
F1,DBI,0.1054616925493088,0.09446485126065707,0.11321977760795458
F1,TCF25,0.0736873175069517,-0.0986642378813408,0.105417842174547
F1,ANAPC11,-0.10437350546350883,-0.08698189965214606,0.10494518762744343
F1,CLCN7,-0.07897194214561802,-0.0777748577905437,0.0797193952432829
F1,HTRA1,-0.00182034279463115,0.11170664902298161,0.12036131501658022
F1,MXRA8,0.058466713651495715,0.058836351327367004,0.06068640860993221
F1,TSPAN4,0.0027929140883953176,-0.12729478043997666,0.1294818960685581
F1,JSRP1,-0.06837080016949033,-0.02523259680665187,0.07820790243258642
F1,RNF187,-0.11038025302596731,-0.11003616797657267,0.12447082685573083
F1,CYB561,0.05241297051134582,0.03636238290437943,0.07467548674567273
F1,SNRNP70,0.030188014754137654,0.0269774926682895,0.03120438617089421
F1,GTF3C5,-0.022242354758416877,-0.0008833719864462619,0.02890925861470209
F1,ASNA1,0.010548610440128154,0.003488832404053495,0.034484170170784985
F1,TMBIM6,0.13340577370187626,0.13324478932866302,0.13341632255164645
F1,EZR,0.022594270569063636,0.022627685336937604,0.02374029063366017
F1,BCL7C,0.07280321581475535,0.04382922764298959,0.08449823973477143
F1,MRPL55,-0.019435064159111275,-0.07447645238077236,0.08635336864659791
F1,TGFB1,0.06976414974359967,0.05072611292936716,0.07123646536590537
F1,CLPTM1,-0.07002171985920268,-0.10252352695767089,0.10532406455085339
F1,ARFGAP1,-0.06815833507681934,-0.027091019204651852,0.07571916423233857
F1,CCT7,0.012733839442357195,0.001798485011399153,0.023154844546772833
F1,OST4,-0.072463597441917,-0.06366883321833915,0.07555392506925658
F1,S100A13,0.06617847648218352,0.03753070380631427,0.07182193024354189
F1,CARM1,0.007338877173653702,0.0013305343412881932,0.011855844556618006
F1,SDF2L1,-0.019136325412165964,0.0039054827732604674,0.019157981304560756
F1,SIVA1,0.0014022738446602347,0.0008759219703879436,0.005979983021907265
F1,H3F3B,0.10469108596803432,0.13585259176754413,0.16286488727721016
F1,CHMP2A,-0.06487241722912804,-0.071466325753409,0.08058949576460579
F1,ERBB3,0.05028287371675995,0.07171886708222136,0.08072108046652797
F1,AKT1S1,-0.02581264551742189,0.0019414711372174557,0.08917537180587692
F1,LAMTOR2,-0.06086800912476166,-0.05492718217393231,0.06691855015763386
F1,RAD23A,-0.05835749783992897,-0.023703644337412365,0.07462196642072638
F1,TMEM160,-0.008765313462288761,0.0490738489165693,0.06701613317939464
F1,NUMA1,-0.05108086118658192,-0.04787686833595275,0.051135709115489654
F1,C14orf2,-0.0954178077075478,-0.08962453105249306,0.10632739365897984
F1,ANKRD13D,-0.035106868808794225,-0.01797351557242331,0.045033125934912585
F1,FTL,-0.08969790376574693,-0.2745851388597063,0.2753270321051479
F1,LAMB2,-0.06710061271812341,-0.04060817053742998,0.06718135432532873
F1,CCL5,0.11921429068420149,0.12631016913151577,0.1272546554299402
F1,PYCR1,-0.04427533935220631,-0.030775611606621543,0.07228651906458176
F1,CRABP2,-0.04456659575012988,-0.041547907466117015,0.05733357967423295
F1,CYHR1,-0.025226669427566017,-0.02477554870530515,0.02529446515358346
F1,CALM2,0.05884287214036057,0.06053100508559242,0.06058305364642271
F1,SEC16A,0.057661903113894096,0.05177219822531954,0.06815712544443048
F1,PSMB8,0.07726822630049873,0.1432483874337858,0.15311366105709615
F1,CCDC167,-0.047260350253947134,0.054594584324969976,0.09811581401266674
F1,ISOC2,0.08701528222705801,0.11418714427173071,0.12127497979508745
F1,SOD1,0.007789041655153125,0.01239740668791019,0.01743172749752789
F1,PRPF19,0.04372842030431746,0.029465082948448136,0.08943504141008657
F1,TNIP1,0.08605257949341567,0.10161984715482283,0.10265947993343244
F1,ATP2A3,-0.005098231007092402,0.055195597338118164,0.08575933467311611
F1,LRRC75A,0.06407793826571051,0.07779181671241027,0.08171539837966213
F1,SIL1,-0.05539011315832494,0.0065609117965355675,0.055558256296936115
F1,STAB1,0.004651630897942004,0.02320742829784681,0.026765814796770277
F1,SAT1,-0.07910549269673027,-0.08511320978092199,0.08704455402913844
F1,EPN1,0.008104748289008397,-0.008861733893032818,0.045849361939077134
F1,TMEM208,-0.009179905034311453,0.027684747406969985,0.027995373908883434
F1,CAPZB,0.055382791519356725,0.06364818241085167,0.0663304651452334
F1,DERL3,0.14571765240232745,0.19717405638833682,0.21405254489376876
F1,SLC25A1,-0.007885307620318886,-0.018046231974602537,0.03952148474068231
F1,TYROBP,0.13892409447831966,0.1837961236021062,0.18391369401830884
F1,ANXA6,0.07526211343352525,0.10657546733597115,0.10869662837897374
F1,TMSB4X,-0.02058722654188459,-0.004151136434361854,0.10567000223392171
F1,HLA-F,-0.02970637879206511,-0.06271946884225238,0.06332058656543181
F1,PRDX6,-0.012262108063935238,-0.0032285069632089756,0.031873825350168195
F1,CTDSP1,0.06355025614080502,0.04281096480045162,0.079446402767643
F1,ATP6V0D1,-0.026602192663019025,0.07006711029834185,0.10252128250109856
F1,KLHDC3,-0.03722513830836352,-0.030518812867678102,0.03732304499850812
F1,RANGAP1,-0.004723612927644667,0.004471514625629451,0.018264450792042006
F1,STAT2,-0.02257769869721769,0.002384399561034598,0.0304710853546884
F1,NDUFV1,-0.0042048594868495,0.06354589593684987,0.11577858412008678
F1,PLVAP,0.1303595871787653,0.10951467460306635,0.13257214879467938
F1,NBEAL2,-6.532004080597086e-05,0.0014582547378771224,0.00992342169368294
F1,HNRNPAB,0.07763480144222819,0.08513972467601384,0.10207825312390503
F1,CTBP1,0.0679233104484979,0.07659958754219753,0.10034544265829931
F1,MVD,0.039216628298582724,-0.031564410486931066,0.059623622083716056
F1,NAGK,-0.040084403479070836,-0.04793861543192645,0.05328291826782448
F1,PODXL2,-0.04606996449478349,-0.02986120442255817,0.05265157406075746
F1,HMG20B,-0.02175766710102042,-0.05870686975375074,0.0770064573752372
F1,ARSA,0.07073587415996657,-0.07123096970494863,0.11365315750973733
F1,LSP1,0.1060600188524755,0.10877082947140986,0.11792782641547546
F1,BLOC1S1,0.024403703760168254,0.05202365196084705,0.06896166908275826
F1,SERF2,-0.07219242984220914,-0.07973162454667662,0.10799746829964595
F1,GIPC1,0.01056833710822244,0.007587387883414206,0.05749060063230849
F1,ADIRF,0.08367308235593855,0.014786796885515001,0.08502291807786341
F1,PSAP,0.020006274313570493,0.21981214216064934,0.2212459542174473
F1,CARHSP1,-0.06819548016717439,-0.01541006230008486,0.12165716538674858
F1,FAM89B,-0.14291159283048613,-0.14124502010559367,0.1472812107455639
F1,PDIA6,0.06100988660848895,0.061347864997846314,0.06159569525238984
F1,UBALD2,-0.022002598022200413,-0.04194876367987907,0.08219627848028153
F1,PSMC3,-0.030747519647402036,-0.0665542266964371,0.07122605508514089
F1,TRABD,-0.047399108808292775,-0.047680416431249914,0.04779956950596413
F1,RSL1D1,0.04277741906045723,-0.05208193163074448,0.10251334270225777
F1,EIF1,-0.0015872989370112817,-0.004248663180835087,0.01805203666001162
F1,DNAJB1,0.021052381973376853,-0.003785214881202178,0.07584988622168078
F1,TSTA3,-0.03542300847008097,-0.025440856925027792,0.03809808255627642
F1,NEDD8,-0.050593442227048716,-0.0734255906540415,0.07408373181709577
F1,COL6A1,-0.03997557691969584,-0.074664181338681,0.08659831690252302
F1,CAP1,-0.00615902410224832,0.0044429891658789135,0.018132213032091237
F1,HSBP1,0.04538563380025417,0.04232997312506315,0.04850702352383559
F1,UQCR10,-0.04335583781359402,-0.054556251623466924,0.0734520400898284
F1,ARHGEF2,-0.009548828730606538,-0.01157018585751904,0.060901551925761424
F1,RHOA,-0.05440498082781998,-0.03995410263039978,0.08241645247301867
F1,SEPT9,0.052931658663575576,0.06196402616391267,0.09885307079358582
F1,FAAP20,-0.047443309033784166,-0.0427514530998964,0.05439365955642887
F1,HINT1,-0.06749936318704505,-0.07205017347688147,0.07210518225532059
F1,ITM2B,0.0519130270128717,0.0824072545973781,0.09727797513028727
F1,UNC119,0.04985050459439252,0.051935640151943976,0.05310392596083861
F1,FASTK,0.025421519020005206,0.025153411770701146,0.03406065325127066
F1,CLSTN1,0.0754826335891901,0.07541868401268768,0.07548417719780047
F1,H1F0,0.005078566964163163,0.0009594255990890008,0.01992342520467772
F1,SERPINA1,0.08364903718651738,0.1332059253611881,0.13589460295422634
F1,SGTA,-0.0634604458079981,-0.03242096560797315,0.06357069556699614
F1,TMEM9,0.028052202106150656,0.02762020712731857,0.04804885657601794
F1,SREBF1,0.1151994605586661,0.11146712561277204,0.11525029864217884
F1,C1QC,0.021831931009279357,0.16324468620987173,0.1737511314865039
F1,CCDC124,0.0252825571184969,0.03810225077877864,0.043390157222796294
F1,VPS51,0.08847967607629906,0.11627718291869552,0.12469255330657368
F1,BAD,-0.14548325120952227,-0.08050309188663743,0.14792889857110006
F1,SDC4,-0.10991840268164675,-0.09420870124737117,0.11134740404857034
F1,GM2A,-0.029886153270298227,-0.06153545209059769,0.06193130458460096
F1,APP,0.17543025165171852,0.17833088581408377,0.17907046778936547
F1,MLF2,0.08093431566418063,0.08567570890025229,0.08901679689276358
F1,SSBP4,-0.04559163655356158,-0.03919087068841618,0.05053663850881645
F1,PSME1,-0.14467928562453763,-0.147195994591015,0.14918240515525064
F1,SHC1,0.04557330982649007,0.053494814378114645,0.054204975495619076
F1,GPAA1,-0.052818849091096964,-0.06610515841718129,0.0774686931711705
F1,SIGIRR,0.08218885077813641,0.0792406891756027,0.09469298641228559
F1,CUTA,-0.008210819931395927,-0.024860960106134623,0.025048183568842853
F1,ANXA2,-0.03230854560262565,-0.028604217599118898,0.0323164027287366
F1,RHBDD2,-0.01282081807353242,0.013197063517077685,0.03205164059350178
F1,PIP,-0.014362868908672105,-0.019872516537985815,0.034329752238542954
F1,COX7A2,-0.05456509950939932,-0.04537156623640015,0.05614065278241763
F1,TMEM132A,0.07664574730179502,0.07680002441317876,0.07680375183172877
F1,MCRIP2,-0.019070643297845694,-0.000740494574535975,0.02387622755880912
F1,TMEM259,-0.048405167805599614,-0.04993677060068348,0.05552526223490109
F1,ST14,-0.07436854152747897,-0.0768023610233859,0.08665686645230934
F1,PGK1,0.006470254746661645,-0.0003105886856012568,0.028115714173383804
F1,C17orf62,-0.06257113661098959,-0.06598208243315648,0.08641854988081824
F1,ERI3,-0.041602103858967586,-0.07046267534285228,0.0708638418202864
F1,SMARCA4,0.046595041013757575,0.04681734456085166,0.05335256387485714
F1,ATP13A1,-0.024521791849046747,0.010576490250252596,0.03572170279388896
F1,DLGAP4,0.030477178993156162,0.0603811291968823,0.06421451499912106
F1,NCOR2,-0.03788881755030122,-0.0429836873377611,0.07018004686334628
F1,DPM2,-0.010653930734953396,-0.007506201251747287,0.023730737501337848
F1,DDAH2,0.0921425833003453,0.08989517796277106,0.11141896169926498
F1,HLA-DQB1,0.11087360387604572,0.17019664594600975,0.17019953392594478
F1,UBA1,0.06218224624040369,0.08330068327373173,0.09170124158630281
F1,MAP7D1,-0.0584135279499393,-0.06299376069186054,0.06363466760362059
F1,IRAK1,0.10554613944862186,0.04069858815594901,0.13506954564960855
F1,PTGES3,0.03213465490761259,0.0374535164307549,0.03859382091527297
F1,CD46,0.1277031973170215,0.1315003919451821,0.14091799741440786
F1,TNFRSF12A,-0.015870691031168095,-0.01765984636683952,0.033206409807677376
F1,WDR13,0.0701175226675862,0.017499354952009848,0.07690828094763394
F1,LIMD2,0.020518255642506054,0.019176824616707017,0.020611163721208955
F1,MAP3K11,-0.041948439144168806,-0.04606320511714632,0.07007845959645892
F1,LAMP1,-0.04731908896548775,-0.04141075003677608,0.05397091466430041
F1,SEPN1,0.0028262305700566177,-0.00016218565718036023,0.05567079727252825
F1,TRAPPC2L,0.016243675809989384,0.08648609589435519,0.08655957123746545
F1,NUDC,0.041360243388526834,0.03377491787006293,0.06075234481995126
F1,RNF181,0.04460651691790042,0.047473829635426124,0.04784987803054961
F1,GRAMD1A,-0.01533264345610839,-0.10330703436480097,0.1092890502279721
F1,PPP2R1A,-0.013874400523232092,-0.012005198108381177,0.014551764777422779
F1,WDR46,-0.035955697428548115,-0.031491906179329,0.037811118683746
F1,CAPN1,-0.019863547256005323,0.015354081418801641,0.02416359808127133
F1,GCHFR,-0.030564149124904325,-0.007443811455786699,0.06117147393807409
F1,CSNK1G2,0.04898736745778771,0.06601439239840623,0.08342477024270437
F1,CRACR2B,0.13695496186072229,0.13498408223891478,0.14210175795523614
F1,PLEKHO1,0.1292648873281864,0.13220385382369634,0.13243580352137937
F1,BRD2,0.05582978612523634,0.04261294163702954,0.08141926143121458
F1,NAA10,0.018149128167734167,-0.034601788480770994,0.0467520350929631
F1,MRPL24,0.012367453857796131,0.012529699087306168,0.01253824280325351
F1,POLR2J,-0.07536041710150349,-0.07530159731611051,0.0758862037506596
F1,HDGF,0.04913925146815878,0.05503226747537713,0.0550897919717189
F1,PLEKHJ1,0.01759679256199467,-0.0048255901719446315,0.028228424623832234
F1,CORO1B,0.01958100704164617,0.0007397750179463601,0.02016925366655348
F1,ADRM1,0.019726916685197837,0.039174412472111945,0.0546452284843487
F1,ATP6V1C2,0.02435617181956364,0.02928678444714935,0.042119835487626885
F1,EPHB4,-0.0051907712397381645,0.014132287374143893,0.13329739434556423
F1,UQCC3,-0.018161344895953096,-0.012848794546831783,0.04146651190417815
F1,LRP10,-0.09190700970539108,-0.10951588392481786,0.10984442117361838
F1,DYNLL2,-0.02750411814861778,-0.035714523682691166,0.0450774337913426
F1,TMEM238,-0.026258821729788353,-0.02217809387644132,0.02935218796081138
F1,SHMT2,-0.021631897211119872,-0.022238018066415545,0.03194733420171528
F1,S100A16,-0.04615070892399661,-0.04493537708683517,0.04634983620907992
F1,SSU72,-0.04034973251186333,-0.064215961182771,0.07403481613052527
F1,NPLOC4,0.0007849254195990365,0.00036729342943018123,0.009511177976641218
F1,PARP10,0.0022514721315856573,-0.08422174454488723,0.08456823272672562
F1,SCAMP3,0.06842369953704769,0.05944157151883417,0.06999977258062871
F1,HGS,0.01632709888189552,0.01701389230216501,0.017047862447996037
F1,HEXA,0.024297784926849694,0.08802190574218431,0.10473225820332153
F1,TRABD2A,-0.02062208196808142,-0.009836658038359227,0.0772091217501603
F1,LONP1,-0.003054132528986444,0.018049323945076093,0.036573964551667046
F1,DNAJB2,0.030960928511776984,0.029755186584284596,0.03706037642562484
F1,TOMM7,-0.05985737012698007,-0.049909964124773505,0.06406319819377222
F1,PRMT1,0.011707146484937253,0.018792875759325107,0.02978647062087671
F1,JUND,0.1591352963129667,0.14923949141753623,0.1635518484408369
F1,MAGED1,0.028701951611760246,0.03127842067078711,0.052372682010738844
F1,CLTC,0.07542942503653402,0.05868084220345959,0.09477972173617046
F1,SCYL1,-0.06803304046011102,-0.03562921535708347,0.08959563353509933
F1,AHNAK,0.012062278397443634,0.0426531103577027,0.06328200635283683
G2,IGHG4,0.18172183813565537,0.47633803705301553,0.48804721840753346
G2,IGHA1,0.4791672487973978,0.5602243000486249,0.6073593179728212
G2,S100A9,0.0037689523663943163,0.05940000239921747,0.1633511000372703
G2,IGHG3,0.1889206719868971,0.4020826699336122,0.411899122448994
G2,IGKC,0.3819666639156539,0.5228940090611862,0.5585396971350841
G2,CALML5,-0.017827754518737214,-0.054332834462815435,0.0977439264017766
G2,IGHM,0.15708956569167745,0.3057446624405941,0.46164921235342055
G2,IGLC3,0.23839353814945138,0.3437374689898168,0.410237883864824
G2,S100A8,0.00939092639112353,0.1623130010074737,0.25412698768207287
G2,IGLC2,0.31241417898848817,0.4627126702190544,0.47935291440769445
G2,MUCL1,0.30068201308989084,0.35245660913608284,0.3639541285391078
G2,IGHG1,0.05817475261940619,0.15872426971641018,0.27449609293144156
G2,SLC9A3R1,0.28324987224587833,0.19710671783651088,0.3498120862310564
G2,FN1,0.41692849594341286,0.4208255965129838,0.4923631578049754
G2,MGP,0.2506250292979973,-0.06002681679954674,0.36693821871653104
G2,AP000769.1,-0.04143736152333741,-0.09601954787510808,0.123383865913093
G2,TPT1,-0.013903509751020627,0.02605525625282937,0.18368879854429582
G2,PTPRF,0.27920014546447064,0.27100577635220935,0.28671858002978395
G2,ISG15,0.04086997380719771,0.1309967387110122,0.31476108819602344
G2,SCGB3A1,0.06096498174678724,0.04565577408813205,0.16674361244335253
G2,MZB1,0.1385756297555527,0.18530533155743337,0.24344064315402975
G2,MIEN1,0.19855852125124,0.20207225808479984,0.254231801898047
G2,BEST1,0.18552210735089403,0.2904722854261319,0.323523190269086
G2,PABPC1,0.18599068338811486,0.255718517645549,0.3060703612047355
G2,ACTG1,0.314365407128429,0.34206671511846864,0.35834461298909115
G2,PHB,0.14708919172524898,0.1456470841699137,0.2005596510627585
G2,C1QA,0.14512706843134596,0.28378984033349974,0.31758391530024865
G2,TFF3,-0.02611017618648686,-0.029807093027228764,0.055163399123660084
G2,LLGL2,0.1841962796808219,0.19508267821217495,0.22957729344859437
G2,IFI27,0.09948886222247416,0.1923425329168139,0.4387870069718453
G2,COL1A2,0.3778616855456639,0.29502530564259116,0.5026033007221207
G2,B2M,0.11992705867754354,0.12917938953659788,0.2606717352621399
G2,GRB7,0.19423920554326227,0.26447903270696127,0.33225402287752137
G2,FTH1,0.1594781370737742,0.20560127603498407,0.40036936528276423
G2,LY6E,-0.020702436953018627,0.005876435036247834,0.23175625410192652
G2,PTMS,-0.050050569490234974,-0.03588964302796344,0.14329344277822362
G2,APOE,0.1717876315965983,-0.07253951138855057,0.2816613502125165
G2,HLA-E,0.19352887707754315,0.20989416027053923,0.27028650405128146
G2,COL1A1,0.09318075496155935,0.07757489442521988,0.4202297767648292
G2,PSMD3,0.20759722045590248,0.2901771409790117,0.4196576822494594
G2,FASN,0.18070904197874915,0.21829911667279117,0.3276735956784171
G2,APOC1,0.11137512699879454,0.0377591574365062,0.14678836756900895
G2,COL3A1,0.13983710011795977,0.16701527332254454,0.35362797753001385
G2,CISD3,-0.04708967683172051,0.08978818551425174,0.23309375226115867
G2,PSMB3,0.08806863303297596,0.1727193207456119,0.26247208336122946
G2,IGFBP2,0.19669646769980945,-0.004162531545572524,0.32216558677986806
G2,S100A14,-0.20887282344817054,0.0035310742023929053,0.4176952837216765
G2,MLLT6,0.29246687754629386,0.28387097215659995,0.3511393781487859
G2,TUBA1B,0.23913848601638626,0.2788890279321357,0.3041264353321445
G2,AEBP1,0.16497704328449173,0.04674042381520906,0.3768661519477756
G2,C3,0.3418793769868855,0.3629705962901582,0.427965736249666
G2,NDUFB9,0.15115856754086182,0.13986412623691194,0.1754026907884498
G2,HLA-DRA,0.0014920137437009092,-0.05187472665268186,0.17607862666551716
G2,TAGLN,0.062367878376220466,0.06497604743796066,0.2600393496149289
G2,PCGF2,0.23248458365865318,0.23641871112479612,0.2929146790197505
G2,SCD,-0.006260455742234984,-0.011523439610807757,0.1321991940676241
G2,PNMT,-0.08851926579308898,-0.026441886525119213,0.18814671216348924
G2,ATP5E,0.14562851062406088,0.18990439025916206,0.2259505926059367
G2,DDX5,0.1667757873095451,0.17002963312700417,0.28610371402832585
G2,LTF,-0.1792154988922494,-0.3207015413278242,0.3450942390479544
G2,DHCR24,0.0038963537035449445,0.14097862418871845,0.22212799870380628
G2,TYMP,-0.039407841801377,-0.0506111823630218,0.19387016594228723
G2,HLA-B,0.04089117519077774,0.07533586150997174,0.3705532008358479
G2,G6PD,0.14304738290778224,0.1977417193089378,0.2080520305015915
G2,IGHG2,0.1481225599786698,0.08793329323759286,0.2670189458077985
G2,LGALS3BP,0.19133034418873546,0.15121653980664224,0.2688034261434745
G2,CCT3,0.20218850243420314,0.17473097722200512,0.20796645444625808
G2,BST2,-0.14549202523909166,-0.0999518750336065,0.2220057249190777
G2,MMP14,0.09888557619494609,0.2986931134443369,0.40369700994332725
G2,CLDN3,0.23530618171482323,0.10851388834304344,0.36198503624862244
G2,CYBA,0.112927849928859,0.10854830247674087,0.22921221719856466
G2,ORMDL3,0.19281791504590562,0.2740836215500154,0.3164742689889557
G2,AZGP1,-0.24201339862710283,-0.1409079164299434,0.3593152750612486
G2,PERP,0.1640297193860559,0.20161131047257283,0.2749117570348472
G2,GLTSCR2,0.0835909772663902,0.13170685217126207,0.23557593231611337
G2,MRPL27,0.06922572542244458,0.09701567601047081,0.11916058645568944
G2,ATP1A1,0.30739870835874916,0.26985335662156806,0.3490340401426007
G2,MDK,0.1748091131052996,0.12813498487556702,0.22743831115506552
G2,LGALS1,0.09225042496886278,0.152030565878366,0.27150911830841146
G2,H2AFJ,0.09003722207431165,0.007338447130351195,0.12366841764902652
G2,SPARC,0.10020316969671268,0.11032306665367392,0.3204602848305157
G2,ADAM15,0.1265260024620252,0.10211981502209078,0.1784180121930096
G2,A2M,0.02992612488107986,-0.006622967339880953,0.05531494920939342
G2,RNASE1,0.1312477933496984,0.11235383273897774,0.20848579868955824
G2,EEF1D,0.06249028316139406,0.003380033769760395,0.14368500297492032
G2,VIM,-0.14403575998278093,-0.1637472262590679,0.38245645980472104
G2,GNAS,0.340024662149615,0.361690721593049,0.3848681752302114
G2,KRT81,-0.054669119376450956,0.05770686177538977,0.2603161595496872
G2,GSTP1,0.0721020628242159,0.1199910750069339,0.25452321263080263
G2,TAPBP,0.15431030070490256,-0.10146277883184313,0.18871513628542647
G2,VMP1,0.18325513180770173,0.2369236268207997,0.2642334318725513
G2,S100A11,0.25937949748485606,0.30962033486548357,0.36181836801311734
G2,SF3B5,0.1123199166376279,0.10828088945430764,0.14717756038320573
G2,FADS2,0.2594127782392553,0.18133251730430783,0.2844553251970299
G2,COX7C,0.17369451072847603,0.21298642591386094,0.27662052129360865
G2,HSP90AB1,0.30181162820866153,0.3298527442112131,0.3598910299698072
G2,ATP6AP1,0.10634741858542646,0.09557769403440344,0.24055782209410828
G2,COPS9,0.2368260563794682,0.18776865808611606,0.25041726005840187
G2,SUPT6H,0.1059037811776731,0.11147009045751219,0.15452358441311484
G2,C1QB,0.07822928537519927,0.16823314886597285,0.22367118218745194
G2,HSPB1,0.006799734172587602,0.1401058661184387,0.2872347336064623
G2,S100A6,-0.05818940714870384,0.045887518081905505,0.14440988316676026
G2,ERBB2,0.3300741296965614,0.3472150324540743,0.4199363234661647
G2,C4orf48,0.1744135619905001,0.003035388578830413,0.2163632115331455
G2,CD74,0.2661103182198612,0.2865748228634036,0.3559693860273824
G2,IGFBP4,0.19915122123701226,0.24408667269402937,0.2610574745573367
G2,COL6A2,0.0144298807277038,-0.0027924929187782594,0.2605206802270442
G2,MYL9,-0.016596433727255448,0.001444820091052774,0.22089442665319564
G2,BGN,0.03189640661463315,0.1859763014372242,0.34139787234664026
G2,LASP1,0.24496069514018534,0.33667332619296686,0.4263453758261013
G2,MUC1,-0.07901595893196885,0.16457238665273552,0.35670035533626343
G2,SNF8,-0.09392368923694239,0.05768374560763695,0.1425213583979556
G2,ATP5G1,0.08770065166934672,0.10542729611918232,0.1372527117968999
G2,MYL6,-0.08779934669189116,-0.13354028434221718,0.19197071247322753
G2,HLA-A,-0.030240055161718193,0.17885207585005589,0.3268406804299447
G2,KRT7,0.2631458921191986,0.21705103583409543,0.29891868113200065
G2,MAP3K12,0.0013244075976746694,0.13602888608920263,0.1806478512656422
G2,ATG10,0.06922972956399297,0.11929220225877474,0.2491722399538153
G2,FKBP2,0.10580250263548875,-0.1769727796268842,0.23919547190832913
G2,CST3,0.08281316660478896,0.19149505294527136,0.3013785022730616
G2,NDUFB7,-0.03580881987901894,-0.0598762241798521,0.15956572021892987
G2,CD52,0.21481427741009462,0.12581162021684902,0.32782296657213134
G2,CD24,0.3920743077550181,0.4003646737256318,0.4076397209400249
G2,TIMP1,0.17339563818453904,0.254334900225612,0.2944273464120945
G2,PGAP3,0.24328325030206882,0.2596564484803232,0.3173054340727101
G2,GNB2,0.09300730493410259,0.09360888720702787,0.10618361311888379
G2,DBI,0.21992712266491068,0.2833773105751687,0.31733010557160196
G2,PEBP1,0.09491739735325741,0.1286726032831724,0.2052002808897594
G2,COX5B,0.10919956395406706,0.11759786574441047,0.1578533428981679
G2,FLNA,-0.023597298827810267,0.0448974716687965,0.25024817299815466
G2,PCSK7,0.017224620039434993,-0.05293906092545749,0.15063858892423523
G2,NDUFS5,-0.10521221959040901,0.09599462203426085,0.1476932059886327
G2,TRAF4,0.1674310782808842,0.17588086867935807,0.21681890581221122
G2,UQCRQ,0.07260221280395852,0.1372973297768143,0.18237755558673127
G2,ASS1,-0.07281314736829225,-0.11569644952140232,0.1306595020662393
G2,LGALS3,-0.017444575649129983,0.12553524812416517,0.2286582405453987
G2,HLA-C,0.06220503704502546,0.12265037710943773,0.2303019730683165
G2,NDUFA3,-0.03340833405774289,-0.0064487395185080796,0.09169740025901171
G2,UQCRC1,-0.018596211060781593,0.00794217548976877,0.15341301047432646
G2,ATP5B,0.21072701862129897,0.24140419182229875,0.3045080091596106
G2,IFI6,0.01125864992715793,-0.040142509671075036,0.3758591867435543
G2,H3F3B,0.32718750255850954,0.32613022209249026,0.3565066438156331
G2,STARD3,0.02542981217444216,0.1409839224497376,0.25672043727621197
G2,COX6B1,0.15415633465876094,0.15277986168224383,0.23483123729609454
G2,PKM,0.26417357413032605,0.2700583024513353,0.28321036635314106
G2,KRT18,0.0719210989923916,0.09520792749570146,0.22759291119784048
G2,SPINT2,0.3394275708425986,0.34164331878360066,0.3791985247084617
G2,XBP1,0.22674430467043302,0.1968393475651095,0.311438080000903
G2,PRRC2A,0.036448244455484086,0.02800191507746418,0.15718952056408003
G2,JTB,0.3031616887265867,0.2879938091690454,0.31482562065682723
G2,QARS,0.1376989145359236,0.08748508354919737,0.19314968649404413
G2,CTSB,0.10425361105067114,0.10836118493558503,0.16177323105101687
G2,UBC,0.11779682700561926,0.12890278927511054,0.13303522111843416
G2,RRBP1,-0.05452329125630276,-0.0914305287484256,0.14918846216386664
G2,PLXNB2,0.2705014319891959,0.24502851799996828,0.334168201543347
G2,MZT2B,-0.07150122335126693,-0.08247965785572936,0.1108669063547701
G2,GRINA,0.10556016900763011,-0.10183343171678295,0.2288110839685771
G2,HNRNPA2B1,0.31234190422809427,0.3422905017300308,0.3582454956951436
G2,COPE,-0.041997509766763204,-0.12444097112421472,0.16513258322613306
G2,TCEB2,0.0031496044295511887,-0.006287853398450427,0.049842370872647195
G2,COX4I1,0.1318313762333952,0.1340696843063084,0.14466907055642728
G2,PRDX2,0.0926493145834983,0.04701122236617145,0.14389796519373912
G2,ATP5G2,0.08097874265451072,0.06567045618066907,0.14514885558014637
G2,TUBB,0.2595546303110596,0.2449059202949865,0.27080751250755125
G2,CHCHD2,0.3504303278561662,0.34630288035930934,0.3647652964979441
G2,PPP1R1B,-0.13046714760876818,0.03954921303578807,0.2810779137845266
G2,LRRC59,0.1490972205374156,0.13261822582033322,0.1974684707735276
G2,RARRES2,0.2109953322819117,0.02506757085269503,0.2508868302374977
G2,TXNIP,-0.06662973433049722,-0.1523198424597978,0.26651418101068963
G2,MMP9,0.21409598192838644,0.22097969461393907,0.41520719368529907
G2,WDR34,-0.012628020185974026,-0.020301816602760887,0.10476142703911691
G2,KIAA0100,0.11877505639126473,0.12032967183053067,0.18948334773626274
G2,TMSB4X,0.22514012354812754,0.2335398115154906,0.27891239853880356
G2,TUFM,0.11977392338175435,0.14366667087518648,0.18903401698184413
G2,TPI1,-0.0058765900047761995,0.18052760250410738,0.19005419870617934
G2,STARD10,0.08173572859821655,0.1805618595626673,0.2236375990129782
G2,PRSS8,0.2932029472417018,0.2770567079051787,0.3120446976404865
G2,PTOV1,0.08277921090973966,0.10571352643140035,0.15868801376132208
G2,HLA-DQB1,-0.06984414036370824,-0.02407260737539324,0.27702198729460986
G2,ARHGDIA,-0.004415265477084109,0.032714820293533016,0.10864666474453755
G2,INTS1,0.021732947801705267,0.017163447297600186,0.15621512055894976
G2,RABAC1,0.06645833625591926,0.08366443182856656,0.1660489972263094
G2,SSR2,0.12342882636387159,0.17116777628372132,0.18679257733653062
G2,EIF4G2,0.2658592204598779,0.2755732153599335,0.3122677645455704
G2,CTSZ,0.1218818820288661,0.05733348141172604,0.17447035578485787
G2,TAGLN2,0.23885818824862454,0.24323177408154845,0.31862680298325924
G2,CAPNS1,0.05003442154731205,0.047725175416422634,0.12933718126838084
G2,DPP7,0.0069478954062508515,-0.09307179194635815,0.11826687978732463
G2,SELM,0.05455404143255092,0.07564639879089988,0.10938186476899883
G2,SERINC2,0.08688165876120706,0.11476320473286512,0.19204616236424732
G2,DDIT4,0.09316003906999926,0.0900991377967359,0.12082037596098054
G2,SCAND1,0.02175088998185968,-0.03173303937861011,0.09543340245882889
G2,IDH2,0.3091526359387196,0.30818894159625765,0.3459220276274558
G2,ENG,0.13875644178282362,0.151035293045643,0.1848895539764474
G2,MRPL12,0.014322144549945078,0.15545071967330265,0.1824416548616785
G2,EIF3G,-0.1215067160768536,-0.1377497997926853,0.20951716843502277
G2,POSTN,0.24909337982939816,0.27740285099311673,0.4045990742381245
G2,NBL1,0.2092711028233492,-0.039695365334601634,0.22406725369097125
G2,SLC25A6,0.10194810550792052,0.02669104854794269,0.20550884735596095
G2,NUPR1,0.17052659288018093,0.2299528021384745,0.2407281459019328
G2,FXYD3,-0.05213967701671734,0.15438951780103027,0.301515473714658
G2,C12orf57,0.011800978758177988,0.01117110237315561,0.08239237726457814
G2,LAPTM5,0.22369605863406633,0.08843031143178846,0.2251589197663433
G2,CHPF,0.2542158107856572,0.2661875088049747,0.35259747625609167
G2,HSPA8,0.18321141067207108,0.2650106232142654,0.28871160915311744
G2,VAMP8,0.03290890630079647,-0.18054895770857085,0.2550433250510492
G2,BCAP31,0.04206048038947943,0.03506227403118104,0.12846702209913427
G2,PRDX1,0.31145831586089834,0.30113511835590595,0.32252724055630394
G2,CD81,-0.04111539773838114,0.000405923775050638,0.13863419443054248
G2,COX6C,0.1804806235543453,0.2865367801567799,0.32065938409951056
G2,UBL5,0.14837706334577092,0.1820047337827906,0.20837818464985972
G2,APRT,-0.01920616444621146,-0.06068840041355214,0.1278697320479688
G2,SEPW1,0.22727111600730024,0.22342386238915976,0.2415489006781593
G2,BSG,0.00047925139322006863,-0.1154590356956303,0.1626251355338973
G2,NDUFS6,0.04760405767791368,-0.0240894409305738,0.12380571380911008
G2,TSPO,0.22140197747187157,0.16486183269459775,0.2589316424507905
G2,CIB1,0.28363337393038374,0.29375713106730666,0.33142662793361904
G2,FLOT2,0.14921856107240666,0.12618151336989156,0.19602933065837258
G2,HLA-DPA1,0.007868124384755936,0.10379483870950497,0.15953042386387195
G2,POLR2L,0.16979690895509514,0.11712621843802926,0.2153069559729561
G2,AP2S1,0.06785219050445293,0.06128626619260168,0.10215158973073618
G2,ACTN4,0.062185823307928614,0.10569348780665284,0.18241493295269837
G2,GUK1,0.03438255338305643,0.05822528462618871,0.11675983877352773
G2,PSMB4,0.210251376062206,0.2473778540467118,0.36334858951655996
G2,MAPKAPK2,0.27455407437406026,0.2181899381559412,0.2786440263950075
G2,GPX1,0.013760250650231055,0.04578841724839708,0.11093984489554345
G2,CCND1,-0.078477374663564,0.25994369621809826,0.2665628521227788
G2,SDC1,0.23430799021540835,0.3636822807048638,0.42910571749845966
G2,NDUFA13,-0.007168773241981432,0.013947382434662309,0.1168909415725371
G2,CD99,0.23212769328414684,0.2051953303573614,0.25349767792947187
G2,ALDOA,0.10285883297352529,0.12848360798212685,0.17755622668138624
G2,CAPG,0.14064882735507048,0.10026561907002209,0.21061545875216836
G2,CTTN,0.37031192897049425,0.3795514951078393,0.4044219508949063
G2,ROMO1,0.1879647003957579,0.10023229922355244,0.19943526267496758
G2,SAP30BP,0.07536668540966071,0.0791978822538245,0.11285415840087099
G2,CXXC5,-0.14397716817868125,-0.03719997449250987,0.1651393383253507
G2,GNAI2,-0.036124161059473206,0.005292716098344067,0.09140112683836707
G2,LPCAT1,0.29480541731182036,0.3198047301924182,0.3323191436728702
G2,LMNA,0.11779407434351352,0.029367942345689894,0.16367067005066063
G2,ZBTB7B,0.2142334888898712,0.21210494681803416,0.2640493670504492
G2,EIF3K,0.13946949188023444,0.11891350228575563,0.2017940698596608
G2,KRT8,0.24039477366873419,0.21481198161022197,0.33749375229889933
G2,COL18A1,0.173223519872513,0.2261213764292974,0.26299941001148924
G2,C1orf122,0.15823104923149078,0.1322187503529233,0.1905842564541085
G2,CRIP2,0.1639976100688046,0.18261811670028158,0.2696906451291639
G2,FUCA2,0.060197397678388366,0.0715280126720901,0.12473973736538313
G2,SRRM2,0.20581386182752917,0.261716857383922,0.29191481090226656
G2,CLTA,0.19419678702058635,0.18853522720722607,0.20548535818210903
G2,MYH9,0.34068520845294675,0.33853667481338434,0.35642974289657714
G2,PSMB7,0.05171947405887884,0.03322319773593733,0.10305240397979845
G2,IGLC7,0.13938448331602288,0.23262063950753833,0.29204695991867335
G2,SNRPD2,-0.1014958201338221,-0.09339255391036186,0.16435040249590485
G2,NACA,0.23883511079817524,0.24871589909148725,0.2699517283752274
G2,ATP5I,0.1373083290369548,0.14539815102770054,0.18038152356100498
G2,ZYX,-0.043851916540302,-0.048978282426573864,0.08095047460013448
G2,RABL6,0.013222848963732157,-0.15452050493225966,0.17084279739093453
G2,ELOVL1,0.17587823310908368,0.1691449767130124,0.1859264767149618
G2,MMACHC,0.2665457545554903,0.25106788693435916,0.2837267131907156
G2,MIDN,0.23403262871450467,0.238028030273289,0.2725798776390874
G2,MAP2K2,0.054843237822960265,0.06752618478749246,0.09972757935484247
G2,UBB,0.15317154476459127,0.17793289139007987,0.22412720122697957
G2,ACTB,0.36388474052100656,0.33648229649712064,0.37880609610937954
G2,HDLBP,0.15891288374227228,0.1559884446674548,0.17971698002875916
G2,AGPAT2,0.07793881465329132,-0.10036868749936025,0.13869371538361971
G2,NDUFB11,-0.12365038820028457,0.13844353184098998,0.17379787632788152
G2,NDUFB10,0.03307879323917132,-0.08355499695340103,0.10437611207175512
G2,IER5L,-0.04340043021928784,-0.03200747155821361,0.10026387036671056
G2,PLEC,0.05179906140848187,0.09211539392450009,0.11124445010257984
G2,SPINT1,0.18063712348616676,0.18715789351192508,0.20303491217328862
G2,RHOC,0.031857069792419236,0.038578450059491384,0.15031314582010316
G2,LMAN2,0.21918443532693682,0.29251651821018276,0.41738635243217953
G2,NUCKS1,0.08699905787259063,0.24404867929059743,0.27053461756400743
G2,MVP,-0.08620433504290781,-0.07738370403311101,0.12217591332957291
G2,SLC2A4RG,0.2667718513144907,0.2578030514564461,0.3019890748134535
G2,IFITM3,0.03669159067894577,-0.011291088654094956,0.17314668846684964
G2,COX8A,-0.0349233627401472,-0.07359880832857016,0.11845625876623266
G2,UQCR11,0.06911432710635775,0.001825617607379617,0.10590856993779069
G2,ETFB,0.014699482540606651,-0.13231483479574857,0.16248199319669598
G2,SEC61A1,-0.027019489363864606,-0.162581872087546,0.20478639608594545
G2,VCP,0.2599139692801252,0.2844820536032558,0.3269990784535416
G2,KDELR1,0.17929393286101578,0.17965030308095345,0.1972118099512353
G2,PLD3,0.03606189285500062,0.016987319425142054,0.06882130094360313
G2,FBXW5,0.106370128469868,-0.08234250404826082,0.15941563356450877
G2,UQCR10,0.1261511018656844,0.1803718605824501,0.2208529942646872
G2,GRN,-0.008760358353900249,0.0222210463216535,0.12743084615603315
G2,HM13,0.19373040267387734,0.1642007427155085,0.24005038998927128
G2,CLDN4,0.32744255555967094,0.3072091436501373,0.361040682385489
G2,VWF,0.11542396324237328,0.21010930201067904,0.24531179926252256
G2,MFSD12,0.09257675876034256,0.09558670421933595,0.14104604978116714
G2,JUP,0.22986659382517005,0.22642976553332098,0.25140224443942455
G2,ATOX1,0.20498738276251932,0.15650897340228867,0.27592262072470575
G2,CIRBP,0.05706340420011091,-0.008894031947314423,0.12390599605547932
G2,C19orf70,0.06824817765158606,-0.04764734876078173,0.13707256256873512
G2,RARRES3,-0.013360587065800204,0.09590527799552433,0.17704018392810206
G2,LUM,0.07878027221618164,0.11527862014764347,0.2528983153391553
G2,PTRF,0.045793603532895584,0.03491779047164921,0.1646322641774699
G2,CHCHD10,0.07831012408435094,0.0733369215317652,0.1064457649406178
G2,EIF4G1,0.18629373464791713,0.1753270082167038,0.2695137748714128
G2,HLA-DRB1,-0.1239592451379815,0.09119274028721255,0.28256721139429014
G2,ECM1,0.1037147590024546,0.044938958751946374,0.13715143555791257
G2,ENO1,0.10202223560367008,0.04655910213996479,0.20689466912402762
G2,EHBP1L1,0.06345814119005255,-0.05398497982514509,0.09549372483314486
G2,ATP5A1,0.20217367427432345,0.2274714679269549,0.24973686847792462
G2,SNRPB,0.0993567497696021,0.1469689568883915,0.23356327257868292
G2,PSME2,0.09183978646044437,0.05671105177175159,0.22210900431444275
G2,PCBP2,0.07125562722987133,0.14175113778257706,0.17928580721696505
G2,NENF,0.22543467920004678,0.20303182692310356,0.26263273485435645
G2,HN1,0.3097440612715056,0.2898955108948513,0.33252580508107266
G2,CERS4,0.05837912953273874,0.03647749211370133,0.11254570899943561
G2,MRPS21,0.2818017610176466,0.276476363122223,0.2941950478389311
G2,RALY,0.17175926986820983,0.22201869091373724,0.23255469282466498
G2,PSMB1,0.10044573537990263,0.11075233843158656,0.14172600011182176
G2,ERGIC3,0.06308425716326099,0.13644609393940446,0.1716613826116779
G2,ERGIC1,0.11865504158024226,0.1478351624401503,0.19072142052303478
G2,ITGB4,-0.06868050524408688,-0.04794519439623985,0.2755648709588933
G2,NME1,0.0601684202011955,0.10349549784173744,0.1377710731839484
G2,AP1S1,0.11148911413719588,0.08288209168700672,0.14712003427406845
G2,LSM4,0.14030055614975548,0.2524626499495179,0.2763769879935303
G2,EIF5A,0.09357289540287861,0.0923021944291393,0.17534936264951043
G2,PFKL,0.06024193579584975,0.07961667743624341,0.138707338045311
G2,FXYD5,-0.0487948704635786,-0.1377422034283102,0.19809190613145033
G2,HMGA1,0.16026692727632516,0.1341483300573614,0.19464233360298291
G2,IER3,0.2428819030800103,0.2544657742976233,0.27319362772736777
G2,EVL,0.03206299723522649,0.07665261337261556,0.17896501101260262
G2,ENSA,0.09155603960699787,0.15060426738485905,0.22739800069690053
G2,H1FX,0.10516958862527698,0.012969496361865123,0.12055894675945626
G2,ELF3,0.16395991891607023,0.20576240276347926,0.23396623849544199
G2,CD68,0.08481022682731237,0.03903340295424011,0.17811758814396086
G2,NDUFA11,0.004211348099753141,-0.03496081206501463,0.11668713827075186
G2,MRPL37,0.1606308807287114,0.16532774240174558,0.22629365892027875
G2,ECHS1,0.044619379197332824,0.1208178086535153,0.20400035013544845
G2,WDR83OS,0.19021862870015002,0.2220548835378647,0.23388556152604242
G2,EEF2,0.05264597937713871,-0.0019390894093585884,0.20272182298639438
G2,UBE2M,0.16617096923949273,0.18374223310768276,0.2154810433628217
G2,SYT12,0.0368419823498291,0.06406603766884285,0.14413845838143607
G2,EIF3B,0.18315028729093624,0.22687626220460655,0.29977242555322764
G2,APOD,0.15089275655913092,-0.12478788208513679,0.3388718741658915
G2,DCN,0.050252505562056383,0.023235941593920277,0.1837043997650421
G2,LSM7,0.1462088514814538,0.17014864421261844,0.20975077341662726
G2,PSMD8,0.03398275792254563,0.15637245739898661,0.19564658666168633
G2,PTBP1,0.1720661310951481,0.12754616093035845,0.20145602347030597
G2,EVA1B,0.1644417255523401,0.10663006934196066,0.19500642753692604
G2,CLSTN1,0.2944696688702378,0.2755747756329384,0.332192957388268
G2,AES,0.10927860307346478,-0.032018119308665875,0.16326766242836163
G2,HSP90AA1,0.16861401624675568,0.2174947653531121,0.29839048323694717
G2,PPDPF,-0.06272430283751466,-0.14622822004643338,0.17874104072781244
G2,SLC44A2,0.1409603643457987,0.15011858277522397,0.1821624008922801
G2,HADHA,0.1048169828959212,0.16230104257431327,0.22229652627897353
G2,ACP5,0.11810818894705273,-0.11160546177284356,0.28121174587282605
G2,NDUFS8,0.19064849027859454,0.0815583086361225,0.22151471427884897
G2,CDC37,0.032416563014678615,0.051447392592611475,0.15663726620514148
G2,TRIM28,0.1491191494180209,0.1398339465687358,0.17312682347260555
G2,SMARCD2,0.11275402084845698,0.07378521922783733,0.14200719817837712
G2,DUS1L,0.05663478619458803,0.02917537196523781,0.12269487034476033
G2,S100A16,-0.08186541046772454,-0.013163713275166274,0.1855635801788945
G2,TMUB1,-0.06701195546020292,-0.1352492250539908,0.19302038162929838
G2,WARS,0.059676769294876225,-0.029568624970111517,0.12438822139808471
G2,TIMM13,0.0982502410026829,0.11910981074717823,0.18576503086514234
G2,AP2M1,0.15259146771467041,0.22717550420803895,0.23386770940205368
G2,ARPC1B,0.08493341775969883,0.08437334246203074,0.14458619221236033
G2,PHB2,0.0934895650157431,0.0811795430629965,0.15534709074691158
G2,CSDE1,0.12600676426731997,0.15653806854899785,0.204657612868704
G2,PTMA,0.3561700424017428,0.36389664586157366,0.37408619292885126
G2,CLU,-0.030423447877764687,-0.1267576025402163,0.1886895599458865
G2,FDPS,-0.02597604608575098,-0.0038343055235801502,0.10916441647053692
G2,HID1,0.2030958320795465,0.19068539344595384,0.20546700636274295
G2,NECTIN2,0.12492263426807228,0.10410517673670154,0.20625493830781363
G2,PFDN5,0.07792742564110111,0.06756482679659022,0.13002892773183053
G2,ARRDC1,0.034220501688390983,0.05029870634850198,0.12585608066173767
G2,EZR,0.055778870554012046,0.09076896339089663,0.1834424204638914
G2,MZT2A,-0.16844015659782913,-0.2099106283636301,0.22120202859874077
G2,ARPC4,0.12680788171938873,0.12365121585849576,0.18568762406574563
G2,INF2,0.021373673116803143,-0.04537346420840069,0.06415913297203465
G2,IGFBP7,-0.048557327246763024,0.07289531201708663,0.20235836833899515
G2,CLIC1,0.24066252300145988,0.23846080659679011,0.2906532184666102
G2,PHPT1,-0.025288885098667772,-0.050330656325917905,0.10854405381998505
G2,CD151,0.15076235721839865,0.1954087842709142,0.2092340839450585
G2,CD14,0.14380941437415246,0.1479973368049934,0.17559798340026755
G2,MBOAT7,0.1884536814513223,0.23396876320148627,0.28032997812127664
G2,CLDN7,0.3012009318112614,0.29471458508989845,0.3285787810496257
G2,ATP5D,0.09354583219343314,-0.03802625260677904,0.1765807349902406
G2,IRF7,0.024203994486948478,0.005838661326935699,0.21894547271203615
G2,MRPL28,-0.07151352718589045,-0.037655693112056514,0.1114627833255287
G2,NRBP1,0.11398994359108466,-0.17335127165155234,0.21788902706043248
G2,RAD9A,-0.02644250631532955,-0.06439712926926583,0.13545382115464102
G2,MARK2,0.202004311527232,0.2534792086915636,0.26199442057332667
G2,SNX17,0.13782845201903082,-0.11308903692540326,0.19117765604286108
G2,SMARCA4,0.17160569280427312,0.15980524023981088,0.19485981233294775
G2,PIP4K2B,0.26282618328466656,0.2962579697700624,0.31287991771346774
G2,SLC16A3,0.08151203766470823,0.007497210036521932,0.20247148038683682
G2,MRPL41,0.08470109847551589,-0.07674116405241921,0.19402594558401104
G2,EIF4EBP1,0.030031678868373907,-0.0064597865549074875,0.23666020233424992
G2,AUP1,0.19259970804790671,0.170121525090767,0.21272366776390783
G2,PPP1R14B,0.12926826220971455,0.21708591467915062,0.22557202187676723
G2,ATP6V0B,0.12333662297110522,0.1641485457743631,0.17502580523502423
G2,GADD45GIP1,-0.023146184317423827,0.032496838397841024,0.11836277899819547
G2,CLUH,0.10053838356167878,0.12400425175568393,0.15578679276070298
G2,AKR1A1,-0.0019000905715934203,0.0407120408289783,0.1597972795200356
G2,CHD4,0.21308282113336124,0.22281222054221317,0.26373995329193695
G2,PSMC5,-0.04192688549732903,0.07967439431734454,0.16821330558689726
G2,SDF4,0.2516142653524974,0.22554998805506546,0.27601405161776693
G2,HSPG2,0.11094370491865922,-0.12301988515906961,0.27647163900139815
G2,CTSD,-0.022821738191886088,0.29146800658583666,0.3348606954498585
G2,SYNGR2,0.21184873312769953,0.1612929827159683,0.21964164719000484
G2,ZNHIT1,0.08747305963517947,0.06120330854193297,0.17394384061211637
G2,SREBF1,0.19039263815355695,0.1913302240847511,0.2500499720543699
G2,KDELR2,0.29174357706071424,0.2732226763526247,0.30735252911632677
G2,LAPTM4A,0.29352849750387455,0.3406005328385189,0.36755736212982465
G2,PRKCSH,0.16584766945615279,0.21783576641532892,0.23258676412077772
G2,MYO1C,0.1712412162483546,0.12741661696843726,0.23989305186965668
G2,SSR4,-0.003933662112281581,0.07250868988276825,0.25694790668883205
G2,MBD3,0.10142304223082647,-0.0044980842081836165,0.13747973070110311
G2,RNF187,-0.034651038730415536,0.037453712184410584,0.16943324973439874
G2,PRDX5,-0.055710127097021694,-0.09258946024934113,0.1318717042234321
G2,RNPEPL1,0.06673305359942697,0.05614761374507526,0.10648071897197126
G2,SMIM22,0.02377505017859861,0.17726619342072078,0.2364106926572717
G2,MRPS34,0.02909920562767495,0.14089643726466575,0.18498981845838716
G2,CHMP1A,0.21239881178105707,0.16567627476789398,0.2541331374631463
G2,ATP5J2,0.11105936658662986,0.08328308416850048,0.13580031740330065
G2,TSTD1,0.23573255053482745,0.24671592000125175,0.25393861007323637
G2,NELFB,0.09667936890032883,0.04845994415544969,0.14294773381504067
G2,PDXK,0.11230110723815062,0.11322247590675373,0.13802664012410995
G2,JCHAIN,0.23455210054959405,0.18271536512623204,0.2825255898846109
G2,AKAP8L,0.16577539935617466,0.18370586428027522,0.24096212668929842
G2,LAMTOR4,0.10925844900230981,0.060652116575368356,0.20813645594730293
G2,SERPINF1,0.026747428093903163,0.042958952991326745,0.1564744493252898
G2,AURKAIP1,0.08023756035128125,0.05060195594926494,0.13423983646905424
G2,DDB1,0.1151550407799982,0.13675619653420376,0.20061432318298855
G2,MSL1,0.11294266857353584,0.12344644531770466,0.1509596049638092
G2,PLXND1,-0.001986671614974532,-0.09391065586905016,0.12170191614397419
G2,CALM2,0.1597335242705189,0.24205599996897348,0.29571028241533664
G2,SQSTM1,0.28627671918130043,0.2379657009076668,0.3310515642012785
G2,TMED9,0.3070623576141743,0.27918035242127237,0.4499433844537219
G2,CYC1,0.10742463613656954,0.03185610500856477,0.1691532326816216
G2,CENPB,0.14567093464669648,0.06730267458877814,0.17394445927219485
G2,FBLN1,0.007666912187009281,0.03843034565427603,0.09063037336982696
G2,MAN1B1,0.009618902723261661,0.10500005605920293,0.128137535855708
G2,NR2F6,0.18386422487043672,0.21247164558885154,0.26515074217250895
G2,CCDC85B,0.08866644002631532,0.05747489958024684,0.16165800209992873
G2,HLA-DPB1,-0.04783938164774958,0.07157776510449818,0.2531804102056626
G2,CFL1,-0.19449607009571804,0.03134840923986995,0.26989002310762655
G2,STUB1,0.18485106895027875,0.19032649041602673,0.20956661872962995
G2,NME3,0.21321731442902772,0.18731269020855892,0.21931474160888845
G2,NPDC1,0.07613100878259434,0.03298433813214017,0.13058559988542584
G2,SH3BGRL3,0.008822433482079554,0.00830340830748484,0.0629960680195839
G2,MCM7,0.14777014796840238,0.1545395377735877,0.1579345790611572
G2,SPDEF,0.2671845781518591,0.24039047282811543,0.3521462877256624
G2,C9orf16,0.10476326065416958,0.03542132149325274,0.13429262923326374
G2,ALKBH7,0.066110879856403,0.02155249775839291,0.11824505617764823
G2,HES4,0.22891765710024956,0.17166595276571606,0.23582816831607786
G2,SERPING1,0.10663034378648005,-0.05776141516459559,0.19110540444209756
G2,SERHL2,-0.008027241369896212,0.08830289191115999,0.2619804339731294
G2,PTGDS,0.22892162530563026,0.16532355918438024,0.40840645333615416
G2,NDRG1,0.3966205705660141,0.35409068427038465,0.4250037260913645
G2,CFD,0.28381312707207756,0.2547831362386589,0.3117566042634181
G2,CCT7,0.16263149108951966,0.15411984381068192,0.21660335424281618
G2,HLA-DMA,0.0672742741310206,0.05326535787172086,0.15821413156521533
G2,B4GALT2,0.15728395492950434,0.14807397196705643,0.17899876299622208
G2,BUD31,0.1436727749386693,0.11435581813496994,0.1638659710408037
G2,SYMPK,0.1290302715468973,0.10606219278332918,0.15659981062471293
G2,CRACR2B,0.12684484559516787,0.15546779547375258,0.20008806603707618
G2,CCL5,0.2351480273375267,0.20238294313414695,0.32104801471679867
G2,TUBB4B,0.0178291003851164,0.12468426010049223,0.16822905175565084
G2,HSP90B1,0.28998113790465274,0.2848651448203424,0.340164461620813
G2,ZFP36L2,-0.09014861087210989,-0.21467600775516524,0.2445220811320324
G2,POLD2,0.16846207848084935,0.14733327371365237,0.21344833441673844
G2,GAA,0.15845131742156585,0.16092626211650438,0.18180764113573283
G2,MCL1,0.10569185337172514,0.12401658945454702,0.24694200264816657
G2,ANAPC11,0.11061756831616004,0.07489352109431889,0.1317990933240188
G2,TMED3,0.19146892200295731,0.201305566763015,0.22106495374922008
G2,SOX4,0.031330150786290964,0.1624134232686992,0.26348565159388937
G2,PTPA,0.13482579743222403,0.16330482439629804,0.29433036363614673
G2,SEC16A,0.08310405920908347,0.054092855300907614,0.11335751448325335
G2,CYB561,0.1934207141896743,0.21714924921744133,0.22978247937456436
G2,ACADVL,0.10491190049436994,0.13973112629717493,0.15992645236887207
G2,NDUFA10,0.13149311311941378,0.16194088150306665,0.20335539869047511
G2,MLST8,0.0506065785277452,0.09006361772918012,0.15973366781041265
G2,ARHGDIB,0.16752636223912132,-0.03252098354760335,0.21952796563497376
G2,C19orf53,0.10114415762009593,0.09018585223059158,0.11518529377381745
G2,PGLS,0.013820257505181751,0.06846946078170839,0.11195663264663856
G2,PGK1,0.1965684262011641,0.21968112911121157,0.2265222827426297
G2,NOSIP,-0.07255053438504172,-0.06715413153832196,0.1810276727526914
G2,PSMD2,0.15439129277364458,0.19647897097823308,0.22130929178782782
G2,FBL,0.20634170025701187,0.260212086668255,0.2701680488758554
G2,RHOA,0.1431754253658062,0.1399651289276579,0.2259643479478321
G2,CD63,0.007733506947907069,0.0005597835840229493,0.08638048487048043
G2,PRDX4,0.1985579962127178,0.26465126808780215,0.28893379130342195
G2,PIP,-0.13741697970324496,0.2599966753684966,0.43383585593250806
G2,SSNA1,0.034611388650880134,-0.032918676115922745,0.09377266318696002
G2,LRRC26,0.12307445097678636,-0.027080315499772394,0.14568125607553975
G2,FAU,0.00474217454766095,0.08920431103067203,0.15416536022367283
G2,HINT1,0.1469339333757327,0.18791293299144207,0.20601143458035423
G2,PSMB8,-0.008609138568922777,-0.007007956108963186,0.07946443671153801
G2,AKT1,0.07456951228700819,0.05552339914103334,0.1170788615269638
G2,METRN,0.17641772645554818,0.14985049911831322,0.2767170508598793
G2,CHMP2A,-0.03027781898376612,0.04859196895066098,0.13205082698443377
G2,BLVRB,-0.046913070980325586,0.07200912552376153,0.12406581302187944
G2,NCLN,0.2700986669007498,0.2632886800627748,0.29412358648003883
G2,PDIA4,0.23263644471169054,0.215153142475404,0.2699073625005278
G2,EPHB4,0.1284775397695115,0.10308850473917221,0.1372476275298484
G2,LYZ,0.0064976647714737636,-0.09056526204945262,0.24690568790415113
G2,CREB3,0.06943473486831589,-0.06040346919827616,0.08686957090707942
G2,C1R,0.09936182302329045,0.054198060259971724,0.18980279635371902
G2,NINJ1,0.09855853820552159,0.110470300416701,0.18060042782517036
G2,TMBIM6,0.08346048999773373,0.1529612630040142,0.22756784043891434
G2,PKN1,0.07263577935450338,0.02144614419835857,0.19614252164640328
G2,C14orf2,0.1782942790072443,0.14539048997258514,0.21836491909614664
G2,TMEM9,0.3114107836946982,0.3089184199936264,0.325475051011146
G2,TMEM205,-0.06511337803372583,-0.03990426695457283,0.08320681428791149
G2,TPM2,-0.03926217245633242,-0.09116237492056219,0.23496043196785138
G2,GPS1,0.04455106057987489,-0.034468192937073976,0.13336048797569652
G2,NT5DC2,0.02595397337143509,0.13091436163768355,0.1904720715034066
G2,FTL,0.07408891950713058,0.011826673233148427,0.13727287749680026
G2,YIPF2,0.2595570462760335,0.2342423302534602,0.28490912013362585
G2,COMP,0.10637632525279785,0.03002755462475689,0.12735137330837523
G2,GTF3C5,0.01594881873709265,-0.016066978312839836,0.05429230102664447
G2,HCFC1R1,0.2375986044889218,0.10355203387751694,0.2975953188759671
G2,NNMT,0.07511348624565224,0.04068424898304574,0.26303861368674764
G2,MAZ,0.12527967168692983,0.1997102861937201,0.2802795459268348
G2,SIVA1,0.146654944318645,0.18087105398053707,0.21555764493518037
G2,MVD,0.12118687291162243,0.10045551415271016,0.15943974728247673
G2,TMEM132A,0.14191191611535606,0.16210618154797013,0.17940424164021354
G2,PODXL2,0.16907569296815092,0.15748531237586355,0.19085989741522866
G2,CAPZB,0.11520262843305379,0.1211487634637784,0.19842831614985715
G2,PCOLCE,0.14589983017614497,-0.029132106714934325,0.1604655737893098
G2,TMEM219,0.1478001683088908,0.162100033432945,0.17003569397725085
G2,C7orf50,0.12707624332951037,-0.08699777212126328,0.1587901274574706
G2,NUMA1,0.182681546796919,0.15416954790265858,0.18496726993303444
G2,FAM50A,0.07322702331392836,0.04121216412994233,0.0803008491832415
G2,NBEAL2,0.014603884909078522,0.0010363811574032062,0.122265855224083
G2,SERF2,0.15096610451386375,0.11557230480943026,0.2156289266463695
G2,S100A4,0.12057638708221269,-0.0032900114385831865,0.19238938761166205
G2,HNRNPAB,0.282601733177461,0.2706562192508767,0.3162339731998519
G2,MYDGF,0.15848705089028015,0.1123172952669659,0.23800085262661375
G2,CTBP1,0.18067957730390954,0.14055999152360554,0.23963558906657717
G2,ATP2A3,0.13517038521148592,0.06365582615659092,0.1438424769188051
G2,SSU72,0.16015622963486564,0.14450993365917128,0.21588342993151002
G2,PPP1CA,0.06584359163625032,-0.09193522081269431,0.2042888956190573
G2,CLPTM1,0.11332317847405268,0.13405638817294624,0.14843093009182495
G2,PPP2R1A,0.20737219052492945,0.2122153950275911,0.22845329543535722
G2,TYROBP,0.008232967537575938,0.15718506067946036,0.18675553727415756
G2,RAB1B,0.16596689101691278,0.1382980310707048,0.17817153474278277
G2,UBALD2,0.10979236989801987,0.1450549060513615,0.17116948836166906
G2,ZFP36L1,0.23286241346290656,0.3570504884501852,0.382990991477027
G2,DUSP23,0.23100002322014496,0.1451362635332494,0.23721848770798196
G2,APP,0.24203554872630773,0.23582972798746474,0.2798803243355444
G2,GM2A,0.20607441496700837,0.1961568340793132,0.23015746233865733
G2,ECI1,0.07170637496322056,0.08882262766756438,0.17693992326479163
G2,SOD1,0.1720618665629789,0.19656390718634043,0.2462474977676647
G2,RAD23A,-0.01880413659598554,0.07918076635302136,0.10683324138039588
G2,GCHFR,0.0880059864081612,0.08299653293902336,0.1358422661873757
G2,SLC25A1,0.10716107079309746,0.1082555619856666,0.13938890383644076
G2,JUNB,0.031186696546002892,0.059875853222392104,0.0939779598199731
G2,MAF1,-0.0025492054399499134,-0.07634232757774664,0.1308478847576334
G2,SPTBN1,0.028802969251348075,-0.04445295303958896,0.14709441076237037
G2,RANGAP1,0.10152279399837413,0.08700952453326564,0.1813840274689383
G2,COLGALT1,0.1530261547283407,0.13026862720978347,0.18646094133892988
G2,GPX4,-0.06950178048083634,0.07197550210959812,0.1386122432641739
G2,PRPF19,0.10842729615725986,0.12853787212239323,0.18175897480646222
G2,PITX1,0.11910047696455713,0.11238669731134478,0.1581512127995783
G2,EDF1,-0.08018336573461841,-0.035536379149290906,0.1631737069126354
G2,MRPL24,0.16547917655182057,0.16235598919955346,0.22135791243317485
G2,SNRNP70,-0.0005602007197886533,0.09844320939977971,0.12396799881947752
G2,PYCR1,0.11644756487129708,0.11122339648418296,0.17375367683496307
G2,UBA1,0.2784579408470161,0.27478716034859213,0.2937174274045434
G2,EIF6,0.054885607212534465,0.0354746470535395,0.15422085343992653
G2,CARM1,0.1120702287656613,0.19402178438577455,0.22141125495969396
G2,ARID5A,0.14480915777071793,0.006243831491400686,0.262560402045237
G2,YIF1A,0.12235136335589877,0.18322674515020682,0.2786044536698297
G2,EMILIN1,0.1910407165439607,0.05702938422938628,0.22501218931075867
G2,NDUFA4,0.11891370726591277,0.2196267299445509,0.2343655249517212
G2,H1F0,0.2631363087558801,0.26655832750764547,0.2902512939915813
G2,ARFGAP1,0.11404428841315015,0.1271442512218404,0.1614167924646234
G2,MT2A,0.14982538683869276,0.11512881627506653,0.1746702973605995
G2,CCL19,0.14171167591753006,0.309080889237717,0.4238944178687539
G2,LAMTOR2,0.14860363255035317,0.17976511099700038,0.22224349316470193
G2,ERBB3,0.10883800808865962,0.20036565206726561,0.31649227899710036
G2,PPIB,-0.030460925823538126,-0.026752329309235975,0.05008743371347663
G2,CCDC152,-0.14785011208245663,-0.023475889125297363,0.15783165548317113
G2,COX7A2,0.11217085604609629,0.15866531428316552,0.1916511626772039
G2,HSBP1,0.301425676212413,0.3047193706547503,0.3270270362499527
G2,MGAT1,0.13971282304358468,0.10022192163651139,0.16576734130318937
G2,PSME1,-0.05512571222011756,-0.0188896859003848,0.1739730834973073
G2,MFGE8,-0.09035973433899877,-0.10456513984538492,0.2580321278969018
G2,JSRP1,0.12750110972743334,-0.09070247029928175,0.1533203600306456
G2,ATP5J,0.2917606166534984,0.3319658208899668,0.37880932830621533
G2,EMP3,0.0755480221752744,0.005181018267222145,0.11211366447240446
G2,AKT1S1,0.09636992561319872,0.044450676878142026,0.10249639489209744
G2,UBXN6,0.10107212424617254,0.02933152015344767,0.1213633674295275
G2,NEDD8,0.060470729931798424,0.09340185801833736,0.16317985853353778
G2,C1QC,0.13094706897051864,0.01223777557315884,0.1462056259017111
G2,OST4,0.08358139046387933,0.17549251471907037,0.19558650405929198
G2,MRPL55,0.229274008028969,0.19821685956886376,0.25611056641205254
G2,SEPT9,0.20618017426050153,0.19630933986185084,0.23263843931336894
G2,PRELID1,0.2976651055174223,0.34630284293390134,0.4472323843600029
G2,HMG20B,0.05234913581421589,0.13953432574051244,0.16680691965943598
G2,RSL1D1,-0.07107145136394569,0.013797850621886768,0.13227955847926615
G2,DUSP4,0.17823178801437375,0.12610984743257672,0.2976302400351799
G2,ANKRD13D,0.06744771834425192,0.08370171845786313,0.09728963498648524
G2,ASNA1,0.013418183265325588,0.1365971970049594,0.18040100300218936
G2,TMEM208,0.06839796784041406,0.10345672020679712,0.1269374019601281
G2,VPS28,-0.016067708352367857,-0.09729649445102906,0.11074421502591503
G2,CLCN7,0.2399293059628336,0.1349750176346819,0.277473389718885
G2,MLF2,0.2832384219207875,0.28093892856916636,0.302670748010215
G2,TCF25,0.09305479949702442,0.028567857276704783,0.11614975992171495
G2,CAP1,0.08154929192683702,0.2103060258711111,0.3235749111988182
G2,SERPINA1,0.0736068722208401,0.07760445542750069,0.1620048397551519
G2,STAT2,0.08729222923815216,0.10031461374034692,0.20353455357291023
G2,TM7SF2,0.11171188306863383,0.10749290384664158,0.15091323544459334
G2,PLXNB1,0.23625279358157503,0.22766574374967244,0.24755712266782773
G2,PRPF8,0.17072645165516748,0.14947390745628805,0.21374717419042583
G2,LAMTOR1,0.3246204051086052,0.3321822303439371,0.35057340613715
G2,QSOX1,-0.06849354266615916,-0.29280179053521854,0.34014904278676406
G2,APEH,0.01893034317556855,0.042681969294753805,0.2183000483013848
G2,LRRC75A,-0.010439379294237848,0.04445402792339903,0.13387114868446057
G2,BAD,0.06049170943165596,0.11584762496377997,0.1559919038461846
G2,CTSA,0.1484676770739446,0.1468957976401779,0.20423944554190301
G2,PIEZO1,0.2685101335947345,0.32117489954270084,0.3624479480596974
G2,SDF2L1,0.08283739905738961,-0.0648709969118729,0.1834644646852502
G2,PLEKHJ1,0.1924000671845113,0.21062851680160877,0.23313203227668444
G2,OAZ1,0.13665001502734223,0.08202063394507651,0.20884146238235804
G2,FCGRT,0.08236606196546178,0.10088353211581742,0.1338603212423007
G2,TRABD,0.11033085003922143,0.038369449564136154,0.21899337644123693
G2,TSPAN17,0.07229545149753391,0.14125017710369078,0.2872862359296941
G2,P4HB,0.1630934704995466,0.1743589534490893,0.30015162776476345
G2,COMT,0.1223308550538763,0.16454130999752042,0.18891212126895982
G2,ISOC2,0.12172791816671492,0.09404183862550893,0.1548450530558116
G2,RER1,0.21612633952676244,0.19069090749273196,0.23341549813461884
G2,TM4SF1,0.02717044582522614,0.07689457277468661,0.42712617912871986
G2,PSMC3,0.023282917254003468,0.09118870985992845,0.09998428244081153
G2,SGTA,0.14585208479630768,0.1371032660060159,0.16617001215774385
G2,CLTC,0.12520911458719766,0.21238685874297275,0.24646422428652145
G2,NDUFV1,0.07181289703598397,0.05593356753253594,0.11217157883340277
G2,DEGS2,0.06114679655437827,0.06702053554613092,0.10154754815038713
G2,TSPAN4,0.05734907609251414,0.05883176466484969,0.13535005872582676
G2,NDUFS7,0.08024218106076056,-0.10725917495861129,0.16226754974083593
G2,PLOD1,0.21220486824019594,0.25057303114314644,0.3097832961446886
G2,FNBP1L,0.46795520321377104,0.4337114455002528,0.48062972149366434
G2,FASTK,0.12800821021328737,0.154893951448562,0.18889880386358246
G2,CNN2,0.16057836805118716,-0.11832944400885553,0.18453986886016743
G2,FUS,0.09045363355775152,0.10509630164891906,0.17366874709529406
G2,TMEM160,0.13547805993448808,0.015118853405493538,0.22232554893849332
G2,TNIP1,0.06244954473620632,-0.039338786430885384,0.10800221250834525
G2,LRP1,-0.09422745399515298,-0.08152388645584152,0.22072001025846133
G2,GPI,0.12150054374535953,0.1463495816482508,0.16481773019295615
G2,SNRNP200,0.1963406432431431,0.25086071720742276,0.2869733120091802
G2,ARHGEF2,0.16605880656169641,0.15299289582751938,0.18080047465001137
G2,GIPC1,0.1419026212153235,0.1406311753643913,0.22202678657278369
G2,CNN3,0.40206937828515926,0.43725768829697836,0.5282196993276278
G2,BRD2,0.06773220162004502,0.09008254885783866,0.1708514919859212
G2,SIL1,0.05394519950739901,-0.17493114910784066,0.19105341276250862
G2,ST14,0.23014507181451002,0.26835565732420513,0.2833692543290842
G2,ATP5G3,0.12407624136028635,0.11822208088456716,0.15499895714495862
G2,FAAP20,0.12571412896152961,0.07417984531984109,0.22997745695799446
G2,ITM2B,0.0598286746194961,0.11242190701330568,0.2126018474930223
G2,AP1M2,0.13411852807109204,0.1364651985243158,0.15456092602395244
G2,KLHDC3,0.03831825504053129,0.1320903829507352,0.1410707530873187
G2,DNAJB1,0.13157550689721162,0.09889993915866044,0.1943866708249376
G2,CSNK1G2,0.13420297382815433,0.13006064079010715,0.1580012192412846
G2,EPN1,0.1576598670660989,0.14383598080171806,0.20448878425699138
G2,S100A10,0.3774639756678594,0.43694501634638916,0.4620552250269087
G2,DCXR,0.006666144035986758,0.05500372277522144,0.20889903863257564
G2,S100A13,-0.08851647274927592,-0.03136168405138466,0.14908145724780159
G2,PRDX6,0.23835529925564336,0.22663439781902317,0.2913385023327518
G2,CTDSP1,0.05678366509424413,-0.03143136001325516,0.17740298457505593
G2,NUDC,0.20149371704350091,0.14736825418765281,0.20520057520185805
G2,LTBP3,0.025829175205777922,-0.0027524358623904747,0.08768423994559425
G2,PTGES3,0.2132301499424822,0.21712111590108854,0.3177302720956135
G2,TAP1,-0.12100179278866269,0.058667655624408226,0.26863695608289767
G2,STAB1,0.08344775642464003,0.09067823845048874,0.1449859084373144
G2,SIGIRR,0.05091604610033167,-0.02711113583610193,0.12394277267567413
G2,UQCRH,0.18941317243406447,0.22887423201416385,0.2727760563437438
G2,LSP1,0.09258366044727806,0.08959767979370684,0.22407667762515304
G2,MMP2,0.13396253996679391,-0.020450388007506738,0.2502714229251277
G2,EIF1,0.13370109286919096,0.14142467532607672,0.15063198867291366
G2,C9orf142,0.049961801849403506,-0.00711279073878158,0.07272437940423991
G2,RHBDD2,0.07357281431387873,0.06902155349380773,0.07967825833318505
G2,BCL7C,-0.06848281532218381,-0.0930707996333245,0.10863943538369489
G2,MCRIP2,0.09692131886988127,0.0904047220396518,0.11120302558535523
G2,DERL3,0.04554598317770562,0.05771417082201709,0.08867689628964434
G2,LIMD2,0.02092602637340518,0.10279063619188203,0.3000650080875143
G2,RNF181,0.17728971048338021,0.1510251666045092,0.21532683912186604
G2,TGFB1,0.17724513345907414,0.0551125406238188,0.1906225191481752
G2,CUTA,0.027226834304390584,-0.11534182521784435,0.1464458582995801
G2,PRMT1,0.12887139055125796,0.14473673205713325,0.16899957973782528
G2,EIF3H,0.19224864381204637,0.23980452714043232,0.24823824206933207
G2,SSBP4,0.061200432637163175,0.06598403330740935,0.10145896233051954
G2,ARSA,0.2482101795096834,0.17783585034287777,0.31800693157001725
G2,ECH1,0.07985361635974178,0.12455844193874611,0.1764136907068738
G2,HLA-F,0.09926104554787299,0.07468284338962565,0.18833602728485502
G2,LONP1,0.005065836860677204,0.003566788195657744,0.1838011778015325
G2,COL4A2,-0.03361189067729985,0.09748050847575333,0.13436513307814774
G2,ATP6V0D1,0.0375633235149331,-0.0420169598713123,0.11832881389034244
G2,PSAP,0.12341107861403923,0.07817528883292778,0.1497889840749492
G2,ATP13A1,0.026553117805542533,-0.015088182363377726,0.08159893322475441
G2,VARS,0.10136792850395628,0.056076335389776966,0.17598644322328102
G2,PGRMC2,0.1326278459037151,0.15934120156776305,0.16480567780004446
G2,GLUL,0.17437285924740922,0.18914063018273664,0.19739604833752625
G2,MKNK2,0.05062504312888418,0.09810673639800938,0.3142544662750437
G2,CYHR1,0.23111110720125255,0.1964068080700285,0.274630239825627
G2,CARHSP1,0.051616870991628094,0.12594595727868368,0.1925839844712013
G2,PMVK,0.15771866270734616,0.17909673372361262,0.2478012554405925
G2,DLGAP4,0.009652984980826054,0.07738022060483736,0.1835501515545443
G2,NDUFB2,0.04404349545171537,0.07254701123977686,0.09510702957355711
G2,TMEM238,0.052198617158798984,-0.12045331062731837,0.13425423403181522
G2,TKT,0.23021466608476543,0.22651536817869078,0.2668958007470473
G2,MAGED2,0.27626559957624075,0.26530144922654525,0.2898970509190613
G2,C17orf62,0.18427879500431796,0.10889051703604967,0.20546369705873863
G2,VPS51,-0.09641639516171245,-0.0741914199186142,0.13231389411654787
G2,THY1,0.057422076393798524,0.0033171516825460817,0.17499964162526654
G2,SAA1,0.26265719047836605,0.2041161458951955,0.31448333983021226
G2,BLOC1S1,-0.012751496550399559,-0.025645074869574378,0.09411257921711855
G2,PARK7,0.11032163912532014,0.09407427136224213,0.14860481004533246
G2,IRAK1,0.12352794552166273,0.14937750555997897,0.1508361873909754
G2,LAMB2,-0.013746127090213254,0.03052669864471452,0.20222605654373602
G2,POLR2J,0.0424851534432988,0.02070671113970521,0.1943015967286684
G2,HNRNPH1,0.3227051612510482,0.34065268651864206,0.3593473505298596
G2,EGFL7,0.06729196478892603,0.026488744408491107,0.09940903249882105
G2,SAT1,0.062279208898905654,0.1158542985556822,0.171473111375649
G2,RNF213,0.10907982484611889,0.10344909431818004,0.1768917213956996
G2,AHNAK,0.055874443283331354,0.150733055213861,0.17033739622359156
G2,NCOR2,0.0432597124949652,0.02824778553603236,0.11718676284381284
G2,IGHA2,0.08987834250785232,0.16668054525819448,0.2655272337509266
G2,SHISA5,0.12752160898083714,0.12080145322997389,0.14629369022550043
G2,RNASET2,0.15253504926150813,0.11569491802933629,0.21049515445319364
G2,DNM2,0.10856079725207242,0.08574311424351874,0.14710186762196842
G2,C8orf59,0.22519255474196717,0.21919709334650445,0.23405664076234753
G2,FAM89B,0.10177918937933848,0.16064964356426473,0.22036422073625306
G2,NAGK,0.1847433330990534,0.21362130021546022,0.2380807289445033
G2,TIMM17B,0.15657502466980233,0.13923669051942483,0.1922780143562941
G2,GAK,0.1713500500409363,0.07212664062341562,0.22499452378274998
G2,MARCKSL1,0.2804378288263393,0.2940693030750631,0.3178079234224585
G2,SCAMP3,0.19350507143771278,0.19846155957780848,0.20698137304387668
G2,RGL2,0.030914138586848015,0.06566949656199873,0.21142441559865427
G2,DAZAP1,0.1508731031642079,0.11465056979562765,0.15900776521541424
G2,LRP10,0.11450759143121503,0.16349799080058608,0.19033591606671804
G2,STRA13,0.06947331914459867,0.07702240086039831,0.13802834896817304
H1,IGHG3,0.19362117633433776,0.3257881346118701,0.4610560910824213
H1,IGHA1,0.6083108421183524,0.607065109193723,0.7349008359703093
H1,S100A9,-0.21002048567391546,0.1947883417747508,0.5343965893281198
H1,CALML5,0.003567089159621923,-0.03620756277339507,0.22900514411813502
H1,IGKC,0.3784312835650455,0.5455183454263025,0.6342076465914509
H1,IGHM,0.108467952951855,0.10105523950147124,0.16465330625740368
H1,IGLC2,0.3697141434299466,0.45821582629528007,0.5433459532756604
H1,S100A8,0.09338096046869436,0.3601146340626493,0.3672413999384274
H1,IGLC3,0.2556484887362753,0.35863317849278764,0.44685841653082436
H1,IGHG4,0.11110425225138276,0.40007312661311994,0.5432346296988503
H1,MUCL1,0.10277353333777715,0.1118007788113802,0.11911249358380349
H1,IGHG1,0.12737412020155936,0.19605485759280167,0.2741001378733306
H1,SLC9A3R1,-0.007421242463127219,0.13597624300319697,0.1667124027456721
H1,FN1,0.12301799993644782,0.356807759718456,0.38363331091629155
H1,AP000769.1,-0.01675910217649045,-0.11865378105812148,0.28557364070669483
H1,MGP,0.28821293678342647,0.4345089048076999,0.45290415269666146
H1,PTPRF,0.2368992160730319,0.328476816645302,0.3561160576812534
H1,ISG15,0.041690776300173156,0.10973782445449319,0.1976748114388637
H1,COL1A2,-0.1629936531932656,-0.17303683015195534,0.22934136890949464
H1,SCGB3A1,0.058157110589363695,-0.09494734969660534,0.3883238123039272
H1,C1QA,0.11930736766243392,0.09508576221757155,0.2869035603042631
H1,PHB,0.14351957841110277,0.1906979185560067,0.2139812634131266
H1,IFI27,0.10527303073174527,-0.2535837566665962,0.28733451715532016
H1,LLGL2,0.04985191492344418,0.193466945276638,0.2160190811904871
H1,TFF3,-0.03700172605505794,0.041730010820055743,0.06963163747901593
H1,PABPC1,0.018020659053167846,0.2781575056686065,0.3128838047204283
H1,COL3A1,-0.1197997215612367,-0.10732846158411885,0.1871443641000585
H1,MIEN1,0.2964882643319141,0.2927562247919736,0.30571486348820154
H1,BEST1,-0.19720610986239812,-0.18667631143475008,0.3024618607587979
H1,TPT1,-0.10627478101633044,0.15840363433373122,0.4346164092576292
H1,FTH1,-0.06350911866903121,0.20823696801706956,0.28686883851201234
H1,MZB1,0.04916640184992953,0.12242942427677686,0.20110932480953747
H1,TAGLN,0.1516680639422903,0.1320818190035264,0.16883871694266972
H1,FASN,0.2649314472472918,0.3408709585028205,0.37723228649897017
H1,HLA-E,0.18432312134397313,0.18058893379377208,0.2019619546134757
H1,LY6E,0.06239671972485784,0.07765313576650185,0.13708247253622308
H1,B2M,0.07665579825787913,-0.13708671473176107,0.36945037638894834
H1,PTMS,-0.07243802024192669,-0.16708943205436988,0.22327577741642582
H1,AEBP1,0.06705206478442,0.04480926362086169,0.12122594478030783
H1,COL1A1,-0.08048609308361723,-0.21952142733409824,0.2987069531894811
H1,S100A14,0.05335523372869434,0.0440113387226229,0.09002348008852962
H1,C3,0.05405006154480131,0.03802341417924203,0.26206512136827137
H1,GRB7,0.23570981890915943,0.24628508357127907,0.28640338412527433
H1,MLLT6,0.3685678989251845,0.3549736754164857,0.38247642740290805
H1,ACTG1,0.26708234391006286,0.42988556270784856,0.4660269066539539
H1,MMP14,-0.17968831726521836,-0.2978233713587795,0.3123339469267689
H1,PNMT,0.0474258879625018,0.0503164058201441,0.09468850804497417
H1,SCD,0.025809183672835308,0.13584048827407538,0.21515928452312652
H1,IGFBP2,0.1539125454854108,0.20586237554197617,0.2809967059472391
H1,TUBA1B,0.2593810511265445,0.36476115368129175,0.39131183075188875
H1,SPARC,-0.1297985217612188,-0.12259710366164002,0.22303849337184478
H1,CLDN3,0.18482318215298318,0.23989045564430378,0.2790274420264785
H1,HLA-DRA,-0.19555926870761264,-0.33768429855443666,0.458813169648615
H1,PCGF2,0.23542983534202783,0.27450789047671775,0.27915972839808906
H1,AZGP1,-0.2375733262222855,-0.20758250449822602,0.3722600882040947
H1,BST2,-0.0811357361034926,-0.01799089739914803,0.13167149466843145
H1,BGN,-0.010339943796641207,-0.13507525025590728,0.25434547474143687
H1,CYBA,0.058131692045239304,0.15709971200635858,0.20240304341858542
H1,IGHG2,0.07392453161543318,-0.016311600839170503,0.1463636690042864
H1,APOC1,0.060057050576456585,-0.08481549568527562,0.15131267863319647
H1,VIM,-0.19583302468847694,-0.10859903801526487,0.3509596388969497
H1,TMED9,-0.0387406646451211,0.08473599754682026,0.19016750536645155
H1,DHCR24,0.07672565037758299,0.11802694294112409,0.1703052498382194
H1,G6PD,0.072617650188277,0.13979321200536388,0.20093218795167342
H1,TYMP,-0.0523866010278941,-0.09595465480121892,0.16763137458567556
H1,DDX5,0.12417051532668916,0.35131868260896476,0.47523382495032085
H1,KRT81,-0.020454841153815465,0.029747607524545656,0.11455096396361887
H1,H2AFJ,0.0006827897629827316,0.02737898654561031,0.18395083746613658
H1,LGALS1,0.1796303074744899,0.1844648450303973,0.23297631056771584
H1,COL6A2,0.030537064854913375,0.005314211854784811,0.12436685691204079
H1,A2M,-0.14919846551739674,-0.21405322472698338,0.35785985137907084
H1,LGALS3BP,0.06026593850338374,0.0011765344680145305,0.08646155254917313
H1,CCT3,0.06993128607189385,0.21520380105444967,0.285942442615068
H1,MRPL27,-0.007070535772867993,0.12341258625606051,0.14138156946872465
H1,ATP5E,-0.08638923502663817,0.1674545400340401,0.2824590665094795
H1,HLA-B,0.13836161928443672,-0.095398025471784,0.2594150059094191
H1,PERP,0.06371849890771643,0.13172167769704948,0.2767338999170285
H1,MYL9,0.09936886158256981,0.19859883842939643,0.213871782076012
H1,NDUFB9,0.05841280757753259,0.06262802375188137,0.12053045083301299
H1,LASP1,0.2072062044478757,0.2530451914793368,0.29686707010714247
H1,VMP1,0.06451044478432799,0.1533464311469956,0.3013263604721508
H1,TAPBP,0.10470503219573545,-0.044418269641727744,0.1765991404060301
H1,COPS9,0.01579528659187725,0.17546830026271834,0.20765964881803672
H1,S100A11,0.21921914227991993,0.27201831756464373,0.3261150700031725
H1,POSTN,-0.14185214061703635,0.3346278532451515,0.35421809944238947
H1,C1QB,0.08750670307308626,0.09192147594303317,0.24834553836024906
H1,CD74,-0.05296244765440901,-0.05281832393134408,0.2272483203667138
H1,ADAM15,0.06237277224872127,-0.023888252117683265,0.09585782062548445
H1,PCSK7,-0.01710754598499196,-0.0009090960257967982,0.14126237678049383
H1,KRT7,0.21754220266525506,0.2497337869977089,0.26029237734348876
H1,FADS2,-0.05731740384144609,0.22427891670166591,0.24148124266624957
H1,SUPT6H,0.03142813730463352,0.01348334325173368,0.09485544050769806
H1,HSP90AB1,0.28221068552854106,0.30488356893498364,0.40662969873646393
H1,COX7C,0.1444785246333226,0.2374354531278693,0.2749578795182307
H1,SF3B5,0.053430013138615416,0.07019951644565309,0.09599660903442864
H1,APOE,0.043795764183639556,-0.08448852286293798,0.16415143620281175
H1,HLA-A,0.11679810169178662,0.05903532253967056,0.17015683764723746
H1,ORMDL3,0.16710830784525782,0.13355758084739167,0.255111577608977
H1,ERBB2,0.5314938732260249,0.5312003540917052,0.555793792268049
H1,MAP3K12,0.10799488309710048,0.082398276995333,0.21339123981926134
H1,EEF2,-0.02949067721138754,0.050252640606805773,0.1894268804389901
H1,ATP5G1,-0.0053631256503914055,0.032919331024951815,0.10658999364068003
H1,KRT18,0.15449121514673908,0.10893450393040698,0.2038996551376974
H1,MUC1,-0.01987374988034235,0.03926156693551118,0.26643592558633955
H1,HSPB1,0.0797823919908935,-0.17942253607576306,0.21637938463509276
H1,EEF1D,0.07542667121557733,0.03845616538551445,0.14171502839162292
H1,LTF,0.10666573320604282,-0.12420514319912229,0.26738530872333033
H1,IGFBP4,0.09038432335855363,0.12007018135219426,0.3181870025589301
H1,IFI6,0.14535265989486731,-0.23491649566690698,0.2659983488164898
H1,ATP6AP1,0.12345996791528335,0.17499893054429952,0.2110811766821491
H1,ATP1A1,0.16735308925617864,0.21299181793386662,0.33393343662029196
H1,SNF8,0.09675256191450864,0.08948727191193578,0.1388251083728819
H1,SDC1,0.2147142835235438,0.33640716031678436,0.36436812614057923
H1,LUM,-0.19532182881154583,-0.06651965186504193,0.21769970238454878
H1,ATG10,-0.14088020813317315,0.051435081456841586,0.30778163316634466
H1,FLNA,-0.028432345361037902,-0.08235986119429857,0.1542678091930588
H1,PSMB3,0.1609715739323312,0.24832409969444214,0.26793010494237895
H1,TIMP1,-0.1369113004281692,-0.13809741725592828,0.2818434613018324
H1,NDUFB7,0.0892133323104822,0.05606024300560959,0.13668843196065017
H1,MYL6,-0.025468213314717006,-0.06624230436208374,0.15269625603870784
H1,GLTSCR2,0.2333741987280123,0.22610893669423704,0.2569303244435261
H1,DBI,0.06039377833562223,0.14113082213094794,0.22972030315998068
H1,PEBP1,0.11497732973405422,0.23941217973545773,0.28763042789064797
H1,FKBP2,-0.016864123372347613,-0.004804787165205662,0.09051811950207796
H1,PSMD3,0.11637261026055509,0.20935015516374642,0.24068116126675831
H1,RNASE1,0.09612827170962485,-0.18975058878135972,0.26441834217884924
H1,JTB,0.14683479838806252,0.26722571354597163,0.2984313635010318
H1,GNAS,0.315153334477399,0.2840835346066893,0.4052035443903099
H1,CD24,0.5112298109852613,0.5347204565353862,0.5690148026300463
H1,RARRES2,0.07997398668390802,0.14502429515027826,0.1880499551491683
H1,PPP1R1B,0.05081028908704148,0.11379127867412422,0.17101477002103346
H1,CLU,0.043581283436467985,-0.02592167259694173,0.06959533887257824
H1,TRAF4,0.15499490704929514,0.16426034868017583,0.17116974011669636
H1,ATP5B,0.21204488435980284,0.26640777036810226,0.32598999988730265
H1,COL18A1,0.07092054382451145,-0.12487019397846798,0.16911760965494402
H1,UQCRQ,0.010312298478682013,0.03582921178734946,0.0844736601688173
H1,C4orf48,-0.009653688852881323,-0.04314645039923971,0.18353800910262555
H1,COX5B,0.047979121272655315,0.01379413827813089,0.11663321892039569
H1,SELM,0.020267944270363072,0.07839783820701905,0.1168526648069634
H1,PGAP3,0.20176678096009595,0.2012806214022901,0.22666330936757173
H1,H3F3B,0.01043281479023867,0.20459459931116777,0.3265847562609383
H1,LGALS3,-0.14127783134376107,-0.058394992331807206,0.3528201069259209
H1,CST3,-0.01590616472637451,0.01296959523391203,0.20231205465608043
H1,CHCHD2,0.1357303860584061,0.24346799492784346,0.283868499565302
H1,CHPF,0.05235190621976591,-0.09152679870702608,0.14015483035758863
H1,NUPR1,0.028819400807768025,-0.10167129326055685,0.17829358032989825
H1,MDK,0.25923331313802644,0.3184283252127832,0.32757420647079155
H1,XBP1,0.39051388407200505,0.3947732827271798,0.44367324362089133
H1,S100A6,-0.10568733574844671,0.013780643669470363,0.21851018129466304
H1,PKM,0.18144792113705316,0.2896073028347448,0.3141107717508928
H1,TXNIP,0.004324594109802308,0.11274519489529353,0.36920921841445437
H1,TMSB4X,0.1394584692239121,0.298107730669918,0.38718306420228027
H1,QARS,0.06009884089891931,-0.02078632781783151,0.14600437066733382
H1,LRRC59,-0.010833756375212722,0.17850040150967342,0.1840437602035445
H1,COX4I1,0.03462046548700297,0.09189087216278669,0.16765736474109635
H1,NBL1,-0.07846778510417281,-0.04950649970157194,0.08209096267015487
H1,FXYD3,0.13456751546554008,-0.003494897799448782,0.24674972005521126
H1,HNRNPA2B1,0.36648761591026147,0.37580826754389307,0.41033281188958465
H1,SPINT2,0.27894656009668106,0.2845994911694652,0.3173183216295034
H1,CTSZ,0.041273341216779794,0.07492687086590277,0.11119152280129889
H1,CCND1,0.09770393781340608,-0.14443297898833718,0.18910455848384758
H1,CISD3,0.016494861156519085,0.08065322654297406,0.134799246565285
H1,DDIT4,0.06202303872770141,0.19763300154324207,0.28946427425172827
H1,UQCRC1,0.08895597449015824,-0.05716901110647287,0.16143848132145636
H1,FUCA2,0.04618997258207995,0.05177725875579147,0.06452702140525335
H1,PLXNB2,0.19965253021096804,0.2634374175073426,0.30374106587857885
H1,KIAA0100,0.13030208592438822,0.18735592268456155,0.23064052883178726
H1,COX6C,0.041335917363894845,0.1705758174462973,0.25814386603253897
H1,COPE,0.014492740208444077,0.03589307586429238,0.047663336384916946
H1,IGFBP7,-0.27455018816986826,0.1827052667391837,0.29872408960521646
H1,HSPA8,0.06500772688738118,0.18379446560702664,0.2168543418037241
H1,NDUFA3,-0.00502321139228219,-0.012792517233226662,0.026009471084390303
H1,COX6B1,0.07917506554059112,0.1107744493814744,0.12158667243278498
H1,PRRC2A,-0.02934582052358654,-0.11623772677393286,0.12258062406607219
H1,PRDX2,-0.002593155039548638,0.049484222878602255,0.15163255850683705
H1,GNB2,0.02523687217322648,0.21769936553704147,0.3207977931424291
H1,ATP5G2,-0.023950339055982924,0.0607190550942398,0.08002684456369548
H1,EIF4G2,0.1281425235358396,0.27192448737223485,0.3307751923438921
H1,SCAND1,0.06481229425766089,-0.07060001557014786,0.11726642375547158
H1,MRPL12,0.08475682530611256,0.09536646686724694,0.1497478021386131
H1,RRBP1,-0.051895015590004305,0.02276412219899223,0.09439624047167779
H1,DCN,-0.05729329630401999,0.03341544890368854,0.34579468248696743
H1,PRSS8,0.18895620819360323,0.21722395783402113,0.23728657727423966
H1,LMAN2,0.17176169247242945,0.17203980866892138,0.20971952364831503
H1,PLEC,-0.038851537889162596,-0.03722658362285812,0.10439530418890532
H1,HLA-DQB1,-0.11094261477326288,0.19367683672097238,0.24856066842989016
H1,SQSTM1,-0.010482780069954086,0.11635325539315719,0.1908026867077968
H1,GRINA,-0.0017475697432058823,0.016685300301880382,0.04841885556080095
H1,TUFM,0.11515749076104358,0.12069399627647737,0.17857130090258402
H1,HLA-DPA1,-0.22770771014153046,-0.180982127977756,0.350279622385626
H1,MZT2B,-0.05418014289827125,-0.14611065686195268,0.15789592186522544
H1,IDH2,0.029998383343655365,0.08564941975925078,0.10998165848359479
H1,TUBB,0.16197676221329485,0.27644536292678273,0.30216107679294907
H1,UBC,0.06461367275124981,0.1870049561329432,0.23300937555738863
H1,ARHGDIA,0.10830238548211484,0.04642261160144355,0.18226355436995287
H1,PSMB4,0.15129826898701695,0.22657850265256327,0.26138167198660955
H1,INTS1,0.14259434590312106,0.19618396605833965,0.1974292040700436
H1,LAPTM5,0.06140741967163185,-0.04022389939624727,0.20005305072835172
H1,STARD3,0.1097037003402041,0.17097611517868164,0.23649283778782107
H1,STARD10,0.06232600475820175,0.09867062800227892,0.10784122680016664
H1,CAPG,0.05722515727613577,-0.13643040094889347,0.1579941553652199
H1,RABAC1,0.016127392583088318,-0.03584303683733877,0.1268096822127966
H1,BCAP31,0.010044692591594954,0.04152194766885209,0.07264870997965757
H1,TCEB2,-0.05645872476866643,-0.0981326333361723,0.1658289597879194
H1,NUCKS1,0.04574286212368096,0.035783143330978096,0.08796530975245188
H1,ECM1,0.0031000449270071344,-0.04456611477677897,0.09870519872668913
H1,NDUFS6,-0.02398884742206683,-0.013195456019478875,0.09499212145713631
H1,CD81,-0.042234243237493176,0.03931773415677131,0.1376961562075777
H1,PRELID1,-0.0003624577508972462,0.16423267217576282,0.17647230268514302
H1,ZBTB7B,0.16872980739403173,0.19146495889732648,0.23623804931270992
H1,SLC25A6,-0.052827229414482556,0.02693714833345679,0.13127905897484451
H1,CXXC5,0.021030238534897,-0.0692489084570396,0.12680556365604853
H1,PTRF,0.15277830048368002,0.15185052479286418,0.16525698662565913
H1,CTTN,0.15689123351292186,0.2575043768443145,0.310233770281332
H1,CAPNS1,0.04007512888373167,0.07114991837689404,0.10262917798990441
H1,LPCAT1,0.34936453319215194,0.3602181684812943,0.3797364337866938
H1,IFITM3,0.11244213271314007,0.0562761320071674,0.2213477781508755
H1,NDRG1,-0.049101100864491355,0.06606343837498,0.20009474632606725
H1,SSR2,-0.05858031590748747,0.03498322879709285,0.10271137913821338
H1,UBL5,-0.04276940001017776,0.15397923580894568,0.1690872390629341
H1,KRT8,0.22291820098611712,0.2634096655840266,0.27822351303543
H1,GSTP1,-0.12094579318442118,0.021386991285909006,0.16778327856572037
H1,VAMP8,-0.02926602185385791,-0.044091363117375965,0.06888100969961702
H1,CIB1,0.11628369219787807,0.1401079150344072,0.24562135455853495
H1,FNBP1L,0.14488488596811647,0.14856412999527996,0.22295777071434186
H1,NACA,0.08937982252868787,0.167644294881435,0.3132409407827623
H1,SAP30BP,0.011783591671531887,0.024636177323273504,0.044124420629711565
H1,SSR4,0.08571393195268202,0.2599305418490015,0.33139022886218317
H1,CD99,0.09531608249388454,0.16633281978149397,0.20951707149369367
H1,RARRES3,0.03722828933554821,-0.009122251832202742,0.26876178676016177
H1,MAPKAPK2,0.05693644999371966,0.2169948556010685,0.26618636058705364
H1,IGLC7,-0.022433992731118596,0.19874613020655085,0.24897723725598184
H1,HLA-C,0.13227990896280423,-0.14148390582323503,0.26332509691821404
H1,CTSB,-0.08427465628279415,0.13817299089435953,0.21644983792293393
H1,PRDX1,0.38706299176218234,0.46212749900230304,0.46945258251228944
H1,TSPAN17,-0.08107447117982296,-0.10065133010461214,0.15359570985286117
H1,ENG,0.11307612578055509,0.05395056041339713,0.17246683911406446
H1,POLR2L,0.0012395069027934448,0.014495533719484194,0.16787550356325417
H1,MYH9,0.13355818813499093,0.28977040100100276,0.3725044274081029
H1,NDUFS5,0.09088606773432407,0.006795237195662473,0.1477425077886982
H1,FLOT2,0.20283247696202333,0.16402383957212,0.2534596684398553
H1,BSG,-0.027644434331972206,-0.0687106529986107,0.12853389739900054
H1,MRPS21,0.1341400480375241,0.22639724126736765,0.33070311498706534
H1,MMACHC,0.27659314514233363,0.37081743751511914,0.3948300203560858
H1,CLTA,0.07171737769814439,0.12374870574579229,0.1980819245934061
H1,C1orf122,0.15139694461635364,0.15898590557079748,0.16511167217062458
H1,ENO1,0.04699419100528268,0.06478576207703012,0.09213412729126322
H1,ROMO1,-0.0085454520074541,0.036841491422338286,0.07107015346019194
H1,SRRM2,0.27990420187046244,0.24217611518621887,0.3832863096682569
H1,HN1,0.010929770963233684,0.21172096027399342,0.24256755368482005
H1,AP2S1,0.041884301904560745,0.06087360626186042,0.12204450129658743
H1,GUK1,0.030744311667426718,0.02686882843075307,0.10740095670268271
H1,SYT12,-0.037451553184539604,0.062003666554877414,0.11006330879171104
H1,SPDEF,0.18067455318762946,0.20899695589995726,0.23777134385658047
H1,NDUFA13,0.03324301147127995,0.06335865264391867,0.13121059203068003
H1,METRN,0.018299093441658563,0.013758975272342265,0.0971079990120408
H1,C12orf57,0.07372398045468968,0.08595827959961025,0.16485120522549107
H1,DPP7,0.05784413439748939,0.022987974096815595,0.11992194706094363
H1,SERPINH1,0.10932832898879291,0.33581547077195173,0.36241176780922246
H1,ITGB4,0.10122325575514461,0.06815805850316987,0.24487347938176376
H1,MVP,0.008867217462171832,-0.044567446254985155,0.07932378015055448
H1,CRIP2,0.18403399145548835,0.1986839864960516,0.22698928210646505
H1,SERINC2,-0.032929999353740705,0.02685770529314911,0.12175870635935562
H1,ATP5I,-0.012854629897361098,0.1109742330582555,0.1506378119374629
H1,GNAI2,-0.0682713872625995,-0.11321523094859974,0.1930096293148129
H1,NME1,0.03332941604262054,0.145753280322829,0.18493563215887462
H1,UBB,-0.06660786998060875,0.13753089895968099,0.22676728068579188
H1,MIDN,0.1941038004664033,0.23499121849281254,0.2469187158291676
H1,FXYD5,0.0892811647530681,-0.051831297238064615,0.20433347399109503
H1,ATP5A1,0.2075212583789123,0.28708889880617977,0.31860037566522137
H1,EIF3K,0.09272818167677102,0.17939698376170743,0.2055181392178953
H1,WDR34,0.06374942651483911,0.03340302921065621,0.24734664031901757
H1,MAP2K2,-0.03227587564775771,-0.07168029508890696,0.12200121059470144
H1,COX8A,0.021883086175635502,-0.053387238264908286,0.1388708821104986
H1,ALDOA,-0.0872546883507683,-0.06705960734949343,0.15390146106075495
H1,FAM20C,-0.03994216287815218,-0.1157960660359409,0.19728813555140212
H1,ATOX1,0.19910183320834726,0.2317419806880402,0.2641203066756854
H1,PTOV1,0.15516823934811486,0.1804587028628204,0.2373749105020524
H1,EVA1B,0.05351946746903378,-0.0035050464996273347,0.11468872913219333
H1,TNFSF10,0.055982138231485505,0.004032408091583957,0.15619305404553238
H1,ETFB,-0.01987286391303645,0.006411249839324346,0.11078407499177365
H1,UQCR10,0.09741210559458485,0.1555892351573041,0.24030508874625647
H1,UQCR11,-0.06567262205188121,0.027945604381281304,0.08825702375804746
H1,TPI1,0.028718804270122533,0.03417314655999185,0.2017486570839731
H1,NNMT,0.10966140628331393,0.09411040737278832,0.15011499331930625
H1,CLDN4,0.28368975119554424,0.253553914567151,0.30488481491233504
H1,ACTN4,0.1452759478151434,0.0791905557726561,0.19001597083675364
H1,JUP,0.12390316314472602,0.20925782200357895,0.27505254013929725
H1,ELOVL1,0.14128870464379287,0.1535637137705626,0.18651220565421195
H1,ZYX,-0.0250814685027083,0.029018090686188085,0.13264912949731958
H1,RHOC,-0.0263292010481492,-0.01799029529802567,0.08502292085353808
H1,SPINT1,0.09653410350498605,0.11375752653412544,0.1363915946295849
H1,PIP4K2B,0.2544993654938462,0.24789590140224513,0.26576076994245706
H1,EIF3G,0.04440672626104477,0.026813779002185997,0.1185540218435814
H1,PSMB7,0.05299925923749891,0.11174023687260513,0.1502312452942511
H1,CNN3,0.045234703711024844,0.08708721420430052,0.11860683049026652
H1,MFSD12,0.13044699536437165,0.2284882301581887,0.23303126750936504
H1,CD68,0.06434295789572171,-0.029312745985432046,0.11382065531393154
H1,ERGIC1,0.13813306951833668,0.16796657764078196,0.2386315051769723
H1,APRT,0.039236112261637396,0.02624485112352321,0.14846694043959013
H1,KDELR1,0.22108452579006313,0.17893253993915645,0.24053407759050432
H1,HM13,0.15962467778546108,0.24377496141751434,0.26786520947957876
H1,CLSTN1,0.05564575650900719,0.1516842442041294,0.21060039259915744
H1,ACP5,0.021775782000071138,0.09469177761464974,0.15671807507658553
H1,HDLBP,0.030675728958961236,0.05508870670860885,0.09324266414860341
H1,VCP,0.1435929268395328,0.15755916802873707,0.2163990556846938
H1,ELF3,0.09740473258440412,0.13026331732823457,0.14517074832458382
H1,PCBP2,-0.0759574411009834,0.18323060050884749,0.2728677211246684
H1,CHCHD10,-0.0897340111276629,0.015054922144040545,0.21230294863464577
H1,SNRPB,0.06658749794067854,0.13437871574829224,0.15866355358429185
H1,SLC2A4RG,0.0914211816936673,0.13356941079471246,0.15993824577806384
H1,NDUFB10,0.020631755578796776,0.06577075781356943,0.12389562089367073
H1,CD52,0.174000829482501,-0.0018698382213367237,0.2847672717841903
H1,EHBP1L1,0.097777338215509,-0.1302347620854327,0.1713844878055426
H1,AP2M1,0.0037860767128912,0.17832491797226302,0.25804401868937626
H1,LAPTM4A,0.12182295650545032,0.27227555611724485,0.34584845847751466
H1,SEPW1,0.13921914443875072,0.1954546749180131,0.22702701608975592
H1,SNRPD2,-0.04556119531767768,0.10897833712032562,0.1361728942448875
H1,PLXND1,0.0009295610615698981,-0.06111754669766769,0.07099336885145252
H1,IER5L,-0.17573541028710166,-0.15553226302355988,0.1848749965196387
H1,TAGLN2,0.0670024492854542,0.1387350897764595,0.1946436738085132
H1,SEC61A1,0.02737304275869991,-0.06148508576110865,0.10850650387270648
H1,HSP90AA1,0.19947551592086754,0.26394187940308844,0.30857836637593156
H1,CLIC1,0.10280024046871389,0.14185285576928694,0.22645351910108089
H1,EIF5A,0.07060368003818614,0.07984184897819474,0.13506080120790925
H1,HSPG2,-0.03945328767184715,-0.14808185748453484,0.22356103778680456
H1,SERPINF1,-0.11356122281448741,-0.045485475772605984,0.23346101166187672
H1,ERGIC3,0.08167512022072752,0.07735142447466214,0.10952929014263411
H1,SMIM22,-0.08857079371243143,-0.06582220166456432,0.11472119501523824
H1,UBE2M,0.23194359163946637,0.2093079705418196,0.2516957406252198
H1,PFKL,0.13714360843890308,0.16497022608085135,0.19281602767054637
H1,CD151,-0.05049521979752851,-0.03533693436307488,0.07149205109209388
H1,MZT2A,-0.046562633068792776,-0.06172137757592968,0.08772346010088491
H1,MMP9,-0.03194291842182132,-0.15952144863287018,0.20024979399205722
H1,NDUFA11,0.025217337614220587,-0.0023924194215560243,0.10661967222305858
H1,PSME2,-0.026931262585340718,0.22750325984140043,0.2617282058092949
H1,TSTD1,-0.038409237935054706,0.012123755408756076,0.22388991912954456
H1,WDR83OS,0.13258909855138626,0.24828039946860425,0.2865841952973623
H1,CIRBP,0.18275901946654885,0.06915646453559435,0.22383843157261965
H1,NENF,0.09141602513568,0.00016263157322918056,0.1321981005347034
H1,TSPO,0.12363616870133189,0.15450787786700534,0.17783767820281185
H1,C19orf70,0.017543917628960185,-0.012141411298913725,0.0522108169603661
H1,HADHA,0.07765736223660735,0.055259102012419244,0.1175548017280789
H1,HLA-DRB1,-0.15233844147715744,-0.17377726752136394,0.33188607025084926
H1,BLVRB,0.051328143622600096,0.031967060193530364,0.17328834694246303
H1,COMP,-0.007492111976227418,-0.11248534260434444,0.1370156638858121
H1,PLOD1,0.025690499098469502,-0.03914206648204953,0.10469260514622607
H1,RALY,0.12003991248469406,0.09140794673068998,0.1516722510547931
H1,PTMA,0.35982419466285614,0.42358877723923827,0.4712425596724205
H1,AP1S1,0.14655135659053614,0.14088697064089253,0.1646896196219522
H1,FDPS,-0.05819661475256477,0.040270803405850236,0.1116377107912433
H1,H1FX,0.05927989494338482,0.12113359494947126,0.2003750710701388
H1,TPM2,0.1107114045691768,0.08947907341991991,0.14033171658628288
H1,GPX1,0.05809234050770864,0.019176753700841404,0.15116415374290226
H1,PSMB1,-0.13804583553490865,0.24107989356791984,0.2814681907838485
H1,CDC37,0.1030485654717873,0.22713393235096546,0.26224511215306995
H1,ECHS1,0.028950717649292627,0.0835108235393665,0.09924198356730778
H1,RAD9A,-0.06053940089022359,-0.0733558709213514,0.10430635078384934
H1,PPDPF,0.028503836614201257,0.0977410053310324,0.10810352725278537
H1,S100A16,0.09565841339374623,0.16892537639851152,0.18041693684638685
H1,KDELR2,0.09672752792255371,0.17341857254673232,0.18867834111061815
H1,ATP6V0B,0.30043803378332573,0.32290451645243623,0.33643174040718926
H1,ARPC1B,-0.08055233515675642,0.09854202784136752,0.20648988137586805
H1,SLC44A2,0.13016045639707863,0.16807935345373107,0.17374159129115566
H1,HSP90B1,0.1968140647351608,0.2575985321686942,0.3432378293608609
H1,LSM7,0.1095748506681131,0.18608462032204184,0.21235465060491726
H1,HMGA1,0.13246785617505913,0.12895044743654563,0.14992958437528975
H1,IER3,0.2349256582882911,0.24423279666101488,0.2537062631177967
H1,ZFP36L1,0.07475603413951987,0.19931566329582776,0.2952788630569659
H1,PFDN5,0.13180439130132052,0.092793475561951,0.16589499059326127
H1,CERS4,0.09702446209783774,0.0690563607299069,0.12316977876142206
H1,MSL1,0.028173501268373514,0.08297232974641865,0.23174241921534874
H1,SLC16A3,0.0880299231098964,-0.05722219592679366,0.12634360738395392
H1,GRN,0.06659199965200986,-0.013106331137382765,0.19717292519410423
H1,CALM2,0.138174150981581,0.20478083660015167,0.2850168063966256
H1,S100A10,0.06015748112406215,0.12372856323952151,0.2134683980951997
H1,ZFP36L2,-0.1719374231836692,-0.14790227225973981,0.40732886296402254
H1,LSM4,0.15104715594942714,0.20518816159000872,0.21720325150946684
H1,ENSA,0.08960266006019414,0.15064273939911638,0.2143444707029186
H1,CYC1,0.015092645688790395,0.03294002041094139,0.138469905230508
H1,PSMD8,0.020078418202056452,0.08380030188643879,0.12617405996228206
H1,CSDE1,0.13300619827736945,0.2953510604392148,0.34474172429213634
H1,PPP1R14B,-0.0010934382574951753,0.15196796879019758,0.1592033471911608
H1,TMUB1,0.03860669002799048,-0.04222296546244022,0.12839500766957182
H1,HES4,0.08700411447189582,0.10346344395874532,0.133969977259486
H1,CENPB,0.037793411010443624,-0.0235986216913237,0.05476504097355921
H1,MYO1C,0.17381571328254508,0.15935282292982147,0.20077506972614442
H1,WARS,0.0265630693032849,0.07550074768651428,0.10101973473150597
H1,FBXW5,0.20520425030584052,0.13015797811250668,0.26249795890290495
H1,DUS1L,0.11805436711575935,0.21658772096622786,0.2461763064636141
H1,EIF4EBP1,0.03955246031563812,-0.05663527896057944,0.1657149408816611
H1,MBOAT7,0.10513428020122856,0.09883427956836228,0.11054088456223381
H1,CLUH,0.0916007390309926,0.11501140020916732,0.15298913734880443
H1,SDF4,-0.0489182274424985,0.08301017163365108,0.17263037938974124
H1,NDUFB11,0.045294702009239476,-0.03951061528672371,0.14603365619529118
H1,NR2F6,0.19962876675277755,0.24758157285948998,0.28311865243857065
H1,CLDN7,0.2387472607649271,0.22391504754145344,0.26019578577383884
H1,GAA,0.03143199449761678,0.1300410914141791,0.16370924031050316
H1,SERHL2,-0.013736183449622177,0.04280065968079654,0.14803883665474188
H1,INF2,0.019994561414844146,0.028189345920507817,0.06569356870813726
H1,PLD3,-0.017557995324278115,-0.0323884129924121,0.07976793862850676
H1,PDXK,-0.011542887175669854,0.036334511832672625,0.18768602836844636
H1,EIF3B,0.1244639851653551,0.14337687764693074,0.15184488373922095
H1,AUP1,0.12775266507596952,0.1575896104296117,0.2299717612549816
H1,MARK2,0.18737057224766965,0.16309264280946728,0.19410578699019987
H1,CD14,0.05246838974041794,0.02524561740590413,0.15239472493493914
H1,NRBP1,0.04625727470311812,-0.06831097475810718,0.11932322229948028
H1,SREBF1,0.11152138476784512,0.09827618230997774,0.1463405116804147
H1,AES,0.12118273155117738,-0.04697346595345316,0.17040229286389286
H1,PTBP1,0.23451078239562492,0.28207825079701143,0.2933045896555758
H1,NECTIN2,0.11004791170988731,0.09997610549182459,0.1281726399667546
H1,MCL1,0.09219259454252728,0.24876099301627494,0.2630031025398039
H1,CFL1,0.038819100337654865,-0.021299652481222633,0.12742737380954205
H1,EZR,0.1932806459414649,0.21250178231051198,0.25085842508300665
H1,TIMM13,0.13555174469483994,0.1166762545801221,0.1544174860248524
H1,NDUFS8,0.09098480677685694,0.07575838059957017,0.12169074405711282
H1,MGST3,-0.03472509387661566,0.02140252376098212,0.13627244350338422
H1,HCFC1R1,-0.009243482104705878,-0.04257012545640156,0.062413978190427245
H1,CREB3,-0.030714169792704964,-0.03648729306697753,0.07750655159619217
H1,CTGF,-0.16356475424711475,-0.16278182317811912,0.20912973316124234
H1,SOX4,0.0986209836232602,0.017380348182393306,0.14759597797322196
H1,PRDX4,-0.03351226285336821,0.055026344101491896,0.1045352558885303
H1,PIP,-0.08593621200897966,0.014476575317571594,0.18370690103751092
H1,EIF4G1,0.030234438226218036,0.08794085622107978,0.12933133659757215
H1,HID1,0.2038196869786457,0.23178885313033085,0.24857523889272315
H1,CCDC85B,0.0500464049424078,0.04152145242153257,0.08901096387964458
H1,CYB561,0.04799070076542936,0.15896858070300987,0.1697971885139311
H1,JUNB,-0.03703972779448304,-0.1025249460914799,0.16545332766695847
H1,SOD1,0.15376903158167962,0.18986436986346453,0.2650829836583301
H1,ACTB,0.16347454507352616,0.2990543116771917,0.4141596576756076
H1,EMILIN1,-0.0042784746559674,0.0036805751784561875,0.06911563341731075
H1,MRPS34,-0.018584202214164895,0.07567805310047472,0.1415953543788089
H1,PSMC5,-0.018069754050296368,0.05460064476036871,0.10280910662952156
H1,ARRDC1,0.06807865065687227,0.12000778622839343,0.16360894814443788
H1,SMARCA4,0.22455696585466037,0.23617893265344256,0.25749677114209796
H1,CHD4,0.13509742043037942,0.19517321087709405,0.26491999069689975
H1,MAN1B1,0.1235924496087606,-0.16606412494669617,0.1814871698258185
H1,PGK1,0.1179738268722601,0.27827505188028595,0.3487954814573618
H1,ZNHIT1,0.06977588212345107,0.03441783221279252,0.12337069816560513
H1,PSMD2,0.11668603655377362,0.18382649510641658,0.19801123333000256
H1,TMED3,0.1511054339350776,0.18347956662275375,0.18573334965335037
H1,DDB1,0.16919713547050488,0.26814345796362943,0.28825140472980626
H1,HINT1,0.03775227180890699,0.1476769199528829,0.21095436592206598
H1,MRPL37,0.06486210274003806,0.06127101774526154,0.09902820687028062
H1,CRACR2B,0.1534308627433396,0.05395933108917501,0.28844187696567747
H1,TMBIM6,-0.021430278913134967,0.07112248175767273,0.1779475027007318
H1,SMARCD2,0.003941443659248757,0.09996521033830733,0.11502754387229762
H1,TRIM28,0.1321011691181262,0.13086605931765916,0.1552735402943854
H1,ATP5J2,0.12680504980538992,0.15254171948248732,0.2031969303291999
H1,LRP1,-0.01745641028300428,-0.026928078434938208,0.31385646233187975
H1,SERPING1,0.02702805197835383,0.05838509749927586,0.37040679317984615
H1,AKAP8L,0.25819561739934244,0.31869046807652424,0.33000109137504996
H1,NME3,0.017993586522752684,0.04040177654471556,0.0975946765686516
H1,ARPC4,0.13419911170734744,0.16410403827163983,0.2143066394740113
H1,POLD2,0.03401794645361026,0.002252405883543706,0.1583752817084538
H1,RHOA,0.015262208096711014,0.22327607413934963,0.2694334475450745
H1,AURKAIP1,0.031417345417035294,0.027085435822990604,0.12648398733909821
H1,APP,0.20173397400398546,0.13777483250450953,0.26809754277542064
H1,LMNA,-0.04449518755876318,-0.046202870240574394,0.11966395029843242
H1,IRF7,0.132580627434092,-0.06424424271439863,0.14667569400682628
H1,PDIA4,0.21292351083386424,0.2810354118104043,0.3123502675084147
H1,YIPF2,0.13067664214689453,0.19998962182016802,0.21221437043987743
H1,AKR1A1,0.15335082230684988,0.13015319207404516,0.17708072520304027
H1,LAMTOR1,0.07016127241292426,0.16532265503319693,0.22454601093877113
H1,AKT1,0.2521850673890144,0.28211469732498007,0.32636613810843423
H1,DUSP23,0.10653254039108537,0.10930340986993109,0.24141069740935864
H1,RNPEPL1,0.041009741787339966,0.005183253380850456,0.07979834495924969
H1,ACADVL,0.10268603890166565,0.13674673937166176,0.23211076847753642
H1,GAS6,0.08050045962366435,-0.039204175577899146,0.30026577172078567
H1,TMEM9,0.18746133223317865,0.1834615709186473,0.19488987807938687
H1,FAU,0.12441748117780338,0.16887422840568767,0.1965108718697883
H1,PRKCSH,0.23311721635357907,0.2397806730885427,0.290049624759647
H1,STUB1,0.21187853666906023,0.20631701619748025,0.246098025326089
H1,LAMTOR2,0.10293468946479932,0.11622412908799519,0.12431324579916543
H1,PCOLCE,0.1145367299482112,0.033177353043412,0.14927019073303605
H1,CHMP1A,0.06538594289564437,0.15358471793216547,0.1658347734316326
H1,ARHGDIB,0.028852997719385983,-0.17141393557419232,0.31015211534946696
H1,DBN1,-0.16024932390031732,-0.19238604981309052,0.23701862011816377
H1,PGLS,0.05422690794585619,0.03163432437526731,0.08580361515013395
H1,PRDX5,0.06852469812813619,0.049434782805818894,0.10962275078288301
H1,COLGALT1,0.06183960508774891,0.09280951169992598,0.12510851897433706
H1,NDUFA4,0.02700671090465254,0.10409280031085669,0.1550313264371035
H1,C14orf2,0.1522221778964498,0.24040758322230266,0.2821458640275894
H1,ANGPTL4,0.11512199039822446,0.04582757090149714,0.15475643109958048
H1,TM4SF1,0.259373538850261,0.25227608442125277,0.27613220458072146
H1,PHB2,0.07886331599155086,0.16996273306151258,0.20780626812903713
H1,SYMPK,0.13546825498389492,0.14927206926436914,0.18316863129982638
H1,THY1,-0.06877470284795194,-0.10877861880434096,0.29520129099859554
H1,MMP2,-0.014272804589677297,-0.03233439169024899,0.24425325818383858
H1,CAPZB,0.03537412918938604,0.07699418805078528,0.16489076736838135
H1,EPHB4,0.07286135291468805,0.25193385446897243,0.27943031736868934
H1,GADD45GIP1,0.05243935028095237,-0.048669703061879815,0.14268774898584682
H1,ATP5J,0.16332288517165847,0.18885481495624198,0.2763592702739655
H1,PPP2R1A,0.1426792284414323,0.22599429777177818,0.26324385635053515
H1,PSMB8,0.08860903040224928,0.01584107398557108,0.1648333992458964
H1,OST4,-0.036010079111008286,0.028025251774983776,0.11443181927417079
H1,LAMTOR4,0.09811294714037809,0.07498736159957538,0.13582023792615447
H1,CCL5,-0.009696295474977185,-0.07837898678131433,0.29708406839050183
H1,C1R,0.024698733631929017,-0.022346639789814656,0.2580948397256921
H1,NDUFA10,0.1183597942930173,0.18023911150256736,0.20780666814678278
H1,TMEM219,0.025520194127182098,0.029985542322440693,0.09756772633552747
H1,MRPL28,-0.06859400413266177,0.032729922239045126,0.0981483728996891
H1,NPDC1,0.1297701842035134,0.13348131589347936,0.17649904186714988
H1,MLST8,0.09606657016554514,0.0958323155991023,0.13516999405709512
H1,PPIB,-0.060746207525891216,-0.015871297281026573,0.11152044656197922
H1,CTSD,0.10795432335797012,0.19081245647261716,0.20923758747181778
H1,CTSA,0.09753312304526192,0.14412114293657052,0.18479260737376163
H1,MVD,0.06532786001658628,0.0536979865751386,0.09126800594700427
H1,SSU72,0.053396467228283236,0.11935586451466267,0.13539882639479062
H1,CCT7,0.04490122962262751,0.12196018371874322,0.13752372573442279
H1,GM2A,-0.039725516296853565,0.09529122913680631,0.13182462261842692
H1,ERBB3,0.11358021284440932,0.09686535662045649,0.118560846570085
H1,NINJ1,0.031435283659549215,0.06221109552262123,0.10596913449269628
H1,MRPL55,0.10170247985422538,0.17420495485643214,0.20954838179325627
H1,EDF1,0.0022876805457851365,0.04558727391919545,0.06893439583012126
H1,SNX17,0.07836520890952792,0.0480328165112065,0.10245403317828616
H1,SPTBN1,0.023761176337382013,0.008966731605966569,0.25129995357912244
H1,LYZ,-0.13739643048641215,0.20849368415287606,0.33752867807124404
H1,ALKBH7,0.07104347640606677,0.09532432013933705,0.17850464334645055
H1,ASS1,0.0029479118914269736,-0.11482317259499497,0.18579179437560575
H1,JSRP1,0.009671192497287665,0.038605546230246694,0.07017373092526955
H1,S100A4,-0.02495137987608387,-0.053738778555206375,0.16225589955720207
H1,HTRA1,-0.12110923198365882,-0.058905382853543714,0.2257426241275029
H1,HLA-DPB1,-0.10445977838781567,-0.071722258180454,0.1510212032645936
H1,NUMA1,0.17524053700703246,0.20973446287711814,0.23682445700113583
H1,CHMP2A,0.02488243832407146,0.09232310707907475,0.12317728079041741
H1,TMEM132A,0.22705095675493256,0.22044484541728918,0.24483660475495944
H1,MGAT1,0.15982119858760288,-0.13447178183131175,0.21439216409366793
H1,SH3BGRL3,0.06316934211961374,-0.1198352429386126,0.23240993546946265
H1,YIF1A,-0.03292925732410254,0.10390015503731283,0.11886035008322716
H1,RNF187,0.0691739216701668,0.10161334143583695,0.14435754500843478
H1,FAM50A,0.11075427263710841,0.14858919460117195,0.16553390418741237
H1,RABL6,0.10343226701564093,0.1009001455969925,0.13268828021659482
H1,BUD31,0.0659195995225783,0.09295098208096497,0.12041210569267367
H1,HLA-DMA,0.053819036044370244,0.06172086228866184,0.17833918274743704
H1,MFGE8,-0.03644950434245298,-0.07672831537698699,0.20262173631948682
H1,RAB1B,0.07361731989374919,0.11248184064995977,0.13769153837202913
H1,ECI1,0.04606097877476193,0.014980661149787583,0.09120257168369648
H1,H1F0,0.08283403787347784,0.1588207880541802,0.2986167241964207
H1,MRPL24,0.05885026133128425,0.18025389348416931,0.18838085736380028
H1,CLPTM1,-0.06169750629172677,0.15497572606931473,0.1755903984803457
H1,C19orf53,0.06005695882640505,0.05786262211784953,0.10289516912917765
H1,MBD3,0.055294041456825614,0.13036455839060768,0.14799112809035603
H1,ANAPC11,0.08598116387374694,0.17049833017592655,0.17219639125194092
H1,HSBP1,0.19518659549153367,0.19219048667487326,0.20743599941368052
H1,CCDC152,-0.30020939542381575,0.039617682135616165,0.30799885049352455
H1,MLF2,0.2823217854866115,0.2893473442772844,0.33058006771608034
H1,C7orf50,0.05637645374501841,0.06448604866188011,0.11248270077671013
H1,VWF,0.006675583070722296,0.007466412601608115,0.1936569149179843
H1,NBEAL2,0.12545692143225304,0.1511719267175298,0.21454401417367308
H1,UBA1,0.165182542820684,0.18433855274490135,0.24909084744377366
H1,LTBP3,-0.07422555098781644,0.018563251786290945,0.12804658537970334
H1,RER1,-0.005460353875979219,0.15277664544403807,0.27237278758107125
H1,PODXL2,0.03439350710358849,0.15127048741236937,0.16586730391770055
H1,HNRNPAB,0.31261096925450976,0.32824789301963975,0.35106868165879446
H1,MRPL41,0.0026135829209697936,-0.02304375377505318,0.080268718324449
H1,SYNGR2,0.26760288972365326,0.24054146730028006,0.28488956235186613
H1,CNN2,0.04985376524430618,-0.15599286362025339,0.21248503813713354
H1,B4GALT2,0.23668806151132324,0.2739314485372355,0.2889064891826477
H1,STAT2,0.18552177896040492,0.13316869451094038,0.26688233697652075
H1,APOD,0.14675961303936325,-0.1627242177571828,0.4456433559958646
H1,COL4A2,-0.10076607615280399,-0.18528215173551202,0.20298495295283622
H1,CLCN7,0.11868144678520853,0.1606877217477398,0.16843804123967032
H1,CSTB,0.08983659830821028,0.10971284365073627,0.20294713025915095
H1,MXRA8,0.017850788346361036,0.07666100002654928,0.12174941918094109
H1,MAF1,-0.011976973141429181,0.027091139910731147,0.09034584269948312
H1,LRRC75A,-0.012689149651391783,0.05241017910463277,0.15453339234522506
H1,C1QC,-0.0001755323589892726,0.0293133004540158,0.200747766049358
H1,ARFGAP1,0.19669424348836512,0.2098201904193707,0.2175302195047502
H1,JCHAIN,0.2845597498675142,0.08572004458376413,0.4599233346855694
H1,COMT,0.16405000158727706,0.19184040443265638,0.20440445123573606
H1,VPS28,0.04485723574064477,0.043309001758614324,0.1066989230651962
H1,EGFL7,-0.011202676929813707,-0.08484198328944147,0.1727012940188074
H1,GCHFR,0.02526961822167241,0.01403579721133604,0.04973264890146214
H1,CTBP1,0.10955200631773747,0.2367154535623881,0.3052597378840765
H1,ITM2B,-0.05052531133810217,0.13018403722632654,0.32923194559356195
H1,ST14,0.04101201813996869,0.12812480621065847,0.14013588046939068
H1,CYHR1,0.09234389493001094,0.10172095566325579,0.15736222753182227
H1,EVL,-0.03956429556725767,-0.20410477009027553,0.2508815280554297
H1,FBL,0.14798604635669282,0.14731823733442817,0.19819585534280115
H1,MYDGF,0.09263508698300255,0.09534346783691852,0.12973119022212837
H1,PIEZO1,0.2668902599571745,0.3850364486649936,0.4326308801673923
H1,CD63,0.022132387485454943,-0.08621315948550569,0.1414640957877703
H1,SAT1,0.079587361579805,-0.2409951775472634,0.2617355325974835
H1,ATP5D,-0.0014819710023895479,-0.1272435096440378,0.1578764735979647
H1,PTGDS,0.1443321026046644,0.05813977000232178,0.23359823059594184
H1,MAZ,0.1624013871923756,0.17634657970778522,0.20123014705884884
H1,CLTC,0.0073011079908125815,0.2059645147889315,0.26556653335807406
H1,UBXN6,0.13574455906305724,-0.033426628749561114,0.16183844964236616
H1,NAGK,0.11931600794363036,0.14075747743940645,0.21279057578844898
H1,CAP1,0.14229747657904687,0.1900714051219334,0.22009273954762848
H1,PYCR1,0.08279972309006256,0.1520765470530943,0.1981559396301882
H1,ISOC2,0.06396977984224889,0.11299523426367047,0.12597447816174545
H1,PRDX6,-0.03835054782581186,0.1331771881157122,0.18537898478682674
H1,SEPT9,0.20321243023408858,0.23282931751694463,0.2990732464848818
H1,PITX1,0.12476423961137395,0.0927762100176435,0.15180452092615593
H1,DNAJB1,0.10947349416059295,0.12651680434506204,0.1778416084984721
H1,EIF3H,-0.0019994979953901395,0.04015101994070245,0.09409644029805499
H1,GIPC1,0.15344451909640364,0.22011424633577037,0.22916271352977885
H1,UQCRH,0.14839199536678377,0.202692841746031,0.23201326396919938
H1,PTGES3,0.18423388667740884,0.26916508430644315,0.3284625956414505
H1,COX7A2,-0.005268409969806557,0.11106293174787576,0.16178980983907265
H1,ATP5G3,-0.06075043964585338,0.03331711093891274,0.19597018759617288
H1,NELFB,0.11988171120657704,0.12520630732923377,0.1569884463562527
H1,EIF1,-0.12311611360422511,0.08855654649287603,0.2823644501995265
H1,TSPAN4,-0.038771894363695915,-0.03366488745841376,0.14156104645447562
H1,GLUL,-0.06739613972357264,0.06053588717516796,0.20964069691038342
H1,CARM1,0.04723041824819874,0.12438945399981323,0.1791979769806437
H1,TCF25,0.1331241456955933,-0.12452736968319786,0.1741357859908861
H1,CD46,0.10238195664195329,0.09161984351873727,0.3006943972652997
H1,SEC16A,0.33331338810220906,0.4214869962677368,0.44548460491436614
H1,UBALD2,0.06667786642141857,0.14294871293862982,0.1787962690907015
H1,BAD,0.04508128583933411,0.10720006313403013,0.12365633650669774
H1,PPP1CA,0.07875341341168497,-0.11541528523837681,0.1496384418444991
H1,MMP11,-0.2019173655182841,0.2184599205411079,0.3438944884526383
H1,MAGED2,0.23281772997822395,0.24080543738860438,0.2834153076320675
H1,MCM7,0.3292299358412237,0.3774840268245191,0.39539780074745723
H1,PKN1,0.034816825864820114,-0.08153959402365912,0.11685286022772053
H1,C8orf59,0.18860917685445777,0.18515917768788598,0.2345493405252902
H1,TAP1,-0.08011716854295159,-0.1383546976103039,0.19080897639907995
H1,GPI,0.07210237136157018,0.10697829576239898,0.16425097754269036
H1,ARHGEF2,0.23425987320024724,0.24327689853490206,0.27451564463518546
H1,NDUFB2,0.08308874967534932,0.1539812598894256,0.19682755098296553
H1,SDF2L1,-0.012629519711946594,-0.00238797818584643,0.04797974339521035
H1,FASTK,0.11561192154946072,0.13817534806794227,0.21302156641873699
H1,EIF6,0.1509178333578787,0.17627465745893997,0.2305559294979235
H1,ANKRD13D,0.2183384998406457,0.2590018020475401,0.2963278409739084
H1,GPX4,-0.11744378460699817,-0.11063542097320804,0.13068969287636403
H1,BRD2,0.1428865093003921,0.21951116606057308,0.3101324192306107
H1,PRPF19,0.12993978158375247,0.1417880664734795,0.1607461794556012
H1,SIVA1,0.2728336757258694,0.29867206105936983,0.3031832764336562
H1,TALDO1,0.1044754756877818,0.149495776822005,0.17099907617090107
H1,DEGS2,0.042036113576397936,0.1868346766009744,0.21958264317590678
H1,FAAP20,0.029236152825073893,0.014833491620175651,0.13204191981211766
H1,SNRNP200,0.07603608222977873,0.09772974657786428,0.16724500386623903
H1,HLA-F,-0.040726242078854426,-0.11137582662603479,0.22108285440572611
H1,MT2A,0.2593974838718174,0.2754506545517269,0.2946025951424604
H1,TYROBP,0.011242953661442944,-0.07952620800163393,0.14132470573573866
H1,ANXA2,-0.0580689122428155,0.06088239981579558,0.11971416712689843
H1,RAD23A,-0.039237013661818525,0.06407497328396802,0.07268981963893867
H1,ECH1,-0.00949359185778634,0.00532699277875663,0.083632224584299
H1,FUS,0.09989923915825631,0.17551178821562613,0.22974863810933405
H1,PDIA6,0.24619940533612386,0.260395527275118,0.31652145002050613
H1,SEPN1,0.02583624203000958,0.05062869486808465,0.1583525736987514
H1,AGPAT2,0.12834691940676402,0.14032465405765324,0.18227346730800373
H1,PTPA,0.18213725593265565,0.23057032717560394,0.2504950027345656
H1,SEC61G,0.1374076515412362,0.19049651611989904,0.23639622684630643
H1,BCL7C,0.003852529972623285,0.12918792427220005,0.15552556202923423
H1,MKNK2,0.13883945361591687,0.16648850615569277,0.21196467319902978
H1,FTL,0.009156322110948786,0.08371859399842514,0.2737238911008147
H1,MARCKSL1,0.19412954505277838,0.20591461849579765,0.2709025792540988
H1,PLEKHJ1,0.11145530872573894,0.08619604515700502,0.14708689243108886
H1,ASNA1,0.06664872418311475,0.0582279844331208,0.0782173205215526
H1,NUDC,0.0548611555925725,0.024518386273560292,0.09870400465420641
H1,NCLN,0.09487192588097568,0.1058401865831137,0.12845028223199023
H1,RANGAP1,0.08913914119214922,0.04274626993571517,0.11529584890678783
H1,TGFB1,0.0229348268775813,-0.06653557788013525,0.16684853905302235
H1,SIL1,-0.057688619184428844,0.023431687577109277,0.07528452314443891
H1,JUND,0.21781392293909738,0.25339512964442806,0.2953872148870848
H1,AHNAK,0.03523686617746597,-0.00883425219180131,0.20847059943456975
H1,HNRNPH1,0.19077499929632383,0.38947781930647124,0.4648544771696498
H1,MCRIP2,0.09711975155951588,0.03281960860096111,0.14068377886713795
H1,USMG5,0.05646565022588287,0.10339681252954108,0.15238569402802532
H1,SHC1,-0.02524454722747327,0.11846461767302123,0.17135278545576502
H1,NOSIP,0.007523868702914828,-0.014820961951998966,0.05472889730062054
H1,QSOX1,0.128894708405567,0.11433711223389717,0.20785378450615954
H1,ARSA,0.041790251427089226,0.0635456432199959,0.13500646921461093
H1,PHPT1,0.043503505747497,0.054991583582631606,0.14207482948854194
H1,HMG20B,0.12898059400838058,0.14418863093268278,0.15549411160053642
H1,NDUFA1,0.020284688109663607,0.11489985586978388,0.14490463295336134
H1,DCXR,0.06969971144852652,0.040987725624163314,0.1336645521173263
H1,SNRNP70,0.18934761440433973,0.1608296814832689,0.22373339441512458
H1,SLC39A1,0.14198397423703094,0.19570493181049728,0.25708331434869613
H1,MAGED1,0.27763316005628574,0.2817561239342131,0.29607912721318885
H1,TRABD,0.15391637391438698,0.13256582224748314,0.2497347237739294
H1,TNFRSF12A,0.0008370886660745524,-0.020349978173323017,0.10372733135901745
H1,TSTA3,0.034142196487443634,0.06210556881557131,0.07168723170239337
H1,RSL1D1,0.04232002084759854,-0.06919705246325765,0.09350530917540133
H1,EMP3,0.1247855270081752,0.05236550430742227,0.18555312979752026
H1,SCAMP3,0.03682568571212681,0.059191281311227105,0.06833790845365557
H1,PHLDA3,0.058105890711207836,-0.04862669208267184,0.08975197387536682
H1,TUBB4B,0.13310223699213783,0.13968806728559044,0.17360022460737032
H1,RNF213,-0.028168098881793592,0.12084790341186998,0.23257962669795704
H1,NT5DC2,0.005766954491068461,0.10016911558120808,0.16391578202841278
H1,TRAP1,-0.061764670804445,0.11003961712634289,0.17943450060337093
H1,AKT1S1,0.016994177248918645,0.02797896687569887,0.18598922912687868
H1,LUC7L3,-0.16849647299571646,0.07363962219097821,0.3125778369856705
H1,SLC25A1,0.13253058450093985,0.11740760686188527,0.1409488458234347
H1,DNAJB2,-0.007594937052544437,0.0225074269768413,0.07334441436098123
H1,PSME1,-0.07621086265716245,0.10728948418630281,0.21257197511930126
H1,DUSP4,0.3870477365225681,0.3955450975244967,0.424929109796726
H1,NAP1L4,0.15975140740263175,0.16676848412761283,0.19990499618105276
H1,RHBDD2,0.10728047836887371,0.08035342303763979,0.1310419486942703
H1,TM7SF2,0.027002251432179915,0.06388976354584566,0.0736946958578039
H1,TMEM160,0.020213766857030583,-0.029571872669662363,0.09877959825210177
H1,PGRMC2,0.013387865581212305,0.08505881926016974,0.10698833397007208
H1,EPN1,0.08674189706134498,0.09532027967734437,0.12375255604651735
H1,CTDSP1,0.038667932866170575,-0.04651254707224792,0.09565422961063819
H1,NDUFV1,0.061871626909752855,-0.012145034228992987,0.10771987534790381
H1,AGR2,0.06643508960412116,0.05943290879276399,0.11886742899937944
H1,LRP10,-0.0926313321942233,0.04082646191290833,0.14992819161576448
H1,TACSTD2,0.2801028370263266,0.2518338173868648,0.3373344690738267
H1,HDGF,0.13355969408525267,0.1835284574269984,0.1875625876123224
H1,RAB5C,0.07379379832323123,0.11675739726998179,0.16337228752613367
H1,TXN,0.0019615083609496927,0.13183426601901882,0.19524198570786344
H1,SDC4,0.24842147708158333,0.2638651121068195,0.2823481477496525
H1,DNM2,-0.01878985814635736,0.22591264036220765,0.3226478487386917
H1,TMEM238,0.0031135377570512494,0.004313183730820605,0.055253759610455484
H1,FBLN1,-0.06044819020714628,-0.04178806020015173,0.09187013234989916
H1,TMEM208,0.03651314607955556,0.050890291327623856,0.09476383110093309
H1,OAZ1,0.09870520003818464,0.11456702646682036,0.16294806781447674
H1,SSBP4,-0.007394234437025331,0.0389973942803164,0.18617806674483006
H1,RNASET2,-0.009552505923259173,0.1138631777115567,0.2135649576359452
H1,COL6A1,-0.11359623430898534,-0.1315634905471479,0.19967501470681862
H1,S100A13,-0.054512969799763535,0.06711239117824572,0.09712366041807817
H1,ATP6V1C2,0.2653738749432391,0.31025063691298604,0.32192239129026656
H1,NCOR2,0.07717195534211005,0.19622243976662887,0.26336389552638445
H1,CARHSP1,0.18063040333798966,0.19810787678414235,0.2011858368616139
H1,AP1M2,0.13823698309159702,0.12713744799537524,0.14582149303272465
H1,ATP6V0D1,0.09844084402359449,-0.02311521048075683,0.13480607432015604
H1,TMC6,0.10373264804745039,0.07677053339188586,0.24531231297807615
H1,PSMC3,0.06460269821808158,0.05404951074749266,0.1571721872486407
H1,STRA13,0.11958466484896295,0.1353502582888867,0.15321044643898915
H1,ADRM1,-0.02136383289742733,0.2400372598845513,0.24815283965517523
H1,PLXNB1,0.2556371529157955,0.22137715041380804,0.30048915518402536
H1,CALM3,0.0660235248223697,0.14899253894097,0.21834953715756827
H1,MLPH,0.057145217719186514,0.08358466793932177,0.10984914602027493
H1,ITGB6,0.3768622226363494,0.4085455893499164,0.4412861206829708
H1,RUNX1,0.0017676514401865097,0.02824884940207212,0.22748441040413714
H1,AP2B1,-0.009047499009343695,0.043348930139411025,0.10354670650128249
H1,MAP7D1,0.08853023508021217,0.11050150734611539,0.1988224225568237
H1,TXNL4A,0.15504120623799195,0.17277966875592504,0.24282432043369648
H1,LAMP1,0.023219095719075936,0.22776558318877294,0.2550143406447369
H1,STOML2,0.1058190231313813,0.14003135406404546,0.18431407789206095
H1,TRABD2A,0.00024774370869149,0.07104279827130927,0.0927493487683399
H1,C17orf62,0.14101153788672516,0.13593186682911929,0.18832118783552007
H1,NCL,0.15595763536243198,0.24411532629097935,0.28105614458038614
